%time,field.header.seq,field.header.stamp,field.header.frame_id,field.name0,field.name1,field.name2,field.name3,field.name4,field.name5,field.position0,field.position1,field.position2,field.position3,field.position4,field.position5,field.velocity0,field.velocity1,field.velocity2,field.velocity3,field.velocity4,field.velocity5,field.effort0,field.effort1,field.effort2,field.effort3,field.effort4,field.effort5
1761396909632272889,17014,1761396909631332816,,joint1,joint2,joint3,joint4,joint5,joint6,-0.00031403140746988356,-0.19676966965198517,-0.032783277332782745,-0.012875287793576717,-0.2141014039516449,0.835951566696167,0.0,0.0,0.0,0.0,0.0,0.0,0.0,0.0,0.0,0.0,0.0,0.0
1761396909652195183,17015,1761396909651383271,,joint1,joint2,joint3,joint4,joint5,joint6,-0.00031403140746988356,-0.19676966965198517,-0.032783277332782745,-0.012875287793576717,-0.2141014039516449,0.835951566696167,0.0,0.0,0.0,0.0,0.0,0.0,0.0,0.0,0.0,0.0,0.0,0.0
1761396909672360003,17016,1761396909671368551,,joint1,joint2,joint3,joint4,joint5,joint6,-0.00031403140746988356,-0.19676966965198517,-0.032783277332782745,-0.012875287793576717,-0.2141014039516449,0.835951566696167,0.0,0.0,0.0,0.0,0.0,0.0,0.0,0.0,0.0,0.0,0.0,0.0
1761396909691946013,17017,1761396909691384919,,joint1,joint2,joint3,joint4,joint5,joint6,-0.00031403140746988356,-0.19676966965198517,-0.032783277332782745,-0.012875287793576717,-0.2141014039516449,0.835951566696167,0.0,0.0,0.0,0.0,0.0,0.0,0.0,0.0,0.0,0.0,0.0,0.0
1761396909711865459,17018,1761396909711334945,,joint1,joint2,joint3,joint4,joint5,joint6,-0.00031403140746988356,-0.19676966965198517,-0.032783277332782745,-0.012875287793576717,-0.2141014039516449,0.835951566696167,0.0,0.0,0.0,0.0,0.0,0.0,0.0,0.0,0.0,0.0,0.0,0.0
1761396909731895186,17019,1761396909731383868,,joint1,joint2,joint3,joint4,joint5,joint6,-0.00031403140746988356,-0.19676966965198517,-0.032783277332782745,-0.012875287793576717,-0.2141014039516449,0.835951566696167,0.0,0.0,0.0,0.0,0.0,0.0,0.0,0.0,0.0,0.0,0.0,0.0
1761396909752250728,17020,1761396909751390958,,joint1,joint2,joint3,joint4,joint5,joint6,-0.00031403140746988356,-0.19676966965198517,-0.032783277332782745,-0.012875287793576717,-0.2141014039516449,0.835951566696167,0.0,0.0,0.0,0.0,0.0,0.0,0.0,0.0,0.0,0.0,0.0,0.0
1761396909772330323,17021,1761396909771335685,,joint1,joint2,joint3,joint4,joint5,joint6,-0.00031403140746988356,-0.19676966965198517,-0.032783277332782745,-0.012875287793576717,-0.2141014039516449,0.835951566696167,0.0,0.0,0.0,0.0,0.0,0.0,0.0,0.0,0.0,0.0,0.0,0.0
1761396909792387616,17022,1761396909791400141,,joint1,joint2,joint3,joint4,joint5,joint6,-0.00031403140746988356,-0.19676966965198517,-0.032783277332782745,-0.012875287793576717,-0.2141014039516449,0.835951566696167,0.0,0.0,0.0,0.0,0.0,0.0,0.0,0.0,0.0,0.0,0.0,0.0
1761396909811884980,17023,1761396909811326586,,joint1,joint2,joint3,joint4,joint5,joint6,-0.00031403140746988356,-0.19676966965198517,-0.032783277332782745,-0.012875287793576717,-0.2141014039516449,0.835951566696167,0.0,0.0,0.0,0.0,0.0,0.0,0.0,0.0,0.0,0.0,0.0,0.0
1761396909832035614,17024,1761396909831385852,,joint1,joint2,joint3,joint4,joint5,joint6,-0.00031403140746988356,-0.19676966965198517,-0.032783277332782745,-0.012875287793576717,-0.2141014039516449,0.835951566696167,0.0,0.0,0.0,0.0,0.0,0.0,0.0,0.0,0.0,0.0,0.0,0.0
1761396909852343095,17025,1761396909851369425,,joint1,joint2,joint3,joint4,joint5,joint6,-0.00031403140746988356,-0.19676966965198517,-0.032783277332782745,-0.012875287793576717,-0.2141014039516449,0.835951566696167,0.0,0.0,0.0,0.0,0.0,0.0,0.0,0.0,0.0,0.0,0.0,0.0
1761396909872176714,17026,1761396909871384165,,joint1,joint2,joint3,joint4,joint5,joint6,-0.00031403140746988356,-0.19676966965198517,-0.032783277332782745,-0.012875287793576717,-0.2141014039516449,0.835951566696167,0.0,0.0,0.0,0.0,0.0,0.0,0.0,0.0,0.0,0.0,0.0,0.0
1761396909892468768,17027,1761396909891398775,,joint1,joint2,joint3,joint4,joint5,joint6,-0.00031403140746988356,-0.19676966965198517,-0.032783277332782745,-0.012875287793576717,-0.2141014039516449,0.835951566696167,0.0,0.0,0.0,0.0,0.0,0.0,0.0,0.0,0.0,0.0,0.0,0.0
1761396909911890852,17028,1761396909911341259,,joint1,joint2,joint3,joint4,joint5,joint6,-0.00031403140746988356,-0.19676966965198517,-0.032783277332782745,-0.012875287793576717,-0.2141014039516449,0.835951566696167,0.0,0.0,0.0,0.0,0.0,0.0,0.0,0.0,0.0,0.0,0.0,0.0
1761396909931850609,17029,1761396909931373323,,joint1,joint2,joint3,joint4,joint5,joint6,-0.00031403140746988356,-0.19676966965198517,-0.032783277332782745,-0.012875287793576717,-0.2141014039516449,0.835951566696167,0.0,0.0,0.0,0.0,0.0,0.0,0.0,0.0,0.0,0.0,0.0,0.0
1761396909951734136,17030,1761396909951374829,,joint1,joint2,joint3,joint4,joint5,joint6,-0.00031403140746988356,-0.19676966965198517,-0.032783277332782745,-0.012875287793576717,-0.2141014039516449,0.835951566696167,0.0,0.0,0.0,0.0,0.0,0.0,0.0,0.0,0.0,0.0,0.0,0.0
1761396909972232613,17031,1761396909971359063,,joint1,joint2,joint3,joint4,joint5,joint6,-0.00031403140746988356,-0.19676966965198517,-0.032783277332782745,-0.012875287793576717,-0.2141014039516449,0.835951566696167,0.0,0.0,0.0,0.0,0.0,0.0,0.0,0.0,0.0,0.0,0.0,0.0
1761396909992107342,17032,1761396909991343159,,joint1,joint2,joint3,joint4,joint5,joint6,-0.00031403140746988356,-0.19676966965198517,-0.032783277332782745,-0.012875287793576717,-0.2141014039516449,0.835951566696167,0.0,0.0,0.0,0.0,0.0,0.0,0.0,0.0,0.0,0.0,0.0,0.0
1761396910012390228,17033,1761396910011344880,,joint1,joint2,joint3,joint4,joint5,joint6,-0.00031403140746988356,-0.19676966965198517,-0.032783277332782745,-0.012875287793576717,-0.2141014039516449,0.835951566696167,0.0,0.0,0.0,0.0,0.0,0.0,0.0,0.0,0.0,0.0,0.0,0.0
1761396910031851272,17034,1761396910031322682,,joint1,joint2,joint3,joint4,joint5,joint6,-0.00031403140746988356,-0.19676966965198517,-0.032783277332782745,-0.012875287793576717,-0.2141014039516449,0.835951566696167,0.0,0.0,0.0,0.0,0.0,0.0,0.0,0.0,0.0,0.0,0.0,0.0
1761396910052140312,17035,1761396910051383656,,joint1,joint2,joint3,joint4,joint5,joint6,-0.00031403140746988356,-0.19676966965198517,-0.032783277332782745,-0.012875287793576717,-0.2141014039516449,0.835951566696167,0.0,0.0,0.0,0.0,0.0,0.0,0.0,0.0,0.0,0.0,0.0,0.0
1761396910072367032,17036,1761396910071384140,,joint1,joint2,joint3,joint4,joint5,joint6,-0.00031403140746988356,-0.19676966965198517,-0.032783277332782745,-0.012875287793576717,-0.2141014039516449,0.835951566696167,0.0,0.0,0.0,0.0,0.0,0.0,0.0,0.0,0.0,0.0,0.0,0.0
1761396910092154944,17037,1761396910091383932,,joint1,joint2,joint3,joint4,joint5,joint6,-0.00031403140746988356,-0.19676966965198517,-0.032783277332782745,-0.012875287793576717,-0.2141014039516449,0.835951566696167,0.0,0.0,0.0,0.0,0.0,0.0,0.0,0.0,0.0,0.0,0.0,0.0
1761396910112056178,17038,1761396910111387353,,joint1,joint2,joint3,joint4,joint5,joint6,-0.00031403140746988356,-0.19676966965198517,-0.032783277332782745,-0.012875287793576717,-0.2141014039516449,0.835951566696167,0.0,0.0,0.0,0.0,0.0,0.0,0.0,0.0,0.0,0.0,0.0,0.0
1761396910131919923,17039,1761396910131383329,,joint1,joint2,joint3,joint4,joint5,joint6,-0.00031403140746988356,-0.19676966965198517,-0.032783277332782745,-0.012875287793576717,-0.2141014039516449,0.835951566696167,0.0,0.0,0.0,0.0,0.0,0.0,0.0,0.0,0.0,0.0,0.0,0.0
1761396910151902817,17040,1761396910151384380,,joint1,joint2,joint3,joint4,joint5,joint6,-0.00031403140746988356,-0.19676966965198517,-0.032783277332782745,-0.012875287793576717,-0.2141014039516449,0.835951566696167,0.0,0.0,0.0,0.0,0.0,0.0,0.0,0.0,0.0,0.0,0.0,0.0
1761396910171976637,17041,1761396910171377171,,joint1,joint2,joint3,joint4,joint5,joint6,-0.00031403140746988356,-0.19676966965198517,-0.032783277332782745,-0.012875287793576717,-0.2141014039516449,0.835951566696167,0.0,0.0,0.0,0.0,0.0,0.0,0.0,0.0,0.0,0.0,0.0,0.0
1761396910192299279,17042,1761396910191375347,,joint1,joint2,joint3,joint4,joint5,joint6,-0.00031403140746988356,-0.19676966965198517,-0.032783277332782745,-0.012875287793576717,-0.2141014039516449,0.835951566696167,0.0,0.0,0.0,0.0,0.0,0.0,0.0,0.0,0.0,0.0,0.0,0.0
1761396910212307941,17043,1761396910211387140,,joint1,joint2,joint3,joint4,joint5,joint6,-0.00031403140746988356,-0.19676966965198517,-0.032783277332782745,-0.012875287793576717,-0.2141014039516449,0.835951566696167,0.0,0.0,0.0,0.0,0.0,0.0,0.0,0.0,0.0,0.0,0.0,0.0
1761396910231905981,17044,1761396910231385267,,joint1,joint2,joint3,joint4,joint5,joint6,-0.00031403140746988356,-0.19676966965198517,-0.032783277332782745,-0.012875287793576717,-0.2141014039516449,0.835951566696167,0.0,0.0,0.0,0.0,0.0,0.0,0.0,0.0,0.0,0.0,0.0,0.0
1761396910251950101,17045,1761396910251385683,,joint1,joint2,joint3,joint4,joint5,joint6,-0.00031403140746988356,-0.19676966965198517,-0.032783277332782745,-0.012875287793576717,-0.2141014039516449,0.835951566696167,0.0,0.0,0.0,0.0,0.0,0.0,0.0,0.0,0.0,0.0,0.0,0.0
1761396910272126049,17046,1761396910271384930,,joint1,joint2,joint3,joint4,joint5,joint6,-0.00031403140746988356,-0.19676966965198517,-0.032783277332782745,-0.012875287793576717,-0.2141014039516449,0.835951566696167,0.0,0.0,0.0,0.0,0.0,0.0,0.0,0.0,0.0,0.0,0.0,0.0
1761396910292367429,17047,1761396910291332241,,joint1,joint2,joint3,joint4,joint5,joint6,-0.00031403140746988356,-0.19676966965198517,-0.032783277332782745,-0.012875287793576717,-0.2141014039516449,0.835951566696167,0.0,0.0,0.0,0.0,0.0,0.0,0.0,0.0,0.0,0.0,0.0,0.0
1761396910312161300,17048,1761396910311439035,,joint1,joint2,joint3,joint4,joint5,joint6,-0.00031403140746988356,-0.19676966965198517,-0.032783277332782745,-0.012875287793576717,-0.2141014039516449,0.835951566696167,0.0,0.0,0.0,0.0,0.0,0.0,0.0,0.0,0.0,0.0,0.0,0.0
1761396910332228365,17049,1761396910331388984,,joint1,joint2,joint3,joint4,joint5,joint6,-0.00031403140746988356,-0.19676966965198517,-0.032783277332782745,-0.012875287793576717,-0.2141014039516449,0.835951566696167,0.0,0.0,0.0,0.0,0.0,0.0,0.0,0.0,0.0,0.0,0.0,0.0
1761396910351822707,17050,1761396910351339711,,joint1,joint2,joint3,joint4,joint5,joint6,-0.00031403140746988356,-0.19676966965198517,-0.032783277332782745,-0.012875287793576717,-0.2141014039516449,0.835951566696167,0.0,0.0,0.0,0.0,0.0,0.0,0.0,0.0,0.0,0.0,0.0,0.0
1761396910372114763,17051,1761396910371341001,,joint1,joint2,joint3,joint4,joint5,joint6,-0.00031403140746988356,-0.19676966965198517,-0.032783277332782745,-0.012875287793576717,-0.2141014039516449,0.835951566696167,0.0,0.0,0.0,0.0,0.0,0.0,0.0,0.0,0.0,0.0,0.0,0.0
1761396910392342411,17052,1761396910391358291,,joint1,joint2,joint3,joint4,joint5,joint6,-0.00031403140746988356,-0.19676966965198517,-0.032783277332782745,-0.012875287793576717,-0.2141014039516449,0.835951566696167,0.0,0.0,0.0,0.0,0.0,0.0,0.0,0.0,0.0,0.0,0.0,0.0
1761396910412069446,17053,1761396910411390382,,joint1,joint2,joint3,joint4,joint5,joint6,-0.00031403140746988356,-0.19676966965198517,-0.032783277332782745,-0.012875287793576717,-0.2141014039516449,0.835951566696167,0.0,0.0,0.0,0.0,0.0,0.0,0.0,0.0,0.0,0.0,0.0,0.0
1761396910432294235,17054,1761396910431386395,,joint1,joint2,joint3,joint4,joint5,joint6,-0.00031403140746988356,-0.19676966965198517,-0.032783277332782745,-0.012875287793576717,-0.2141014039516449,0.835951566696167,0.0,0.0,0.0,0.0,0.0,0.0,0.0,0.0,0.0,0.0,0.0,0.0
1761396910451891647,17055,1761396910451386242,,joint1,joint2,joint3,joint4,joint5,joint6,-0.00031403140746988356,-0.19676966965198517,-0.032783277332782745,-0.012875287793576717,-0.2141014039516449,0.835951566696167,0.0,0.0,0.0,0.0,0.0,0.0,0.0,0.0,0.0,0.0,0.0,0.0
1761396910471997693,17056,1761396910471384638,,joint1,joint2,joint3,joint4,joint5,joint6,-0.00031403140746988356,-0.19676966965198517,-0.032783277332782745,-0.012875287793576717,-0.2141014039516449,0.835951566696167,0.0,0.0,0.0,0.0,0.0,0.0,0.0,0.0,0.0,0.0,0.0,0.0
1761396910491869333,17057,1761396910491383363,,joint1,joint2,joint3,joint4,joint5,joint6,-0.00031403140746988356,-0.19676966965198517,-0.032783277332782745,-0.012875287793576717,-0.2141014039516449,0.835951566696167,0.0,0.0,0.0,0.0,0.0,0.0,0.0,0.0,0.0,0.0,0.0,0.0
1761396910512249348,17058,1761396910511323641,,joint1,joint2,joint3,joint4,joint5,joint6,-0.00031403140746988356,-0.19676966965198517,-0.032783277332782745,-0.012875287793576717,-0.2141014039516449,0.835951566696167,0.0,0.0,0.0,0.0,0.0,0.0,0.0,0.0,0.0,0.0,0.0,0.0
1761396910531754816,17059,1761396910531351898,,joint1,joint2,joint3,joint4,joint5,joint6,-0.00031403140746988356,-0.19676966965198517,-0.032783277332782745,-0.012875287793576717,-0.2141014039516449,0.835951566696167,0.0,0.0,0.0,0.0,0.0,0.0,0.0,0.0,0.0,0.0,0.0,0.0
1761396910551965549,17060,1761396910551316291,,joint1,joint2,joint3,joint4,joint5,joint6,-0.00031403140746988356,-0.19676966965198517,-0.032783277332782745,-0.012875287793576717,-0.2141014039516449,0.835951566696167,0.0,0.0,0.0,0.0,0.0,0.0,0.0,0.0,0.0,0.0,0.0,0.0
1761396910571863334,17061,1761396910571353867,,joint1,joint2,joint3,joint4,joint5,joint6,-0.00031403140746988356,-0.19676966965198517,-0.032783277332782745,-0.012875287793576717,-0.2141014039516449,0.835951566696167,0.0,0.0,0.0,0.0,0.0,0.0,0.0,0.0,0.0,0.0,0.0,0.0
1761396910591843954,17062,1761396910591378169,,joint1,joint2,joint3,joint4,joint5,joint6,-0.00031403140746988356,-0.19676966965198517,-0.032783277332782745,-0.012875287793576717,-0.2141014039516449,0.835951566696167,0.0,0.0,0.0,0.0,0.0,0.0,0.0,0.0,0.0,0.0,0.0,0.0
1761396910611997976,17063,1761396910611387004,,joint1,joint2,joint3,joint4,joint5,joint6,-0.00031403140746988356,-0.19676966965198517,-0.032783277332782745,-0.012875287793576717,-0.2141014039516449,0.835951566696167,0.0,0.0,0.0,0.0,0.0,0.0,0.0,0.0,0.0,0.0,0.0,0.0
1761396910631978249,17064,1761396910631383074,,joint1,joint2,joint3,joint4,joint5,joint6,-0.00031403140746988356,-0.19676966965198517,-0.032783277332782745,-0.012875287793576717,-0.2141014039516449,0.835951566696167,0.0,0.0,0.0,0.0,0.0,0.0,0.0,0.0,0.0,0.0,0.0,0.0
1761396910651897932,17065,1761396910651387674,,joint1,joint2,joint3,joint4,joint5,joint6,-0.00031403140746988356,-0.19676966965198517,-0.032783277332782745,-0.012875287793576717,-0.2141014039516449,0.835951566696167,0.0,0.0,0.0,0.0,0.0,0.0,0.0,0.0,0.0,0.0,0.0,0.0
1761396910672883669,17066,1761396910671330695,,joint1,joint2,joint3,joint4,joint5,joint6,-0.00031403140746988356,-0.19676966965198517,-0.032783277332782745,-0.012875287793576717,-0.2141014039516449,0.835951566696167,0.0,0.0,0.0,0.0,0.0,0.0,0.0,0.0,0.0,0.0,0.0,0.0
1761396910691966497,17067,1761396910691389995,,joint1,joint2,joint3,joint4,joint5,joint6,-0.00031403140746988356,-0.19676966965198517,-0.032783277332782745,-0.012875287793576717,-0.2141014039516449,0.835951566696167,0.0,0.0,0.0,0.0,0.0,0.0,0.0,0.0,0.0,0.0,0.0,0.0
1761396910712260578,17068,1761396910711322426,,joint1,joint2,joint3,joint4,joint5,joint6,-0.00031403140746988356,-0.19676966965198517,-0.032783277332782745,-0.012875287793576717,-0.2141014039516449,0.835951566696167,0.0,0.0,0.0,0.0,0.0,0.0,0.0,0.0,0.0,0.0,0.0,0.0
1761396910732164627,17069,1761396910731331236,,joint1,joint2,joint3,joint4,joint5,joint6,-0.00031403140746988356,-0.19676966965198517,-0.032783277332782745,-0.012875287793576717,-0.2141014039516449,0.835951566696167,0.0,0.0,0.0,0.0,0.0,0.0,0.0,0.0,0.0,0.0,0.0,0.0
1761396910751982188,17070,1761396910751337076,,joint1,joint2,joint3,joint4,joint5,joint6,-0.00031403140746988356,-0.19676966965198517,-0.032783277332782745,-0.012875287793576717,-0.2141014039516449,0.835951566696167,0.0,0.0,0.0,0.0,0.0,0.0,0.0,0.0,0.0,0.0,0.0,0.0
1761396910772802852,17071,1761396910771402146,,joint1,joint2,joint3,joint4,joint5,joint6,-0.00031403140746988356,-0.19676966965198517,-0.032783277332782745,-0.012875287793576717,-0.2141014039516449,0.835951566696167,0.0,0.0,0.0,0.0,0.0,0.0,0.0,0.0,0.0,0.0,0.0,0.0
1761396910792465711,17072,1761396910791394275,,joint1,joint2,joint3,joint4,joint5,joint6,-0.00031403140746988356,-0.19676966965198517,-0.032783277332782745,-0.012875287793576717,-0.2141014039516449,0.835951566696167,0.0,0.0,0.0,0.0,0.0,0.0,0.0,0.0,0.0,0.0,0.0,0.0
1761396910812308448,17073,1761396910811336284,,joint1,joint2,joint3,joint4,joint5,joint6,-0.00031403140746988356,-0.19676966965198517,-0.032783277332782745,-0.012875287793576717,-0.2141014039516449,0.835951566696167,0.0,0.0,0.0,0.0,0.0,0.0,0.0,0.0,0.0,0.0,0.0,0.0
1761396910832345304,17074,1761396910831377922,,joint1,joint2,joint3,joint4,joint5,joint6,-0.00031403140746988356,-0.19676966965198517,-0.032783277332782745,-0.012875287793576717,-0.2141014039516449,0.835951566696167,0.0,0.0,0.0,0.0,0.0,0.0,0.0,0.0,0.0,0.0,0.0,0.0
1761396910852263661,17075,1761396910851323199,,joint1,joint2,joint3,joint4,joint5,joint6,-0.00031403140746988356,-0.19676966965198517,-0.032783277332782745,-0.012875287793576717,-0.2141014039516449,0.835951566696167,0.0,0.0,0.0,0.0,0.0,0.0,0.0,0.0,0.0,0.0,0.0,0.0
1761396910872159568,17076,1761396910871384640,,joint1,joint2,joint3,joint4,joint5,joint6,-0.00031403140746988356,-0.19676966965198517,-0.032783277332782745,-0.012875287793576717,-0.2141014039516449,0.835951566696167,0.0,0.0,0.0,0.0,0.0,0.0,0.0,0.0,0.0,0.0,0.0,0.0
1761396910892391287,17077,1761396910891377950,,joint1,joint2,joint3,joint4,joint5,joint6,-0.00031403140746988356,-0.19676966965198517,-0.032783277332782745,-0.012875287793576717,-0.2141014039516449,0.835951566696167,0.0,0.0,0.0,0.0,0.0,0.0,0.0,0.0,0.0,0.0,0.0,0.0
1761396910911999537,17078,1761396910911333195,,joint1,joint2,joint3,joint4,joint5,joint6,-0.00031403140746988356,-0.19676966965198517,-0.032783277332782745,-0.012875287793576717,-0.2141014039516449,0.835951566696167,0.0,0.0,0.0,0.0,0.0,0.0,0.0,0.0,0.0,0.0,0.0,0.0
1761396910931961070,17079,1761396910931377036,,joint1,joint2,joint3,joint4,joint5,joint6,-0.00031403140746988356,-0.19676966965198517,-0.032783277332782745,-0.012875287793576717,-0.2141014039516449,0.835951566696167,0.0,0.0,0.0,0.0,0.0,0.0,0.0,0.0,0.0,0.0,0.0,0.0
1761396910952347591,17080,1761396910951387207,,joint1,joint2,joint3,joint4,joint5,joint6,-0.00031403140746988356,-0.19676966965198517,-0.032783277332782745,-0.012875287793576717,-0.2141014039516449,0.835951566696167,0.0,0.0,0.0,0.0,0.0,0.0,0.0,0.0,0.0,0.0,0.0,0.0
1761396910972102572,17081,1761396910971384837,,joint1,joint2,joint3,joint4,joint5,joint6,-0.00031403140746988356,-0.19676966965198517,-0.032783277332782745,-0.012875287793576717,-0.2141014039516449,0.835951566696167,0.0,0.0,0.0,0.0,0.0,0.0,0.0,0.0,0.0,0.0,0.0,0.0
1761396910992205296,17082,1761396910991393668,,joint1,joint2,joint3,joint4,joint5,joint6,-0.00031403140746988356,-0.19676966965198517,-0.032783277332782745,-0.012875287793576717,-0.2141014039516449,0.835951566696167,0.0,0.0,0.0,0.0,0.0,0.0,0.0,0.0,0.0,0.0,0.0,0.0
1761396911012259474,17083,1761396911011384209,,joint1,joint2,joint3,joint4,joint5,joint6,-0.00031403140746988356,-0.19676966965198517,-0.032783277332782745,-0.012875287793576717,-0.2141014039516449,0.835951566696167,0.0,0.0,0.0,0.0,0.0,0.0,0.0,0.0,0.0,0.0,0.0,0.0
1761396911032425096,17084,1761396911031384153,,joint1,joint2,joint3,joint4,joint5,joint6,-0.00031403140746988356,-0.19676966965198517,-0.032783277332782745,-0.012875287793576717,-0.2141014039516449,0.835951566696167,0.0,0.0,0.0,0.0,0.0,0.0,0.0,0.0,0.0,0.0,0.0,0.0
1761396911051878421,17085,1761396911051389102,,joint1,joint2,joint3,joint4,joint5,joint6,-0.00031403140746988356,-0.19676966965198517,-0.032783277332782745,-0.012875287793576717,-0.2141014039516449,0.835951566696167,0.0,0.0,0.0,0.0,0.0,0.0,0.0,0.0,0.0,0.0,0.0,0.0
1761396911071809584,17086,1761396911071330317,,joint1,joint2,joint3,joint4,joint5,joint6,-0.00031403140746988356,-0.19676966965198517,-0.032783277332782745,-0.012875287793576717,-0.2141014039516449,0.835951566696167,0.0,0.0,0.0,0.0,0.0,0.0,0.0,0.0,0.0,0.0,0.0,0.0
1761396911092360249,17087,1761396911091403914,,joint1,joint2,joint3,joint4,joint5,joint6,-0.00031403140746988356,-0.19676966965198517,-0.032783277332782745,-0.012875287793576717,-0.2141014039516449,0.835951566696167,0.0,0.0,0.0,0.0,0.0,0.0,0.0,0.0,0.0,0.0,0.0,0.0
1761396911112299542,17088,1761396911111384700,,joint1,joint2,joint3,joint4,joint5,joint6,-0.00031403140746988356,-0.19676966965198517,-0.032783277332782745,-0.012875287793576717,-0.2141014039516449,0.835951566696167,0.0,0.0,0.0,0.0,0.0,0.0,0.0,0.0,0.0,0.0,0.0,0.0
1761396911131917280,17089,1761396911131383565,,joint1,joint2,joint3,joint4,joint5,joint6,-0.00031403140746988356,-0.19676966965198517,-0.032783277332782745,-0.012875287793576717,-0.2141014039516449,0.835951566696167,0.0,0.0,0.0,0.0,0.0,0.0,0.0,0.0,0.0,0.0,0.0,0.0
1761396911152051699,17090,1761396911151387069,,joint1,joint2,joint3,joint4,joint5,joint6,-0.00031403140746988356,-0.19676966965198517,-0.032783277332782745,-0.012875287793576717,-0.2141014039516449,0.835951566696167,0.0,0.0,0.0,0.0,0.0,0.0,0.0,0.0,0.0,0.0,0.0,0.0
1761396911171986344,17091,1761396911171383475,,joint1,joint2,joint3,joint4,joint5,joint6,-0.00031403140746988356,-0.19676966965198517,-0.032783277332782745,-0.012875287793576717,-0.2141014039516449,0.835951566696167,0.0,0.0,0.0,0.0,0.0,0.0,0.0,0.0,0.0,0.0,0.0,0.0
1761396911192422793,17092,1761396911191390138,,joint1,joint2,joint3,joint4,joint5,joint6,-0.00031403140746988356,-0.19676966965198517,-0.032783277332782745,-0.012875287793576717,-0.2141014039516449,0.835951566696167,0.0,0.0,0.0,0.0,0.0,0.0,0.0,0.0,0.0,0.0,0.0,0.0
1761396911212280694,17093,1761396911211336636,,joint1,joint2,joint3,joint4,joint5,joint6,-0.00031403140746988356,-0.19676966965198517,-0.032783277332782745,-0.012875287793576717,-0.2141014039516449,0.835951566696167,0.0,0.0,0.0,0.0,0.0,0.0,0.0,0.0,0.0,0.0,0.0,0.0
1761396911232089553,17094,1761396911231387421,,joint1,joint2,joint3,joint4,joint5,joint6,-0.00031403140746988356,-0.19676966965198517,-0.032783277332782745,-0.012875287793576717,-0.2141014039516449,0.835951566696167,0.0,0.0,0.0,0.0,0.0,0.0,0.0,0.0,0.0,0.0,0.0,0.0
1761396911252357974,17095,1761396911251386600,,joint1,joint2,joint3,joint4,joint5,joint6,-0.00031403140746988356,-0.19676966965198517,-0.032783277332782745,-0.012875287793576717,-0.2141014039516449,0.835951566696167,0.0,0.0,0.0,0.0,0.0,0.0,0.0,0.0,0.0,0.0,0.0,0.0
1761396911272158952,17096,1761396911271381863,,joint1,joint2,joint3,joint4,joint5,joint6,-0.00031403140746988356,-0.19676966965198517,-0.032783277332782745,-0.012875287793576717,-0.2141014039516449,0.835951566696167,0.0,0.0,0.0,0.0,0.0,0.0,0.0,0.0,0.0,0.0,0.0,0.0
1761396911292127561,17097,1761396911291351322,,joint1,joint2,joint3,joint4,joint5,joint6,-0.00031403140746988356,-0.19676966965198517,-0.032783277332782745,-0.012875287793576717,-0.2141014039516449,0.835951566696167,0.0,0.0,0.0,0.0,0.0,0.0,0.0,0.0,0.0,0.0,0.0,0.0
1761396911312102996,17098,1761396911311336585,,joint1,joint2,joint3,joint4,joint5,joint6,-0.00031403140746988356,-0.19676966965198517,-0.032783277332782745,-0.012875287793576717,-0.2141014039516449,0.835951566696167,0.0,0.0,0.0,0.0,0.0,0.0,0.0,0.0,0.0,0.0,0.0,0.0
1761396911331829165,17099,1761396911331328761,,joint1,joint2,joint3,joint4,joint5,joint6,-0.00031403140746988356,-0.19676966965198517,-0.032783277332782745,-0.012875287793576717,-0.2141014039516449,0.835951566696167,0.0,0.0,0.0,0.0,0.0,0.0,0.0,0.0,0.0,0.0,0.0,0.0
1761396911352182565,17100,1761396911351384303,,joint1,joint2,joint3,joint4,joint5,joint6,-0.00031403140746988356,-0.19676966965198517,-0.032783277332782745,-0.012875287793576717,-0.2141014039516449,0.835951566696167,0.0,0.0,0.0,0.0,0.0,0.0,0.0,0.0,0.0,0.0,0.0,0.0
1761396911371875217,17101,1761396911371384245,,joint1,joint2,joint3,joint4,joint5,joint6,-0.00031403140746988356,-0.19676966965198517,-0.032783277332782745,-0.012875287793576717,-0.2141014039516449,0.835951566696167,0.0,0.0,0.0,0.0,0.0,0.0,0.0,0.0,0.0,0.0,0.0,0.0
1761396911391894658,17102,1761396911391390927,,joint1,joint2,joint3,joint4,joint5,joint6,-0.00031403140746988356,-0.19676966965198517,-0.032783277332782745,-0.012875287793576717,-0.2141014039516449,0.835951566696167,0.0,0.0,0.0,0.0,0.0,0.0,0.0,0.0,0.0,0.0,0.0,0.0
1761396911412324968,17103,1761396911411377956,,joint1,joint2,joint3,joint4,joint5,joint6,-0.00031403140746988356,-0.19676966965198517,-0.032783277332782745,-0.012875287793576717,-0.2141014039516449,0.835951566696167,0.0,0.0,0.0,0.0,0.0,0.0,0.0,0.0,0.0,0.0,0.0,0.0
1761396911432213144,17104,1761396911431376834,,joint1,joint2,joint3,joint4,joint5,joint6,-0.00031403140746988356,-0.19676966965198517,-0.032783277332782745,-0.012875287793576717,-0.2141014039516449,0.835951566696167,0.0,0.0,0.0,0.0,0.0,0.0,0.0,0.0,0.0,0.0,0.0,0.0
1761396911452182010,17105,1761396911451389392,,joint1,joint2,joint3,joint4,joint5,joint6,-0.00031403140746988356,-0.19676966965198517,-0.032783277332782745,-0.012875287793576717,-0.2141014039516449,0.835951566696167,0.0,0.0,0.0,0.0,0.0,0.0,0.0,0.0,0.0,0.0,0.0,0.0
1761396911472111248,17106,1761396911471383550,,joint1,joint2,joint3,joint4,joint5,joint6,-0.00031403140746988356,-0.19676966965198517,-0.032783277332782745,-0.012875287793576717,-0.2141014039516449,0.835951566696167,0.0,0.0,0.0,0.0,0.0,0.0,0.0,0.0,0.0,0.0,0.0,0.0
1761396911491859972,17107,1761396911491382468,,joint1,joint2,joint3,joint4,joint5,joint6,-0.00031403140746988356,-0.19676966965198517,-0.032783277332782745,-0.012875287793576717,-0.2141014039516449,0.835951566696167,0.0,0.0,0.0,0.0,0.0,0.0,0.0,0.0,0.0,0.0,0.0,0.0
1761396911512352405,17108,1761396911511347048,,joint1,joint2,joint3,joint4,joint5,joint6,-0.00031403140746988356,-0.19676966965198517,-0.032783277332782745,-0.012875287793576717,-0.2141014039516449,0.835951566696167,0.0,0.0,0.0,0.0,0.0,0.0,0.0,0.0,0.0,0.0,0.0,0.0
1761396911532373908,17109,1761396911531379626,,joint1,joint2,joint3,joint4,joint5,joint6,-0.00031403140746988356,-0.19676966965198517,-0.032783277332782745,-0.012875287793576717,-0.2141014039516449,0.835951566696167,0.0,0.0,0.0,0.0,0.0,0.0,0.0,0.0,0.0,0.0,0.0,0.0
1761396911552409457,17110,1761396911551344862,,joint1,joint2,joint3,joint4,joint5,joint6,-0.00031403140746988356,-0.19676966965198517,-0.032783277332782745,-0.012875287793576717,-0.2141014039516449,0.835951566696167,0.0,0.0,0.0,0.0,0.0,0.0,0.0,0.0,0.0,0.0,0.0,0.0
1761396911571870793,17111,1761396911571377083,,joint1,joint2,joint3,joint4,joint5,joint6,-0.00031403140746988356,-0.19676966965198517,-0.032783277332782745,-0.012875287793576717,-0.2141014039516449,0.835951566696167,0.0,0.0,0.0,0.0,0.0,0.0,0.0,0.0,0.0,0.0,0.0,0.0
1761396911592029032,17112,1761396911591382921,,joint1,joint2,joint3,joint4,joint5,joint6,-0.00031403140746988356,-0.19676966965198517,-0.032783277332782745,-0.012875287793576717,-0.2141014039516449,0.835951566696167,0.0,0.0,0.0,0.0,0.0,0.0,0.0,0.0,0.0,0.0,0.0,0.0
1761396911612050189,17113,1761396911611327891,,joint1,joint2,joint3,joint4,joint5,joint6,-0.00031403140746988356,-0.19676966965198517,-0.032783277332782745,-0.012875287793576717,-0.2141014039516449,0.835951566696167,0.0,0.0,0.0,0.0,0.0,0.0,0.0,0.0,0.0,0.0,0.0,0.0
1761396911632115145,17114,1761396911631383590,,joint1,joint2,joint3,joint4,joint5,joint6,-0.00031403140746988356,-0.19676966965198517,-0.032783277332782745,-0.012875287793576717,-0.2141014039516449,0.835951566696167,0.0,0.0,0.0,0.0,0.0,0.0,0.0,0.0,0.0,0.0,0.0,0.0
1761396911652197921,17115,1761396911651330595,,joint1,joint2,joint3,joint4,joint5,joint6,-0.00031403140746988356,-0.19676966965198517,-0.032783277332782745,-0.012875287793576717,-0.2141014039516449,0.835951566696167,0.0,0.0,0.0,0.0,0.0,0.0,0.0,0.0,0.0,0.0,0.0,0.0
1761396911671882954,17116,1761396911671388308,,joint1,joint2,joint3,joint4,joint5,joint6,-0.00031403140746988356,-0.19676966965198517,-0.032783277332782745,-0.012875287793576717,-0.2141014039516449,0.835951566696167,0.0,0.0,0.0,0.0,0.0,0.0,0.0,0.0,0.0,0.0,0.0,0.0
1761396911692158529,17117,1761396911691331219,,joint1,joint2,joint3,joint4,joint5,joint6,-0.00031403140746988356,-0.19676966965198517,-0.032783277332782745,-0.012875287793576717,-0.2141014039516449,0.835951566696167,0.0,0.0,0.0,0.0,0.0,0.0,0.0,0.0,0.0,0.0,0.0,0.0
1761396911712232400,17118,1761396911711384210,,joint1,joint2,joint3,joint4,joint5,joint6,-0.00031403140746988356,-0.19676966965198517,-0.032783277332782745,-0.012875287793576717,-0.2141014039516449,0.835951566696167,0.0,0.0,0.0,0.0,0.0,0.0,0.0,0.0,0.0,0.0,0.0,0.0
1761396911732429186,17119,1761396911731389072,,joint1,joint2,joint3,joint4,joint5,joint6,-0.00031403140746988356,-0.19676966965198517,-0.032783277332782745,-0.012875287793576717,-0.2141014039516449,0.835951566696167,0.0,0.0,0.0,0.0,0.0,0.0,0.0,0.0,0.0,0.0,0.0,0.0
1761396911751995919,17120,1761396911751328099,,joint1,joint2,joint3,joint4,joint5,joint6,-0.00031403140746988356,-0.19676966965198517,-0.032783277332782745,-0.012875287793576717,-0.2141014039516449,0.835951566696167,0.0,0.0,0.0,0.0,0.0,0.0,0.0,0.0,0.0,0.0,0.0,0.0
1761396911772311096,17121,1761396911771322780,,joint1,joint2,joint3,joint4,joint5,joint6,-0.00031403140746988356,-0.19676966965198517,-0.032783277332782745,-0.012875287793576717,-0.2141014039516449,0.835951566696167,0.0,0.0,0.0,0.0,0.0,0.0,0.0,0.0,0.0,0.0,0.0,0.0
1761396911791892133,17122,1761396911791332448,,joint1,joint2,joint3,joint4,joint5,joint6,-0.00031403140746988356,-0.19676966965198517,-0.032783277332782745,-0.012875287793576717,-0.2141014039516449,0.835951566696167,0.0,0.0,0.0,0.0,0.0,0.0,0.0,0.0,0.0,0.0,0.0,0.0
1761396911812361787,17123,1761396911811387716,,joint1,joint2,joint3,joint4,joint5,joint6,-0.00031403140746988356,-0.19676966965198517,-0.032783277332782745,-0.012875287793576717,-0.2141014039516449,0.835951566696167,0.0,0.0,0.0,0.0,0.0,0.0,0.0,0.0,0.0,0.0,0.0,0.0
1761396911831867372,17124,1761396911831337856,,joint1,joint2,joint3,joint4,joint5,joint6,-0.00031403140746988356,-0.19676966965198517,-0.032783277332782745,-0.012875287793576717,-0.2141014039516449,0.835951566696167,0.0,0.0,0.0,0.0,0.0,0.0,0.0,0.0,0.0,0.0,0.0,0.0
1761396911852170939,17125,1761396911851383898,,joint1,joint2,joint3,joint4,joint5,joint6,-0.00031403140746988356,-0.19676966965198517,-0.032783277332782745,-0.012875287793576717,-0.2141014039516449,0.835951566696167,0.0,0.0,0.0,0.0,0.0,0.0,0.0,0.0,0.0,0.0,0.0,0.0
1761396911872903908,17126,1761396911871401031,,joint1,joint2,joint3,joint4,joint5,joint6,-0.00031403140746988356,-0.19676966965198517,-0.032783277332782745,-0.012875287793576717,-0.2141014039516449,0.835951566696167,0.0,0.0,0.0,0.0,0.0,0.0,0.0,0.0,0.0,0.0,0.0,0.0
1761396911892277194,17127,1761396911891384467,,joint1,joint2,joint3,joint4,joint5,joint6,-0.00031403140746988356,-0.19676966965198517,-0.032783277332782745,-0.012875287793576717,-0.2141014039516449,0.835951566696167,0.0,0.0,0.0,0.0,0.0,0.0,0.0,0.0,0.0,0.0,0.0,0.0
1761396911912438612,17128,1761396911911381533,,joint1,joint2,joint3,joint4,joint5,joint6,-0.00031403140746988356,-0.19676966965198517,-0.032783277332782745,-0.012875287793576717,-0.2141014039516449,0.835951566696167,0.0,0.0,0.0,0.0,0.0,0.0,0.0,0.0,0.0,0.0,0.0,0.0
1761396911931989553,17129,1761396911931331767,,joint1,joint2,joint3,joint4,joint5,joint6,-0.00031403140746988356,-0.19676966965198517,-0.032783277332782745,-0.012875287793576717,-0.2141014039516449,0.835951566696167,0.0,0.0,0.0,0.0,0.0,0.0,0.0,0.0,0.0,0.0,0.0,0.0
1761396911952021199,17130,1761396911951320091,,joint1,joint2,joint3,joint4,joint5,joint6,-0.00031403140746988356,-0.19676966965198517,-0.032783277332782745,-0.012875287793576717,-0.2141014039516449,0.835951566696167,0.0,0.0,0.0,0.0,0.0,0.0,0.0,0.0,0.0,0.0,0.0,0.0
1761396911972080654,17131,1761396911971321405,,joint1,joint2,joint3,joint4,joint5,joint6,-0.00031403140746988356,-0.19676966965198517,-0.032783277332782745,-0.012875287793576717,-0.2141014039516449,0.835951566696167,0.0,0.0,0.0,0.0,0.0,0.0,0.0,0.0,0.0,0.0,0.0,0.0
1761396911992019610,17132,1761396911991388454,,joint1,joint2,joint3,joint4,joint5,joint6,-0.00031403140746988356,-0.19676966965198517,-0.032783277332782745,-0.012875287793576717,-0.2141014039516449,0.835951566696167,0.0,0.0,0.0,0.0,0.0,0.0,0.0,0.0,0.0,0.0,0.0,0.0
1761396912012001399,17133,1761396912011340484,,joint1,joint2,joint3,joint4,joint5,joint6,-0.00031403140746988356,-0.19676966965198517,-0.032783277332782745,-0.012875287793576717,-0.2141014039516449,0.835951566696167,0.0,0.0,0.0,0.0,0.0,0.0,0.0,0.0,0.0,0.0,0.0,0.0
1761396912032187894,17134,1761396912031383324,,joint1,joint2,joint3,joint4,joint5,joint6,-0.00031403140746988356,-0.19676966965198517,-0.032783277332782745,-0.012875287793576717,-0.2141014039516449,0.835951566696167,0.0,0.0,0.0,0.0,0.0,0.0,0.0,0.0,0.0,0.0,0.0,0.0
1761396912052375970,17135,1761396912051335165,,joint1,joint2,joint3,joint4,joint5,joint6,-0.00031403140746988356,-0.19676966965198517,-0.032783277332782745,-0.012875287793576717,-0.2141014039516449,0.835951566696167,0.0,0.0,0.0,0.0,0.0,0.0,0.0,0.0,0.0,0.0,0.0,0.0
1761396912072197934,17136,1761396912071388743,,joint1,joint2,joint3,joint4,joint5,joint6,-0.00031403140746988356,-0.19676966965198517,-0.032783277332782745,-0.012875287793576717,-0.2141014039516449,0.835951566696167,0.0,0.0,0.0,0.0,0.0,0.0,0.0,0.0,0.0,0.0,0.0,0.0
1761396912092224144,17137,1761396912091375007,,joint1,joint2,joint3,joint4,joint5,joint6,-0.00031403140746988356,-0.19676966965198517,-0.032783277332782745,-0.012875287793576717,-0.2141014039516449,0.835951566696167,0.0,0.0,0.0,0.0,0.0,0.0,0.0,0.0,0.0,0.0,0.0,0.0
1761396912112258162,17138,1761396912111337145,,joint1,joint2,joint3,joint4,joint5,joint6,-0.00031403140746988356,-0.19676966965198517,-0.032783277332782745,-0.012875287793576717,-0.2141014039516449,0.835951566696167,0.0,0.0,0.0,0.0,0.0,0.0,0.0,0.0,0.0,0.0,0.0,0.0
1761396912132317271,17139,1761396912131385931,,joint1,joint2,joint3,joint4,joint5,joint6,-0.00031403140746988356,-0.19676966965198517,-0.032783277332782745,-0.012875287793576717,-0.2141014039516449,0.835951566696167,0.0,0.0,0.0,0.0,0.0,0.0,0.0,0.0,0.0,0.0,0.0,0.0
1761396912151829592,17140,1761396912151323399,,joint1,joint2,joint3,joint4,joint5,joint6,-0.00031403140746988356,-0.19676966965198517,-0.032783277332782745,-0.012875287793576717,-0.2141014039516449,0.835951566696167,0.0,0.0,0.0,0.0,0.0,0.0,0.0,0.0,0.0,0.0,0.0,0.0
1761396912172336329,17141,1761396912171386240,,joint1,joint2,joint3,joint4,joint5,joint6,-0.00031403140746988356,-0.19676966965198517,-0.032783277332782745,-0.012875287793576717,-0.2141014039516449,0.835951566696167,0.0,0.0,0.0,0.0,0.0,0.0,0.0,0.0,0.0,0.0,0.0,0.0
1761396912191949009,17142,1761396912191400379,,joint1,joint2,joint3,joint4,joint5,joint6,-0.00031403140746988356,-0.19676966965198517,-0.032783277332782745,-0.012875287793576717,-0.2141014039516449,0.835951566696167,0.0,0.0,0.0,0.0,0.0,0.0,0.0,0.0,0.0,0.0,0.0,0.0
1761396912212191123,17143,1761396912211356210,,joint1,joint2,joint3,joint4,joint5,joint6,-0.00031403140746988356,-0.19676966965198517,-0.032783277332782745,-0.012875287793576717,-0.2141014039516449,0.835951566696167,0.0,0.0,0.0,0.0,0.0,0.0,0.0,0.0,0.0,0.0,0.0,0.0
1761396912232175912,17144,1761396912231356364,,joint1,joint2,joint3,joint4,joint5,joint6,-0.00031403140746988356,-0.19676966965198517,-0.032783277332782745,-0.012875287793576717,-0.2141014039516449,0.835951566696167,0.0,0.0,0.0,0.0,0.0,0.0,0.0,0.0,0.0,0.0,0.0,0.0
1761396912252175936,17145,1761396912251383094,,joint1,joint2,joint3,joint4,joint5,joint6,-0.00031403140746988356,-0.19676966965198517,-0.032783277332782745,-0.012875287793576717,-0.2141014039516449,0.835951566696167,0.0,0.0,0.0,0.0,0.0,0.0,0.0,0.0,0.0,0.0,0.0,0.0
1761396912272083907,17146,1761396912271383169,,joint1,joint2,joint3,joint4,joint5,joint6,-0.00031403140746988356,-0.19676966965198517,-0.032783277332782745,-0.012875287793576717,-0.2141014039516449,0.835951566696167,0.0,0.0,0.0,0.0,0.0,0.0,0.0,0.0,0.0,0.0,0.0,0.0
1761396912291844398,17147,1761396912291329284,,joint1,joint2,joint3,joint4,joint5,joint6,-0.00031403140746988356,-0.19676966965198517,-0.032783277332782745,-0.012875287793576717,-0.2141014039516449,0.835951566696167,0.0,0.0,0.0,0.0,0.0,0.0,0.0,0.0,0.0,0.0,0.0,0.0
1761396912312056151,17148,1761396912311370662,,joint1,joint2,joint3,joint4,joint5,joint6,-0.00031403140746988356,-0.19676966965198517,-0.032783277332782745,-0.012875287793576717,-0.2141014039516449,0.835951566696167,0.0,0.0,0.0,0.0,0.0,0.0,0.0,0.0,0.0,0.0,0.0,0.0
1761396912331991890,17149,1761396912331405731,,joint1,joint2,joint3,joint4,joint5,joint6,-0.00031403140746988356,-0.19676966965198517,-0.032783277332782745,-0.012875287793576717,-0.2141014039516449,0.835951566696167,0.0,0.0,0.0,0.0,0.0,0.0,0.0,0.0,0.0,0.0,0.0,0.0
1761396912351955287,17150,1761396912351397371,,joint1,joint2,joint3,joint4,joint5,joint6,-0.00031403140746988356,-0.19676966965198517,-0.032783277332782745,-0.012875287793576717,-0.2141014039516449,0.835951566696167,0.0,0.0,0.0,0.0,0.0,0.0,0.0,0.0,0.0,0.0,0.0,0.0
1761396912371957621,17151,1761396912371399220,,joint1,joint2,joint3,joint4,joint5,joint6,-0.00031403140746988356,-0.19676966965198517,-0.032783277332782745,-0.012875287793576717,-0.2141014039516449,0.835951566696167,0.0,0.0,0.0,0.0,0.0,0.0,0.0,0.0,0.0,0.0,0.0,0.0
1761396912391914022,17152,1761396912391402564,,joint1,joint2,joint3,joint4,joint5,joint6,-0.00031403140746988356,-0.19676966965198517,-0.032783277332782745,-0.012875287793576717,-0.2141014039516449,0.835951566696167,0.0,0.0,0.0,0.0,0.0,0.0,0.0,0.0,0.0,0.0,0.0,0.0
1761396912412220909,17153,1761396912411377479,,joint1,joint2,joint3,joint4,joint5,joint6,-0.00031403140746988356,-0.19676966965198517,-0.032783277332782745,-0.012875287793576717,-0.2141014039516449,0.835951566696167,0.0,0.0,0.0,0.0,0.0,0.0,0.0,0.0,0.0,0.0,0.0,0.0
1761396912432287829,17154,1761396912431385202,,joint1,joint2,joint3,joint4,joint5,joint6,-0.00031403140746988356,-0.19676966965198517,-0.032783277332782745,-0.012875287793576717,-0.2141014039516449,0.835951566696167,0.0,0.0,0.0,0.0,0.0,0.0,0.0,0.0,0.0,0.0,0.0,0.0
1761396912452409667,17155,1761396912451394534,,joint1,joint2,joint3,joint4,joint5,joint6,-0.00031403140746988356,-0.19676966965198517,-0.032783277332782745,-0.012875287793576717,-0.2141014039516449,0.835951566696167,0.0,0.0,0.0,0.0,0.0,0.0,0.0,0.0,0.0,0.0,0.0,0.0
1761396912472251895,17156,1761396912471373069,,joint1,joint2,joint3,joint4,joint5,joint6,-0.00031403140746988356,-0.19676966965198517,-0.032783277332782745,-0.012875287793576717,-0.2141014039516449,0.835951566696167,0.0,0.0,0.0,0.0,0.0,0.0,0.0,0.0,0.0,0.0,0.0,0.0
1761396912492037788,17157,1761396912491384843,,joint1,joint2,joint3,joint4,joint5,joint6,-0.00031403140746988356,-0.19676966965198517,-0.032783277332782745,-0.012875287793576717,-0.2141014039516449,0.835951566696167,0.0,0.0,0.0,0.0,0.0,0.0,0.0,0.0,0.0,0.0,0.0,0.0
1761396912512162185,17158,1761396912511339141,,joint1,joint2,joint3,joint4,joint5,joint6,-0.00031403140746988356,-0.19676966965198517,-0.032783277332782745,-0.012875287793576717,-0.2141014039516449,0.835951566696167,0.0,0.0,0.0,0.0,0.0,0.0,0.0,0.0,0.0,0.0,0.0,0.0
1761396912532296650,17159,1761396912531343242,,joint1,joint2,joint3,joint4,joint5,joint6,-0.00031403140746988356,-0.19676966965198517,-0.032783277332782745,-0.012875287793576717,-0.2141014039516449,0.835951566696167,0.0,0.0,0.0,0.0,0.0,0.0,0.0,0.0,0.0,0.0,0.0,0.0
1761396912551957806,17160,1761396912551395593,,joint1,joint2,joint3,joint4,joint5,joint6,-0.00031403140746988356,-0.19676966965198517,-0.032783277332782745,-0.012875287793576717,-0.2141014039516449,0.835951566696167,0.0,0.0,0.0,0.0,0.0,0.0,0.0,0.0,0.0,0.0,0.0,0.0
1761396912572407308,17161,1761396912571386946,,joint1,joint2,joint3,joint4,joint5,joint6,-0.00031403140746988356,-0.19676966965198517,-0.032783277332782745,-0.012875287793576717,-0.2141014039516449,0.835951566696167,0.0,0.0,0.0,0.0,0.0,0.0,0.0,0.0,0.0,0.0,0.0,0.0
1761396912592322314,17162,1761396912591384014,,joint1,joint2,joint3,joint4,joint5,joint6,-0.00031403140746988356,-0.19676966965198517,-0.032783277332782745,-0.012875287793576717,-0.2141014039516449,0.835951566696167,0.0,0.0,0.0,0.0,0.0,0.0,0.0,0.0,0.0,0.0,0.0,0.0
1761396912612320365,17163,1761396912611341341,,joint1,joint2,joint3,joint4,joint5,joint6,-0.00031403140746988356,-0.19676966965198517,-0.032783277332782745,-0.012875287793576717,-0.2141014039516449,0.835951566696167,0.0,0.0,0.0,0.0,0.0,0.0,0.0,0.0,0.0,0.0,0.0,0.0
1761396912632066872,17164,1761396912631397564,,joint1,joint2,joint3,joint4,joint5,joint6,-0.00031403140746988356,-0.19676966965198517,-0.032783277332782745,-0.012875287793576717,-0.2141014039516449,0.835951566696167,0.0,0.0,0.0,0.0,0.0,0.0,0.0,0.0,0.0,0.0,0.0,0.0
1761396912652319235,17165,1761396912651287312,,joint1,joint2,joint3,joint4,joint5,joint6,-0.00031403140746988356,-0.19676966965198517,-0.032783277332782745,-0.012875287793576717,-0.2141014039516449,0.835951566696167,0.0,0.0,0.0,0.0,0.0,0.0,0.0,0.0,0.0,0.0,0.0,0.0
1761396912671875018,17166,1761396912671383084,,joint1,joint2,joint3,joint4,joint5,joint6,-0.00031403140746988356,-0.19676966965198517,-0.032783277332782745,-0.012875287793576717,-0.2141014039516449,0.835951566696167,0.0,0.0,0.0,0.0,0.0,0.0,0.0,0.0,0.0,0.0,0.0,0.0
1761396912692057876,17167,1761396912691350978,,joint1,joint2,joint3,joint4,joint5,joint6,-0.00031403140746988356,-0.19676966965198517,-0.032783277332782745,-0.012875287793576717,-0.2141014039516449,0.835951566696167,0.0,0.0,0.0,0.0,0.0,0.0,0.0,0.0,0.0,0.0,0.0,0.0
1761396912712132443,17168,1761396912711340013,,joint1,joint2,joint3,joint4,joint5,joint6,-0.00031403140746988356,-0.19676966965198517,-0.032783277332782745,-0.012875287793576717,-0.2141014039516449,0.835951566696167,0.0,0.0,0.0,0.0,0.0,0.0,0.0,0.0,0.0,0.0,0.0,0.0
1761396912731811155,17169,1761396912731323288,,joint1,joint2,joint3,joint4,joint5,joint6,-0.00031403140746988356,-0.19676966965198517,-0.032783277332782745,-0.012875287793576717,-0.2141014039516449,0.835951566696167,0.0,0.0,0.0,0.0,0.0,0.0,0.0,0.0,0.0,0.0,0.0,0.0
1761396912752349661,17170,1761396912751382692,,joint1,joint2,joint3,joint4,joint5,joint6,-0.00031403140746988356,-0.19676966965198517,-0.032783277332782745,-0.012875287793576717,-0.2141014039516449,0.835951566696167,0.0,0.0,0.0,0.0,0.0,0.0,0.0,0.0,0.0,0.0,0.0,0.0
1761396912772405508,17171,1761396912771331256,,joint1,joint2,joint3,joint4,joint5,joint6,-0.00031403140746988356,-0.19676966965198517,-0.032783277332782745,-0.012875287793576717,-0.2141014039516449,0.835951566696167,0.0,0.0,0.0,0.0,0.0,0.0,0.0,0.0,0.0,0.0,0.0,0.0
1761396912792245590,17172,1761396912791382464,,joint1,joint2,joint3,joint4,joint5,joint6,-0.00031403140746988356,-0.19676966965198517,-0.032783277332782745,-0.012875287793576717,-0.2141014039516449,0.835951566696167,0.0,0.0,0.0,0.0,0.0,0.0,0.0,0.0,0.0,0.0,0.0,0.0
1761396912812143852,17173,1761396912811340512,,joint1,joint2,joint3,joint4,joint5,joint6,-0.00031403140746988356,-0.19676966965198517,-0.032783277332782745,-0.012875287793576717,-0.2141014039516449,0.835951566696167,0.0,0.0,0.0,0.0,0.0,0.0,0.0,0.0,0.0,0.0,0.0,0.0
1761396912831943527,17174,1761396912831324438,,joint1,joint2,joint3,joint4,joint5,joint6,-0.00031403140746988356,-0.19676966965198517,-0.032783277332782745,-0.012875287793576717,-0.2141014039516449,0.835951566696167,0.0,0.0,0.0,0.0,0.0,0.0,0.0,0.0,0.0,0.0,0.0,0.0
1761396912852076045,17175,1761396912851351160,,joint1,joint2,joint3,joint4,joint5,joint6,-0.00031403140746988356,-0.19676966965198517,-0.032783277332782745,-0.012875287793576717,-0.2141014039516449,0.835951566696167,0.0,0.0,0.0,0.0,0.0,0.0,0.0,0.0,0.0,0.0,0.0,0.0
1761396912871601896,17176,1761396912871371953,,joint1,joint2,joint3,joint4,joint5,joint6,-0.00031403140746988356,-0.19676966965198517,-0.032783277332782745,-0.012875287793576717,-0.2141014039516449,0.835951566696167,0.0,0.0,0.0,0.0,0.0,0.0,0.0,0.0,0.0,0.0,0.0,0.0
1761396912891811537,17177,1761396912891319292,,joint1,joint2,joint3,joint4,joint5,joint6,-0.00031403140746988356,-0.19676966965198517,-0.032783277332782745,-0.012875287793576717,-0.2141014039516449,0.835951566696167,0.0,0.0,0.0,0.0,0.0,0.0,0.0,0.0,0.0,0.0,0.0,0.0
1761396912911914142,17178,1761396912911343490,,joint1,joint2,joint3,joint4,joint5,joint6,-0.00031403140746988356,-0.19676966965198517,-0.032783277332782745,-0.012875287793576717,-0.2141014039516449,0.835951566696167,0.0,0.0,0.0,0.0,0.0,0.0,0.0,0.0,0.0,0.0,0.0,0.0
1761396912932431299,17179,1761396912931388399,,joint1,joint2,joint3,joint4,joint5,joint6,-0.00031403140746988356,-0.19676966965198517,-0.032783277332782745,-0.012875287793576717,-0.2141014039516449,0.835951566696167,0.0,0.0,0.0,0.0,0.0,0.0,0.0,0.0,0.0,0.0,0.0,0.0
1761396912952385075,17180,1761396912951342560,,joint1,joint2,joint3,joint4,joint5,joint6,-0.00031403140746988356,-0.19676966965198517,-0.032783277332782745,-0.012875287793576717,-0.2141014039516449,0.835951566696167,0.0,0.0,0.0,0.0,0.0,0.0,0.0,0.0,0.0,0.0,0.0,0.0
1761396912972325157,17181,1761396912971328511,,joint1,joint2,joint3,joint4,joint5,joint6,-0.00031403140746988356,-0.19676966965198517,-0.032783277332782745,-0.012875287793576717,-0.2141014039516449,0.835951566696167,0.0,0.0,0.0,0.0,0.0,0.0,0.0,0.0,0.0,0.0,0.0,0.0
1761396912992198149,17182,1761396912991384140,,joint1,joint2,joint3,joint4,joint5,joint6,-0.00031403140746988356,-0.19676966965198517,-0.032783277332782745,-0.012875287793576717,-0.2141014039516449,0.835951566696167,0.0,0.0,0.0,0.0,0.0,0.0,0.0,0.0,0.0,0.0,0.0,0.0
1761396913012304481,17183,1761396913011344399,,joint1,joint2,joint3,joint4,joint5,joint6,-0.00031403140746988356,-0.19676966965198517,-0.032783277332782745,-0.012875287793576717,-0.2141014039516449,0.835951566696167,0.0,0.0,0.0,0.0,0.0,0.0,0.0,0.0,0.0,0.0,0.0,0.0
1761396913032252291,17184,1761396913031331382,,joint1,joint2,joint3,joint4,joint5,joint6,-0.00031403140746988356,-0.19676966965198517,-0.032783277332782745,-0.012875287793576717,-0.2141014039516449,0.835951566696167,0.0,0.0,0.0,0.0,0.0,0.0,0.0,0.0,0.0,0.0,0.0,0.0
1761396913052428129,17185,1761396913051337682,,joint1,joint2,joint3,joint4,joint5,joint6,-0.00031403140746988356,-0.19676966965198517,-0.032783277332782745,-0.012875287793576717,-0.2141014039516449,0.835951566696167,0.0,0.0,0.0,0.0,0.0,0.0,0.0,0.0,0.0,0.0,0.0,0.0
1761396913072192879,17186,1761396913071390964,,joint1,joint2,joint3,joint4,joint5,joint6,-0.00031403140746988356,-0.19676966965198517,-0.032783277332782745,-0.012875287793576717,-0.2141014039516449,0.835951566696167,0.0,0.0,0.0,0.0,0.0,0.0,0.0,0.0,0.0,0.0,0.0,0.0
1761396913091918486,17187,1761396913091387788,,joint1,joint2,joint3,joint4,joint5,joint6,-0.00031403140746988356,-0.19676966965198517,-0.032783277332782745,-0.012875287793576717,-0.2141014039516449,0.835951566696167,0.0,0.0,0.0,0.0,0.0,0.0,0.0,0.0,0.0,0.0,0.0,0.0
1761396913111970671,17188,1761396913111379522,,joint1,joint2,joint3,joint4,joint5,joint6,-0.00031403140746988356,-0.19676966965198517,-0.032783277332782745,-0.012875287793576717,-0.2141014039516449,0.835951566696167,0.0,0.0,0.0,0.0,0.0,0.0,0.0,0.0,0.0,0.0,0.0,0.0
1761396913131924919,17189,1761396913131382808,,joint1,joint2,joint3,joint4,joint5,joint6,-0.00031403140746988356,-0.19676966965198517,-0.032783277332782745,-0.012875287793576717,-0.2141014039516449,0.835951566696167,0.0,0.0,0.0,0.0,0.0,0.0,0.0,0.0,0.0,0.0,0.0,0.0
1761396913151846463,17190,1761396913151332025,,joint1,joint2,joint3,joint4,joint5,joint6,-0.00031403140746988356,-0.19676966965198517,-0.032783277332782745,-0.012875287793576717,-0.2141014039516449,0.835951566696167,0.0,0.0,0.0,0.0,0.0,0.0,0.0,0.0,0.0,0.0,0.0,0.0
1761396913171933310,17191,1761396913171331988,,joint1,joint2,joint3,joint4,joint5,joint6,-0.00031403140746988356,-0.19676966965198517,-0.032783277332782745,-0.012875287793576717,-0.2141014039516449,0.835951566696167,0.0,0.0,0.0,0.0,0.0,0.0,0.0,0.0,0.0,0.0,0.0,0.0
1761396913192049617,17192,1761396913191336152,,joint1,joint2,joint3,joint4,joint5,joint6,-0.00031403140746988356,-0.19676966965198517,-0.032783277332782745,-0.012875287793576717,-0.2141014039516449,0.835951566696167,0.0,0.0,0.0,0.0,0.0,0.0,0.0,0.0,0.0,0.0,0.0,0.0
1761396913212022320,17193,1761396913211354476,,joint1,joint2,joint3,joint4,joint5,joint6,-0.00031403140746988356,-0.19676966965198517,-0.032783277332782745,-0.012875287793576717,-0.2141014039516449,0.835951566696167,0.0,0.0,0.0,0.0,0.0,0.0,0.0,0.0,0.0,0.0,0.0,0.0
1761396913231869150,17194,1761396913231370232,,joint1,joint2,joint3,joint4,joint5,joint6,-0.00031403140746988356,-0.19676966965198517,-0.032783277332782745,-0.012875287793576717,-0.2141014039516449,0.835951566696167,0.0,0.0,0.0,0.0,0.0,0.0,0.0,0.0,0.0,0.0,0.0,0.0
1761396913252112500,17195,1761396913251335724,,joint1,joint2,joint3,joint4,joint5,joint6,-0.00031403140746988356,-0.19676966965198517,-0.032783277332782745,-0.012875287793576717,-0.2141014039516449,0.835951566696167,0.0,0.0,0.0,0.0,0.0,0.0,0.0,0.0,0.0,0.0,0.0,0.0
1761396913272452746,17196,1761396913271399892,,joint1,joint2,joint3,joint4,joint5,joint6,-0.00031403140746988356,-0.19676966965198517,-0.032783277332782745,-0.012875287793576717,-0.2141014039516449,0.835951566696167,0.0,0.0,0.0,0.0,0.0,0.0,0.0,0.0,0.0,0.0,0.0,0.0
1761396913292165959,17197,1761396913291383464,,joint1,joint2,joint3,joint4,joint5,joint6,-0.00031403140746988356,-0.19676966965198517,-0.032783277332782745,-0.012875287793576717,-0.2141014039516449,0.835951566696167,0.0,0.0,0.0,0.0,0.0,0.0,0.0,0.0,0.0,0.0,0.0,0.0
1761396913312029276,17198,1761396913311328443,,joint1,joint2,joint3,joint4,joint5,joint6,-0.00031403140746988356,-0.19676966965198517,-0.032783277332782745,-0.012875287793576717,-0.2141014039516449,0.835951566696167,0.0,0.0,0.0,0.0,0.0,0.0,0.0,0.0,0.0,0.0,0.0,0.0
1761396913331925007,17199,1761396913331383805,,joint1,joint2,joint3,joint4,joint5,joint6,-0.00031403140746988356,-0.19676966965198517,-0.032783277332782745,-0.012875287793576717,-0.2141014039516449,0.835951566696167,0.0,0.0,0.0,0.0,0.0,0.0,0.0,0.0,0.0,0.0,0.0,0.0
1761396913352351684,17200,1761396913351331328,,joint1,joint2,joint3,joint4,joint5,joint6,-0.00031403140746988356,-0.19676966965198517,-0.032783277332782745,-0.012875287793576717,-0.2141014039516449,0.835951566696167,0.0,0.0,0.0,0.0,0.0,0.0,0.0,0.0,0.0,0.0,0.0,0.0
1761396913372783446,17201,1761396913371334155,,joint1,joint2,joint3,joint4,joint5,joint6,-0.00031403140746988356,-0.19676966965198517,-0.032783277332782745,-0.012875287793576717,-0.2141014039516449,0.835951566696167,0.0,0.0,0.0,0.0,0.0,0.0,0.0,0.0,0.0,0.0,0.0,0.0
1761396913391974990,17202,1761396913391377382,,joint1,joint2,joint3,joint4,joint5,joint6,-0.00031403140746988356,-0.19676966965198517,-0.032783277332782745,-0.012875287793576717,-0.2141014039516449,0.835951566696167,0.0,0.0,0.0,0.0,0.0,0.0,0.0,0.0,0.0,0.0,0.0,0.0
1761396913411942783,17203,1761396913411387061,,joint1,joint2,joint3,joint4,joint5,joint6,-0.00031403140746988356,-0.19676966965198517,-0.032783277332782745,-0.012875287793576717,-0.2141014039516449,0.835951566696167,0.0,0.0,0.0,0.0,0.0,0.0,0.0,0.0,0.0,0.0,0.0,0.0
1761396913432337789,17204,1761396913431382464,,joint1,joint2,joint3,joint4,joint5,joint6,-0.00031403140746988356,-0.19676966965198517,-0.032783277332782745,-0.012875287793576717,-0.2141014039516449,0.835951566696167,0.0,0.0,0.0,0.0,0.0,0.0,0.0,0.0,0.0,0.0,0.0,0.0
1761396913452398715,17205,1761396913451425601,,joint1,joint2,joint3,joint4,joint5,joint6,-0.00031403140746988356,-0.19676966965198517,-0.032783277332782745,-0.012875287793576717,-0.2141014039516449,0.835951566696167,0.0,0.0,0.0,0.0,0.0,0.0,0.0,0.0,0.0,0.0,0.0,0.0
1761396913471933587,17206,1761396913471331629,,joint1,joint2,joint3,joint4,joint5,joint6,-0.00031403140746988356,-0.19676966965198517,-0.032783277332782745,-0.012875287793576717,-0.2141014039516449,0.835951566696167,0.0,0.0,0.0,0.0,0.0,0.0,0.0,0.0,0.0,0.0,0.0,0.0
1761396913492275234,17207,1761396913491388041,,joint1,joint2,joint3,joint4,joint5,joint6,-0.00031403140746988356,-0.19676966965198517,-0.032783277332782745,-0.012875287793576717,-0.2141014039516449,0.835951566696167,0.0,0.0,0.0,0.0,0.0,0.0,0.0,0.0,0.0,0.0,0.0,0.0
1761396913512255844,17208,1761396913511323069,,joint1,joint2,joint3,joint4,joint5,joint6,-0.00031403140746988356,-0.19676966965198517,-0.032783277332782745,-0.012875287793576717,-0.2141014039516449,0.835951566696167,0.0,0.0,0.0,0.0,0.0,0.0,0.0,0.0,0.0,0.0,0.0,0.0
1761396913532429572,17209,1761396913531377840,,joint1,joint2,joint3,joint4,joint5,joint6,-0.00031403140746988356,-0.19676966965198517,-0.032783277332782745,-0.012875287793576717,-0.2141014039516449,0.835951566696167,0.0,0.0,0.0,0.0,0.0,0.0,0.0,0.0,0.0,0.0,0.0,0.0
1761396913551929312,17210,1761396913551391999,,joint1,joint2,joint3,joint4,joint5,joint6,-0.00031403140746988356,-0.19676966965198517,-0.032783277332782745,-0.012875287793576717,-0.2141014039516449,0.835951566696167,0.0,0.0,0.0,0.0,0.0,0.0,0.0,0.0,0.0,0.0,0.0,0.0
1761396913572072413,17211,1761396913571385971,,joint1,joint2,joint3,joint4,joint5,joint6,-0.00031403140746988356,-0.19676966965198517,-0.032783277332782745,-0.012875287793576717,-0.2141014039516449,0.835951566696167,0.0,0.0,0.0,0.0,0.0,0.0,0.0,0.0,0.0,0.0,0.0,0.0
1761396913592211927,17212,1761396913591384446,,joint1,joint2,joint3,joint4,joint5,joint6,-0.00031403140746988356,-0.19676966965198517,-0.032783277332782745,-0.012875287793576717,-0.2141014039516449,0.835951566696167,0.0,0.0,0.0,0.0,0.0,0.0,0.0,0.0,0.0,0.0,0.0,0.0
1761396913611958773,17213,1761396913611381325,,joint1,joint2,joint3,joint4,joint5,joint6,-0.00031403140746988356,-0.19676966965198517,-0.032783277332782745,-0.012875287793576717,-0.2141014039516449,0.835951566696167,0.0,0.0,0.0,0.0,0.0,0.0,0.0,0.0,0.0,0.0,0.0,0.0
1761396913631987651,17214,1761396913631383369,,joint1,joint2,joint3,joint4,joint5,joint6,-0.00031403140746988356,-0.19676966965198517,-0.032783277332782745,-0.012875287793576717,-0.2141014039516449,0.835951566696167,0.0,0.0,0.0,0.0,0.0,0.0,0.0,0.0,0.0,0.0,0.0,0.0
1761396913652356691,17215,1761396913651335650,,joint1,joint2,joint3,joint4,joint5,joint6,-0.00031403140746988356,-0.19676966965198517,-0.032783277332782745,-0.012875287793576717,-0.2141014039516449,0.835951566696167,0.0,0.0,0.0,0.0,0.0,0.0,0.0,0.0,0.0,0.0,0.0,0.0
1761396913672306625,17216,1761396913671390110,,joint1,joint2,joint3,joint4,joint5,joint6,-0.00031403140746988356,-0.19676966965198517,-0.032783277332782745,-0.012875287793576717,-0.2141014039516449,0.835951566696167,0.0,0.0,0.0,0.0,0.0,0.0,0.0,0.0,0.0,0.0,0.0,0.0
1761396913691995074,17217,1761396913691386534,,joint1,joint2,joint3,joint4,joint5,joint6,-0.00031403140746988356,-0.19676966965198517,-0.032783277332782745,-0.012875287793576717,-0.2141014039516449,0.835951566696167,0.0,0.0,0.0,0.0,0.0,0.0,0.0,0.0,0.0,0.0,0.0,0.0
1761396913712151803,17218,1761396913711383598,,joint1,joint2,joint3,joint4,joint5,joint6,-0.00031403140746988356,-0.19676966965198517,-0.032783277332782745,-0.012875287793576717,-0.2141014039516449,0.835951566696167,0.0,0.0,0.0,0.0,0.0,0.0,0.0,0.0,0.0,0.0,0.0,0.0
1761396913732050909,17219,1761396913731329338,,joint1,joint2,joint3,joint4,joint5,joint6,-0.00031403140746988356,-0.19676966965198517,-0.032783277332782745,-0.012875287793576717,-0.2141014039516449,0.835951566696167,0.0,0.0,0.0,0.0,0.0,0.0,0.0,0.0,0.0,0.0,0.0,0.0
1761396913752088124,17220,1761396913751330682,,joint1,joint2,joint3,joint4,joint5,joint6,-0.00031403140746988356,-0.19426943361759186,-0.032783277332782745,-0.012875287793576717,-0.2141014039516449,0.835951566696167,0.0,0.0,0.0,0.0,0.0,0.0,0.0,0.0,0.0,0.0,0.0,0.0
1761396913771899563,17221,1761396913771381546,,joint1,joint2,joint3,joint4,joint5,joint6,-0.00031403140746988356,-0.1947694718837738,-0.032783277332782745,-0.012875287793576717,-0.2141014039516449,0.835951566696167,0.0,0.0,0.0,0.0,0.0,0.0,0.0,0.0,0.0,0.0,0.0,0.0
1761396913791867474,17222,1761396913791376395,,joint1,joint2,joint3,joint4,joint5,joint6,-0.00031403140746988356,-0.1947694718837738,-0.032783277332782745,-0.012875287793576717,-0.2141014039516449,0.835951566696167,0.0,0.0,0.0,0.0,0.0,0.0,0.0,0.0,0.0,0.0,0.0,0.0
1761396913811890323,17223,1761396913811386416,,joint1,joint2,joint3,joint4,joint5,joint6,-0.00031403140746988356,-0.19526952505111694,-0.032783277332782745,-0.012875287793576717,-0.2141014039516449,0.835951566696167,0.0,0.0,0.0,0.0,0.0,0.0,0.0,0.0,0.0,0.0,0.0,0.0
1761396913832186479,17224,1761396913831387105,,joint1,joint2,joint3,joint4,joint5,joint6,-0.00031403140746988356,-0.19526952505111694,-0.032783277332782745,-0.012875287793576717,-0.2141014039516449,0.835951566696167,0.0,0.0,0.0,0.0,0.0,0.0,0.0,0.0,0.0,0.0,0.0,0.0
1761396913851878908,17225,1761396913851342149,,joint1,joint2,joint3,joint4,joint5,joint6,-0.00031403140746988356,-0.19576957821846008,-0.032783277332782745,-0.012875287793576717,-0.2141014039516449,0.835951566696167,0.0,0.0,0.0,0.0,0.0,0.0,0.0,0.0,0.0,0.0,0.0,0.0
1761396913871873281,17226,1761396913871389856,,joint1,joint2,joint3,joint4,joint5,joint6,-0.00031403140746988356,-0.19576957821846008,-0.032783277332782745,-0.012875287793576717,-0.2141014039516449,0.835951566696167,0.0,0.0,0.0,0.0,0.0,0.0,0.0,0.0,0.0,0.0,0.0,0.0
1761396913891885817,17227,1761396913891388935,,joint1,joint2,joint3,joint4,joint5,joint6,-0.00031403140746988356,-0.19626963138580322,-0.032783277332782745,-0.012875287793576717,-0.2141014039516449,0.835951566696167,0.0,0.0,0.0,0.0,0.0,0.0,0.0,0.0,0.0,0.0,0.0,0.0
1761396913911913301,17228,1761396913911381474,,joint1,joint2,joint3,joint4,joint5,joint6,-0.00031403140746988356,-0.1982698291540146,-0.032783277332782745,-0.012875287793576717,-0.2141014039516449,0.835951566696167,0.0,0.0,0.0,0.0,0.0,0.0,0.0,0.0,0.0,0.0,0.0,0.0
1761396913932191345,17229,1761396913931383330,,joint1,joint2,joint3,joint4,joint5,joint6,-0.00031403140746988356,-0.1982698291540146,-0.032783277332782745,-0.012875287793576717,-0.2141014039516449,0.835951566696167,0.0,0.0,0.0,0.0,0.0,0.0,0.0,0.0,0.0,0.0,0.0,0.0
1761396913952389024,17230,1761396913951332001,,joint1,joint2,joint3,joint4,joint5,joint6,-0.00031403140746988356,-0.1997699737548828,-0.032783277332782745,-0.012875287793576717,-0.2141014039516449,0.835951566696167,0.0,0.0,0.0,0.0,0.0,0.0,0.0,0.0,0.0,0.0,0.0,0.0
1761396913972188682,17231,1761396913971392431,,joint1,joint2,joint3,joint4,joint5,joint6,-0.00031403140746988356,-0.1997699737548828,-0.032783277332782745,-0.012875287793576717,-0.2141014039516449,0.835951566696167,0.0,0.0,0.0,0.0,0.0,0.0,0.0,0.0,0.0,0.0,0.0,0.0
1761396913991644466,17232,1761396913991372923,,joint1,joint2,joint3,joint4,joint5,joint6,-0.00031403140746988356,-0.20177017152309418,-0.032783277332782745,-0.012875287793576717,-0.2141014039516449,0.835951566696167,0.0,0.0,0.0,0.0,0.0,0.0,0.0,0.0,0.0,0.0,0.0,0.0
1761396914012126886,17233,1761396914011382522,,joint1,joint2,joint3,joint4,joint5,joint6,-0.00031403140746988356,-0.20177017152309418,-0.032783277332782745,-0.012875287793576717,-0.2141014039516449,0.835951566696167,0.0,0.0,0.0,0.0,0.0,0.0,0.0,0.0,0.0,0.0,0.0,0.0
1761396914032087807,17234,1761396914031365175,,joint1,joint2,joint3,joint4,joint5,joint6,-0.00031403140746988356,-0.2032703310251236,-0.032783277332782745,-0.012875287793576717,-0.2141014039516449,0.835951566696167,0.0,0.0,0.0,0.0,0.0,0.0,0.0,0.0,0.0,0.0,0.0,0.0
1761396914052434143,17235,1761396914051387782,,joint1,joint2,joint3,joint4,joint5,joint6,-0.00031403140746988356,-0.2032703310251236,-0.032783277332782745,-0.012875287793576717,-0.2141014039516449,0.835951566696167,0.0,0.0,0.0,0.0,0.0,0.0,0.0,0.0,0.0,0.0,0.0,0.0
1761396914071883830,17236,1761396914071341225,,joint1,joint2,joint3,joint4,joint5,joint6,-0.00031403140746988356,-0.20627062022686005,-0.032783277332782745,-0.012875287793576717,-0.2141014039516449,0.835951566696167,0.0,0.0,0.0,0.0,0.0,0.0,0.0,0.0,0.0,0.0,0.0,0.0
1761396914092135000,17237,1761396914091370644,,joint1,joint2,joint3,joint4,joint5,joint6,-0.00031403140746988356,-0.2092709243297577,-0.032783277332782745,-0.012875287793576717,-0.2141014039516449,0.835951566696167,0.0,0.0,0.0,0.0,0.0,0.0,0.0,0.0,0.0,0.0,0.0,0.0
1761396914112139072,17238,1761396914111322760,,joint1,joint2,joint3,joint4,joint5,joint6,-0.00031403140746988356,-0.2092709243297577,-0.032783277332782745,-0.012875287793576717,-0.2141014039516449,0.835951566696167,0.0,0.0,0.0,0.0,0.0,0.0,0.0,0.0,0.0,0.0,0.0,0.0
1761396914131883931,17239,1761396914131333203,,joint1,joint2,joint3,joint4,joint5,joint6,-0.00031403140746988356,-0.21227122843265533,-0.032783277332782745,-0.012875287793576717,-0.2141014039516449,0.835951566696167,0.0,0.0,0.0,0.0,0.0,0.0,0.0,0.0,0.0,0.0,0.0,0.0
1761396914151926804,17240,1761396914151334850,,joint1,joint2,joint3,joint4,joint5,joint6,-0.00031403140746988356,-0.21227122843265533,-0.032783277332782745,-0.012875287793576717,-0.2141014039516449,0.835951566696167,0.0,0.0,0.0,0.0,0.0,0.0,0.0,0.0,0.0,0.0,0.0,0.0
1761396914171929511,17241,1761396914171383089,,joint1,joint2,joint3,joint4,joint5,joint6,-0.00031403140746988356,-0.21477147936820984,-0.032783277332782745,-0.012875287793576717,-0.2141014039516449,0.835951566696167,0.0,0.0,0.0,0.0,0.0,0.0,0.0,0.0,0.0,0.0,0.0,0.0
1761396914191928544,17242,1761396914191387105,,joint1,joint2,joint3,joint4,joint5,joint6,-0.00031403140746988356,-0.21477147936820984,-0.032783277332782745,-0.012875287793576717,-0.2141014039516449,0.835951566696167,0.0,0.0,0.0,0.0,0.0,0.0,0.0,0.0,0.0,0.0,0.0,0.0
1761396914211931088,17243,1761396914211324460,,joint1,joint2,joint3,joint4,joint5,joint6,-0.00031403140746988356,-0.21827182173728943,-0.032783277332782745,-0.012875287793576717,-0.2141014039516449,0.835951566696167,0.0,0.0,0.0,0.0,0.0,0.0,0.0,0.0,0.0,0.0,0.0,0.0
1761396914232148289,17244,1761396914231365162,,joint1,joint2,joint3,joint4,joint5,joint6,-0.00031403140746988356,-0.21827182173728943,-0.032783277332782745,-0.012875287793576717,-0.2141014039516449,0.835951566696167,0.0,0.0,0.0,0.0,0.0,0.0,0.0,0.0,0.0,0.0,0.0,0.0
1761396914252242097,17245,1761396914251330496,,joint1,joint2,joint3,joint4,joint5,joint6,-0.00031403140746988356,-0.2227722704410553,-0.032783277332782745,-0.012875287793576717,-0.2141014039516449,0.835951566696167,0.0,0.0,0.0,0.0,0.0,0.0,0.0,0.0,0.0,0.0,0.0,0.0
1761396914272355363,17246,1761396914271334568,,joint1,joint2,joint3,joint4,joint5,joint6,-0.00031403140746988356,-0.22727273404598236,-0.032783277332782745,-0.012875287793576717,-0.2141014039516449,0.835951566696167,0.0,0.0,0.0,0.0,0.0,0.0,0.0,0.0,0.0,0.0,0.0,0.0
1761396914291905098,17247,1761396914291387472,,joint1,joint2,joint3,joint4,joint5,joint6,-0.00031403140746988356,-0.22727273404598236,-0.032783277332782745,-0.012875287793576717,-0.2141014039516449,0.835951566696167,0.0,0.0,0.0,0.0,0.0,0.0,0.0,0.0,0.0,0.0,0.0,0.0
1761396914312440105,17248,1761396914311425651,,joint1,joint2,joint3,joint4,joint5,joint6,-0.00031403140746988356,-0.23227322101593018,-0.032783277332782745,-0.012875287793576717,-0.2141014039516449,0.835951566696167,0.0,0.0,0.0,0.0,0.0,0.0,0.0,0.0,0.0,0.0,0.0,0.0
1761396914331969311,17249,1761396914331388191,,joint1,joint2,joint3,joint4,joint5,joint6,-0.00031403140746988356,-0.23227322101593018,-0.032783277332782745,-0.012875287793576717,-0.2141014039516449,0.835951566696167,0.0,0.0,0.0,0.0,0.0,0.0,0.0,0.0,0.0,0.0,0.0,0.0
1761396914352355109,17250,1761396914351386830,,joint1,joint2,joint3,joint4,joint5,joint6,-0.00031403140746988356,-0.23527352511882782,-0.032783277332782745,-0.012875287793576717,-0.2141014039516449,0.835951566696167,0.0,0.0,0.0,0.0,0.0,0.0,0.0,0.0,0.0,0.0,0.0,0.0
1761396914372213505,17251,1761396914371384171,,joint1,joint2,joint3,joint4,joint5,joint6,-0.00031403140746988356,-0.23527352511882782,-0.032783277332782745,-0.012875287793576717,-0.2141014039516449,0.835951566696167,0.0,0.0,0.0,0.0,0.0,0.0,0.0,0.0,0.0,0.0,0.0,0.0
1761396914392416249,17252,1761396914391334124,,joint1,joint2,joint3,joint4,joint5,joint6,-0.00031403140746988356,-0.2412741333246231,-0.032783277332782745,-0.012875287793576717,-0.2141014039516449,0.835951566696167,0.0,0.0,0.0,0.0,0.0,0.0,0.0,0.0,0.0,0.0,0.0,0.0
1761396914412028051,17253,1761396914411331942,,joint1,joint2,joint3,joint4,joint5,joint6,-0.00031403140746988356,-0.2412741333246231,-0.032783277332782745,-0.012875287793576717,-0.2141014039516449,0.835951566696167,0.0,0.0,0.0,0.0,0.0,0.0,0.0,0.0,0.0,0.0,0.0,0.0
1761396914432302969,17254,1761396914431331479,,joint1,joint2,joint3,joint4,joint5,joint6,-0.00031403140746988356,-0.24677467346191406,-0.032783277332782745,-0.012875287793576717,-0.2141014039516449,0.835951566696167,0.0,0.0,0.0,0.0,0.0,0.0,0.0,0.0,0.0,0.0,0.0,0.0
1761396914452266177,17255,1761396914451335457,,joint1,joint2,joint3,joint4,joint5,joint6,-0.00031403140746988356,-0.25277528166770935,-0.032783277332782745,-0.012875287793576717,-0.2141014039516449,0.835951566696167,0.0,0.0,0.0,0.0,0.0,0.0,0.0,0.0,0.0,0.0,0.0,0.0
1761396914472143715,17256,1761396914471330758,,joint1,joint2,joint3,joint4,joint5,joint6,-0.00031403140746988356,-0.25277528166770935,-0.032783277332782745,-0.012875287793576717,-0.2141014039516449,0.835951566696167,0.0,0.0,0.0,0.0,0.0,0.0,0.0,0.0,0.0,0.0,0.0,0.0
1761396914492257894,17257,1761396914491343960,,joint1,joint2,joint3,joint4,joint5,joint6,-0.00031403140746988356,-0.25627562403678894,-0.032783277332782745,-0.012875287793576717,-0.2141014039516449,0.835951566696167,0.0,0.0,0.0,0.0,0.0,0.0,0.0,0.0,0.0,0.0,0.0,0.0
1761396914512217069,17258,1761396914511330217,,joint1,joint2,joint3,joint4,joint5,joint6,-0.00031403140746988356,-0.25627562403678894,-0.032783277332782745,-0.012875287793576717,-0.2141014039516449,0.835951566696167,0.0,0.0,0.0,0.0,0.0,0.0,0.0,0.0,0.0,0.0,0.0,0.0
1761396914532336019,17259,1761396914531334363,,joint1,joint2,joint3,joint4,joint5,joint6,-0.00031403140746988356,-0.2632763385772705,-0.032783277332782745,-0.012875287793576717,-0.2141014039516449,0.835951566696167,0.0,0.0,0.0,0.0,0.0,0.0,0.0,0.0,0.0,0.0,0.0,0.0
1761396914552416979,17260,1761396914551350146,,joint1,joint2,joint3,joint4,joint5,joint6,-0.00031403140746988356,-0.2632763385772705,-0.032783277332782745,-0.012875287793576717,-0.2141014039516449,0.835951566696167,0.0,0.0,0.0,0.0,0.0,0.0,0.0,0.0,0.0,0.0,0.0,0.0
1761396914572194161,17261,1761396914571330308,,joint1,joint2,joint3,joint4,joint5,joint6,-0.00031403140746988356,-0.2702770233154297,-0.032783277332782745,-0.012875287793576717,-0.2141014039516449,0.835951566696167,0.0,0.0,0.0,0.0,0.0,0.0,0.0,0.0,0.0,0.0,0.0,0.0
1761396914591939721,17262,1761396914591382781,,joint1,joint2,joint3,joint4,joint5,joint6,-0.00031403140746988356,-0.2702770233154297,-0.032783277332782745,-0.012875287793576717,-0.2141014039516449,0.835951566696167,0.0,0.0,0.0,0.0,0.0,0.0,0.0,0.0,0.0,0.0,0.0,0.0
1761396914612129507,17263,1761396914611380614,,joint1,joint2,joint3,joint4,joint5,joint6,-0.00031403140746988356,-0.2777777910232544,-0.032783277332782745,-0.012875287793576717,-0.2141014039516449,0.835951566696167,0.0,0.0,0.0,0.0,0.0,0.0,0.0,0.0,0.0,0.0,0.0,0.0
1761396914632452728,17264,1761396914631333481,,joint1,joint2,joint3,joint4,joint5,joint6,-0.00031403140746988356,-0.2817781865596771,-0.032783277332782745,-0.012875287793576717,-0.2141014039516449,0.835951566696167,0.0,0.0,0.0,0.0,0.0,0.0,0.0,0.0,0.0,0.0,0.0,0.0
1761396914651916607,17265,1761396914651384089,,joint1,joint2,joint3,joint4,joint5,joint6,-0.00031403140746988356,-0.2817781865596771,-0.032783277332782745,-0.012875287793576717,-0.2141014039516449,0.835951566696167,0.0,0.0,0.0,0.0,0.0,0.0,0.0,0.0,0.0,0.0,0.0,0.0
1761396914672305891,17266,1761396914671391757,,joint1,joint2,joint3,joint4,joint5,joint6,-0.00031403140746988356,-0.2897789776325226,-0.032783277332782745,-0.012875287793576717,-0.2141014039516449,0.835951566696167,0.0,0.0,0.0,0.0,0.0,0.0,0.0,0.0,0.0,0.0,0.0,0.0
1761396914691948935,17267,1761396914691377114,,joint1,joint2,joint3,joint4,joint5,joint6,-0.00031403140746988356,-0.2897789776325226,-0.032783277332782745,-0.012875287793576717,-0.2141014039516449,0.835951566696167,0.0,0.0,0.0,0.0,0.0,0.0,0.0,0.0,0.0,0.0,0.0,0.0
1761396914712325929,17268,1761396914711392913,,joint1,joint2,joint3,joint4,joint5,joint6,-0.00031403140746988356,-0.2982798218727112,-0.032783277332782745,-0.012875287793576717,-0.2141014039516449,0.835951566696167,0.0,0.0,0.0,0.0,0.0,0.0,0.0,0.0,0.0,0.0,0.0,0.0
1761396914732141035,17269,1761396914731386552,,joint1,joint2,joint3,joint4,joint5,joint6,-0.00031403140746988356,-0.2982798218727112,-0.032783277332782745,-0.012875287793576717,-0.2141014039516449,0.835951566696167,0.0,0.0,0.0,0.0,0.0,0.0,0.0,0.0,0.0,0.0,0.0,0.0
1761396914752456535,17270,1761396914751386166,,joint1,joint2,joint3,joint4,joint5,joint6,-0.00031403140746988356,-0.3067806661128998,-0.032783277332782745,-0.012875287793576717,-0.2141014039516449,0.835951566696167,0.0,0.0,0.0,0.0,0.0,0.0,0.0,0.0,0.0,0.0,0.0,0.0
1761396914771884584,17271,1761396914771359271,,joint1,joint2,joint3,joint4,joint5,joint6,-0.00031403140746988356,-0.3067806661128998,-0.032783277332782745,-0.012875287793576717,-0.2141014039516449,0.835951566696167,0.0,0.0,0.0,0.0,0.0,0.0,0.0,0.0,0.0,0.0,0.0,0.0
1761396914791926451,17272,1761396914791342550,,joint1,joint2,joint3,joint4,joint5,joint6,-0.00031403140746988356,-0.31628161668777466,-0.032783277332782745,-0.012875287793576717,-0.2141014039516449,0.835951566696167,0.0,0.0,0.0,0.0,0.0,0.0,0.0,0.0,0.0,0.0,0.0,0.0
1761396914812074499,17273,1761396914811365334,,joint1,joint2,joint3,joint4,joint5,joint6,-0.00031403140746988356,-0.3207820653915405,-0.032783277332782745,-0.012875287793576717,-0.2141014039516449,0.835951566696167,0.0,0.0,0.0,0.0,0.0,0.0,0.0,0.0,0.0,0.0,0.0,0.0
1761396914832086127,17274,1761396914831332027,,joint1,joint2,joint3,joint4,joint5,joint6,-0.00031403140746988356,-0.3207820653915405,-0.032783277332782745,-0.012875287793576717,-0.2141014039516449,0.835951566696167,0.0,0.0,0.0,0.0,0.0,0.0,0.0,0.0,0.0,0.0,0.0,0.0
1761396914852254229,17275,1761396914851385990,,joint1,joint2,joint3,joint4,joint5,joint6,-0.00031403140746988356,-0.3302830159664154,-0.032783277332782745,-0.012875287793576717,-0.2141014039516449,0.835951566696167,0.0,0.0,0.0,0.0,0.0,0.0,0.0,0.0,0.0,0.0,0.0,0.0
1761396914871970262,17276,1761396914871389460,,joint1,joint2,joint3,joint4,joint5,joint6,-0.00031403140746988356,-0.3302830159664154,-0.032783277332782745,-0.012875287793576717,-0.2141014039516449,0.835951566696167,0.0,0.0,0.0,0.0,0.0,0.0,0.0,0.0,0.0,0.0,0.0,0.0
1761396914892071516,17277,1761396914891392628,,joint1,joint2,joint3,joint4,joint5,joint6,-0.00031403140746988356,-0.34078407287597656,-0.032783277332782745,-0.012875287793576717,-0.2141014039516449,0.835951566696167,0.0,0.0,0.0,0.0,0.0,0.0,0.0,0.0,0.0,0.0,0.0,0.0
1761396914912151570,17278,1761396914911382698,,joint1,joint2,joint3,joint4,joint5,joint6,-0.00031403140746988356,-0.34078407287597656,-0.032783277332782745,-0.012875287793576717,-0.2141014039516449,0.835951566696167,0.0,0.0,0.0,0.0,0.0,0.0,0.0,0.0,0.0,0.0,0.0,0.0
1761396914931835870,17279,1761396914931323354,,joint1,joint2,joint3,joint4,joint5,joint6,-0.00031403140746988356,-0.3512851297855377,-0.032783277332782745,-0.012875287793576717,-0.2141014039516449,0.835951566696167,0.0,0.0,0.0,0.0,0.0,0.0,0.0,0.0,0.0,0.0,0.0,0.0
1761396914952104117,17280,1761396914951339864,,joint1,joint2,joint3,joint4,joint5,joint6,-0.00031403140746988356,-0.3512851297855377,-0.032783277332782745,-0.012875287793576717,-0.2141014039516449,0.835951566696167,0.0,0.0,0.0,0.0,0.0,0.0,0.0,0.0,0.0,0.0,0.0,0.0
1761396914972753104,17281,1761396914971383174,,joint1,joint2,joint3,joint4,joint5,joint6,-0.00031403140746988356,-0.35628563165664673,-0.032783277332782745,-0.012875287793576717,-0.2141014039516449,0.835951566696167,0.0,0.0,0.0,0.0,0.0,0.0,0.0,0.0,0.0,0.0,0.0,0.0
1761396914991880664,17282,1761396914991341651,,joint1,joint2,joint3,joint4,joint5,joint6,-0.00031403140746988356,-0.367286741733551,-0.032783277332782745,-0.012875287793576717,-0.2141014039516449,0.835951566696167,0.0,0.0,0.0,0.0,0.0,0.0,0.0,0.0,0.0,0.0,0.0,0.0
1761396915011904305,17283,1761396915011335932,,joint1,joint2,joint3,joint4,joint5,joint6,-0.00031403140746988356,-0.367286741733551,-0.032783277332782745,-0.012875287793576717,-0.2141014039516449,0.835951566696167,0.0,0.0,0.0,0.0,0.0,0.0,0.0,0.0,0.0,0.0,0.0,0.0
1761396915032137923,17284,1761396915031332595,,joint1,joint2,joint3,joint4,joint5,joint6,-0.00031403140746988356,-0.37828782200813293,-0.032783277332782745,-0.012875287793576717,-0.2141014039516449,0.835951566696167,0.0,0.0,0.0,0.0,0.0,0.0,0.0,0.0,0.0,0.0,0.0,0.0
1761396915051928077,17285,1761396915051384579,,joint1,joint2,joint3,joint4,joint5,joint6,-0.00031403140746988356,-0.37828782200813293,-0.032783277332782745,-0.012875287793576717,-0.2141014039516449,0.835951566696167,0.0,0.0,0.0,0.0,0.0,0.0,0.0,0.0,0.0,0.0,0.0,0.0
1761396915072419752,17286,1761396915071438035,,joint1,joint2,joint3,joint4,joint5,joint6,-0.00031403140746988356,-0.3902890384197235,-0.032783277332782745,-0.012875287793576717,-0.2141014039516449,0.835951566696167,0.0,0.0,0.0,0.0,0.0,0.0,0.0,0.0,0.0,0.0,0.0,0.0
1761396915092244943,17287,1761396915091332064,,joint1,joint2,joint3,joint4,joint5,joint6,-0.00031403140746988356,-0.3902890384197235,-0.032783277332782745,-0.012875287793576717,-0.2141014039516449,0.835951566696167,0.0,0.0,0.0,0.0,0.0,0.0,0.0,0.0,0.0,0.0,0.0,0.0
1761396915112121499,17288,1761396915111342845,,joint1,joint2,joint3,joint4,joint5,joint6,-0.00031403140746988356,-0.3962896168231964,-0.032783277332782745,-0.012875287793576717,-0.2141014039516449,0.835951566696167,0.0,0.0,0.0,0.0,0.0,0.0,0.0,0.0,0.0,0.0,0.0,0.0
1761396915131808643,17289,1761396915131333319,,joint1,joint2,joint3,joint4,joint5,joint6,-0.00031403140746988356,-0.3962896168231964,-0.032783277332782745,-0.012875287793576717,-0.2141014039516449,0.835951566696167,0.0,0.0,0.0,0.0,0.0,0.0,0.0,0.0,0.0,0.0,0.0,0.0
1761396915151893070,17290,1761396915151384967,,joint1,joint2,joint3,joint4,joint5,joint6,-0.00031403140746988356,-0.408290833234787,-0.032783277332782745,-0.012875287793576717,-0.2141014039516449,0.835951566696167,0.0,0.0,0.0,0.0,0.0,0.0,0.0,0.0,0.0,0.0,0.0,0.0
1761396915171789289,17291,1761396915171328411,,joint1,joint2,joint3,joint4,joint5,joint6,-0.00031403140746988356,-0.4207920730113983,-0.032783277332782745,-0.012875287793576717,-0.2141014039516449,0.835951566696167,0.0,0.0,0.0,0.0,0.0,0.0,0.0,0.0,0.0,0.0,0.0,0.0
1761396915191893532,17292,1761396915191378756,,joint1,joint2,joint3,joint4,joint5,joint6,-0.00031403140746988356,-0.4207920730113983,-0.032783277332782745,-0.012875287793576717,-0.2141014039516449,0.835951566696167,0.0,0.0,0.0,0.0,0.0,0.0,0.0,0.0,0.0,0.0,0.0,0.0
1761396915212324229,17293,1761396915211386226,,joint1,joint2,joint3,joint4,joint5,joint6,-0.00031403140746988356,-0.4337933659553528,-0.032783277332782745,-0.012875287793576717,-0.2141014039516449,0.835951566696167,0.0,0.0,0.0,0.0,0.0,0.0,0.0,0.0,0.0,0.0,0.0,0.0
1761396915231958761,17294,1761396915231384137,,joint1,joint2,joint3,joint4,joint5,joint6,-0.00031403140746988356,-0.4337933659553528,-0.032783277332782745,-0.012875287793576717,-0.2141014039516449,0.835951566696167,0.0,0.0,0.0,0.0,0.0,0.0,0.0,0.0,0.0,0.0,0.0,0.0
1761396915251879386,17295,1761396915251382779,,joint1,joint2,joint3,joint4,joint5,joint6,-0.00031403140746988356,-0.44679468870162964,-0.032783277332782745,-0.012875287793576717,-0.2141014039516449,0.835951566696167,0.0,0.0,0.0,0.0,0.0,0.0,0.0,0.0,0.0,0.0,0.0,0.0
1761396915272553948,17296,1761396915271386035,,joint1,joint2,joint3,joint4,joint5,joint6,-0.00031403140746988356,-0.44679468870162964,-0.032783277332782745,-0.012875287793576717,-0.2141014039516449,0.835951566696167,0.0,0.0,0.0,0.0,0.0,0.0,0.0,0.0,0.0,0.0,0.0,0.0
1761396915292100847,17297,1761396915291386967,,joint1,joint2,joint3,joint4,joint5,joint6,-0.00031403140746988356,-0.4537953734397888,-0.032783277332782745,-0.012875287793576717,-0.2141014039516449,0.835951566696167,0.0,0.0,0.0,0.0,0.0,0.0,0.0,0.0,0.0,0.0,0.0,0.0
1761396915312220345,17298,1761396915311327500,,joint1,joint2,joint3,joint4,joint5,joint6,-0.00031403140746988356,-0.4537953734397888,-0.032783277332782745,-0.012875287793576717,-0.2141014039516449,0.835951566696167,0.0,0.0,0.0,0.0,0.0,0.0,0.0,0.0,0.0,0.0,0.0,0.0
1761396915332093049,17299,1761396915331324681,,joint1,joint2,joint3,joint4,joint5,joint6,-0.00031403140746988356,-0.4672967195510864,-0.032783277332782745,-0.012875287793576717,-0.2141014039516449,0.835951566696167,0.0,0.0,0.0,0.0,0.0,0.0,0.0,0.0,0.0,0.0,0.0,0.0
1761396915352204654,17300,1761396915351387715,,joint1,joint2,joint3,joint4,joint5,joint6,-0.00031403140746988356,-0.4817981719970703,-0.032783277332782745,-0.012875287793576717,-0.2141014039516449,0.835951566696167,0.0,0.0,0.0,0.0,0.0,0.0,0.0,0.0,0.0,0.0,0.0,0.0
1761396915372557597,17301,1761396915371382449,,joint1,joint2,joint3,joint4,joint5,joint6,-0.00031403140746988356,-0.4817981719970703,-0.032783277332782745,-0.012875287793576717,-0.2141014039516449,0.835951566696167,0.0,0.0,0.0,0.0,0.0,0.0,0.0,0.0,0.0,0.0,0.0,0.0
1761396915391831236,17302,1761396915391334856,,joint1,joint2,joint3,joint4,joint5,joint6,-0.00031403140746988356,-0.4962996244430542,-0.032783277332782745,-0.012875287793576717,-0.2141014039516449,0.835951566696167,0.0,0.0,0.0,0.0,0.0,0.0,0.0,0.0,0.0,0.0,0.0,0.0
1761396915411946702,17303,1761396915411343255,,joint1,joint2,joint3,joint4,joint5,joint6,-0.00031403140746988356,-0.4962996244430542,-0.032783277332782745,-0.012875287793576717,-0.2141014039516449,0.835951566696167,0.0,0.0,0.0,0.0,0.0,0.0,0.0,0.0,0.0,0.0,0.0,0.0
1761396915431986450,17304,1761396915431376468,,joint1,joint2,joint3,joint4,joint5,joint6,-0.00031403140746988356,-0.5038003921508789,-0.032783277332782745,-0.012875287793576717,-0.2141014039516449,0.835951566696167,0.0,0.0,0.0,0.0,0.0,0.0,0.0,0.0,0.0,0.0,0.0,0.0
1761396915452067000,17305,1761396915451383712,,joint1,joint2,joint3,joint4,joint5,joint6,-0.00031403140746988356,-0.5038003921508789,-0.032783277332782745,-0.012875287793576717,-0.2141014039516449,0.835951566696167,0.0,0.0,0.0,0.0,0.0,0.0,0.0,0.0,0.0,0.0,0.0,0.0
1761396915472161345,17306,1761396915471383411,,joint1,joint2,joint3,joint4,joint5,joint6,-0.00031403140746988356,-0.5183018445968628,-0.032783277332782745,-0.012875287793576717,-0.2141014039516449,0.835951566696167,0.0,0.0,0.0,0.0,0.0,0.0,0.0,0.0,0.0,0.0,0.0,0.0
1761396915492081354,17307,1761396915491380563,,joint1,joint2,joint3,joint4,joint5,joint6,-0.00031403140746988356,-0.5183018445968628,-0.032783277332782745,-0.012875287793576717,-0.2141014039516449,0.835951566696167,0.0,0.0,0.0,0.0,0.0,0.0,0.0,0.0,0.0,0.0,0.0,0.0
1761396915512196288,17308,1761396915511344562,,joint1,joint2,joint3,joint4,joint5,joint6,-0.00031403140746988356,-0.5343034267425537,-0.032783277332782745,-0.012875287793576717,-0.2141014039516449,0.835951566696167,0.0,0.0,0.0,0.0,0.0,0.0,0.0,0.0,0.0,0.0,0.0,0.0
1761396915531931320,17309,1761396915531382964,,joint1,joint2,joint3,joint4,joint5,joint6,-0.00031403140746988356,-0.5498049855232239,-0.032783277332782745,-0.012875287793576717,-0.2141014039516449,0.835951566696167,0.0,0.0,0.0,0.0,0.0,0.0,0.0,0.0,0.0,0.0,0.0,0.0
1761396915552067089,17310,1761396915551386419,,joint1,joint2,joint3,joint4,joint5,joint6,-0.00031403140746988356,-0.5498049855232239,-0.032783277332782745,-0.012875287793576717,-0.2141014039516449,0.835951566696167,0.0,0.0,0.0,0.0,0.0,0.0,0.0,0.0,0.0,0.0,0.0,0.0
1761396915572099586,17311,1761396915571382442,,joint1,joint2,joint3,joint4,joint5,joint6,-0.00031403140746988356,-0.5578057765960693,-0.032783277332782745,-0.012875287793576717,-0.2141014039516449,0.835951566696167,0.0,0.0,0.0,0.0,0.0,0.0,0.0,0.0,0.0,0.0,0.0,0.0
1761396915591934932,17312,1761396915591384833,,joint1,joint2,joint3,joint4,joint5,joint6,-0.00031403140746988356,-0.5578057765960693,-0.032783277332782745,-0.012875287793576717,-0.2141014039516449,0.835951566696167,0.0,0.0,0.0,0.0,0.0,0.0,0.0,0.0,0.0,0.0,0.0,0.0
1761396915611918152,17313,1761396915611385272,,joint1,joint2,joint3,joint4,joint5,joint6,-0.00031403140746988356,-0.5663066506385803,-0.032783277332782745,-0.012875287793576717,-0.2141014039516449,0.835951566696167,0.0,0.0,0.0,0.0,0.0,0.0,0.0,0.0,0.0,0.0,0.0,0.0
1761396915632057631,17314,1761396915631348621,,joint1,joint2,joint3,joint4,joint5,joint6,-0.00031403140746988356,-0.5663066506385803,-0.032783277332782745,-0.012875287793576717,-0.2141014039516449,0.835951566696167,0.0,0.0,0.0,0.0,0.0,0.0,0.0,0.0,0.0,0.0,0.0,0.0
1761396915652329598,17315,1761396915651379222,,joint1,joint2,joint3,joint4,joint5,joint6,-0.00031403140746988356,-0.5663066506385803,-0.032783277332782745,-0.012875287793576717,-0.2141014039516449,0.835951566696167,0.0,0.0,0.0,0.0,0.0,0.0,0.0,0.0,0.0,0.0,0.0,0.0
1761396915672036955,17316,1761396915671330950,,joint1,joint2,joint3,joint4,joint5,joint6,-0.00031403140746988356,-0.5663066506385803,-0.032783277332782745,-0.012875287793576717,-0.2141014039516449,0.835951566696167,0.0,0.0,0.0,0.0,0.0,0.0,0.0,0.0,0.0,0.0,0.0,0.0
1761396915691975513,17317,1761396915691390696,,joint1,joint2,joint3,joint4,joint5,joint6,-0.00031403140746988356,-0.5663066506385803,-0.032783277332782745,-0.012875287793576717,-0.2141014039516449,0.835951566696167,0.0,0.0,0.0,0.0,0.0,0.0,0.0,0.0,0.0,0.0,0.0,0.0
1761396915711871900,17318,1761396915711356948,,joint1,joint2,joint3,joint4,joint5,joint6,-0.00031403140746988356,-0.5663066506385803,-0.032783277332782745,-0.012875287793576717,-0.2141014039516449,0.835951566696167,0.0,0.0,0.0,0.0,0.0,0.0,0.0,0.0,0.0,0.0,0.0,0.0
1761396915732158431,17319,1761396915731384489,,joint1,joint2,joint3,joint4,joint5,joint6,-0.00031403140746988356,-0.5663066506385803,-0.032783277332782745,-0.012875287793576717,-0.2141014039516449,0.835951566696167,0.0,0.0,0.0,0.0,0.0,0.0,0.0,0.0,0.0,0.0,0.0,0.0
1761396915751918681,17320,1761396915751359332,,joint1,joint2,joint3,joint4,joint5,joint6,-0.00031403140746988356,-0.5663066506385803,-0.032783277332782745,-0.012875287793576717,-0.2141014039516449,0.835951566696167,0.0,0.0,0.0,0.0,0.0,0.0,0.0,0.0,0.0,0.0,0.0,0.0
1761396915771927630,17321,1761396915771393616,,joint1,joint2,joint3,joint4,joint5,joint6,-0.00031403140746988356,-0.5663066506385803,-0.032783277332782745,-0.012875287793576717,-0.2141014039516449,0.835951566696167,0.0,0.0,0.0,0.0,0.0,0.0,0.0,0.0,0.0,0.0,0.0,0.0
1761396915792094944,17322,1761396915791386861,,joint1,joint2,joint3,joint4,joint5,joint6,-0.00031403140746988356,-0.5663066506385803,-0.032783277332782745,-0.012875287793576717,-0.2141014039516449,0.835951566696167,0.0,0.0,0.0,0.0,0.0,0.0,0.0,0.0,0.0,0.0,0.0,0.0
1761396915811882465,17323,1761396915811386581,,joint1,joint2,joint3,joint4,joint5,joint6,-0.00031403140746988356,-0.5663066506385803,-0.032783277332782745,-0.012875287793576717,-0.2141014039516449,0.835951566696167,0.0,0.0,0.0,0.0,0.0,0.0,0.0,0.0,0.0,0.0,0.0,0.0
1761396915831998392,17324,1761396915831388734,,joint1,joint2,joint3,joint4,joint5,joint6,-0.00031403140746988356,-0.5663066506385803,-0.032783277332782745,-0.012875287793576717,-0.2141014039516449,0.835951566696167,0.0,0.0,0.0,0.0,0.0,0.0,0.0,0.0,0.0,0.0,0.0,0.0
1761396915852206759,17325,1761396915851330602,,joint1,joint2,joint3,joint4,joint5,joint6,-0.00031403140746988356,-0.5663066506385803,-0.032783277332782745,-0.012875287793576717,-0.2141014039516449,0.835951566696167,0.0,0.0,0.0,0.0,0.0,0.0,0.0,0.0,0.0,0.0,0.0,0.0
1761396915872420777,17326,1761396915871399514,,joint1,joint2,joint3,joint4,joint5,joint6,-0.00031403140746988356,-0.5663066506385803,-0.032783277332782745,-0.012875287793576717,-0.2141014039516449,0.835951566696167,0.0,0.0,0.0,0.0,0.0,0.0,0.0,0.0,0.0,0.0,0.0,0.0
1761396915891792904,17327,1761396915891345958,,joint1,joint2,joint3,joint4,joint5,joint6,-0.00031403140746988356,-0.5663066506385803,-0.032783277332782745,-0.012875287793576717,-0.2141014039516449,0.835951566696167,0.0,0.0,0.0,0.0,0.0,0.0,0.0,0.0,0.0,0.0,0.0,0.0
1761396915912166863,17328,1761396915911356916,,joint1,joint2,joint3,joint4,joint5,joint6,-0.00031403140746988356,-0.5663066506385803,-0.032783277332782745,-0.012875287793576717,-0.2141014039516449,0.835951566696167,0.0,0.0,0.0,0.0,0.0,0.0,0.0,0.0,0.0,0.0,0.0,0.0
1761396915932242763,17329,1761396915931377358,,joint1,joint2,joint3,joint4,joint5,joint6,-0.00031403140746988356,-0.5663066506385803,-0.032783277332782745,-0.012875287793576717,-0.2141014039516449,0.835951566696167,0.0,0.0,0.0,0.0,0.0,0.0,0.0,0.0,0.0,0.0,0.0,0.0
1761396915952273784,17330,1761396915951383057,,joint1,joint2,joint3,joint4,joint5,joint6,-0.00031403140746988356,-0.5663066506385803,-0.032783277332782745,-0.012875287793576717,-0.2141014039516449,0.835951566696167,0.0,0.0,0.0,0.0,0.0,0.0,0.0,0.0,0.0,0.0,0.0,0.0
1761396915972189070,17331,1761396915971339468,,joint1,joint2,joint3,joint4,joint5,joint6,-0.00031403140746988356,-0.5663066506385803,-0.032783277332782745,-0.012875287793576717,-0.2141014039516449,0.835951566696167,0.0,0.0,0.0,0.0,0.0,0.0,0.0,0.0,0.0,0.0,0.0,0.0
1761396915992099594,17332,1761396915991387435,,joint1,joint2,joint3,joint4,joint5,joint6,-0.00031403140746988356,-0.5663066506385803,-0.032783277332782745,-0.012875287793576717,-0.2141014039516449,0.835951566696167,0.0,0.0,0.0,0.0,0.0,0.0,0.0,0.0,0.0,0.0,0.0,0.0
1761396916012196585,17333,1761396916011383064,,joint1,joint2,joint3,joint4,joint5,joint6,-0.00031403140746988356,-0.5663066506385803,-0.032783277332782745,-0.012875287793576717,-0.2141014039516449,0.835951566696167,0.0,0.0,0.0,0.0,0.0,0.0,0.0,0.0,0.0,0.0,0.0,0.0
1761396916032190423,17334,1761396916031324488,,joint1,joint2,joint3,joint4,joint5,joint6,-0.00031403140746988356,-0.5663066506385803,-0.032783277332782745,-0.012875287793576717,-0.2141014039516449,0.835951566696167,0.0,0.0,0.0,0.0,0.0,0.0,0.0,0.0,0.0,0.0,0.0,0.0
1761396916052352586,17335,1761396916051331494,,joint1,joint2,joint3,joint4,joint5,joint6,-0.00031403140746988356,-0.5638063549995422,-0.032783277332782745,-0.012875287793576717,-0.2141014039516449,0.835951566696167,0.0,0.0,0.0,0.0,0.0,0.0,0.0,0.0,0.0,0.0,0.0,0.0
1761396916071973907,17336,1761396916071343223,,joint1,joint2,joint3,joint4,joint5,joint6,-0.00031403140746988356,-0.5638063549995422,-0.032783277332782745,-0.012875287793576717,-0.2141014039516449,0.835951566696167,0.0,0.0,0.0,0.0,0.0,0.0,0.0,0.0,0.0,0.0,0.0,0.0
1761396916091898671,17337,1761396916091385805,,joint1,joint2,joint3,joint4,joint5,joint6,-0.00031403140746988356,-0.5638063549995422,-0.032783277332782745,-0.012875287793576717,-0.2141014039516449,0.835951566696167,0.0,0.0,0.0,0.0,0.0,0.0,0.0,0.0,0.0,0.0,0.0,0.0
1761396916112011242,17338,1761396916111387298,,joint1,joint2,joint3,joint4,joint5,joint6,-0.00031403140746988356,-0.5643064379692078,-0.032783277332782745,-0.012875287793576717,-0.2141014039516449,0.835951566696167,0.0,0.0,0.0,0.0,0.0,0.0,0.0,0.0,0.0,0.0,0.0,0.0
1761396916132204164,17339,1761396916131322979,,joint1,joint2,joint3,joint4,joint5,joint6,-0.00031403140746988356,-0.5643064379692078,-0.032783277332782745,-0.012875287793576717,-0.2141014039516449,0.835951566696167,0.0,0.0,0.0,0.0,0.0,0.0,0.0,0.0,0.0,0.0,0.0,0.0
1761396916151972356,17340,1761396916151421938,,joint1,joint2,joint3,joint4,joint5,joint6,-0.00031403140746988356,-0.565306544303894,-0.032783277332782745,-0.012875287793576717,-0.2141014039516449,0.835951566696167,0.0,0.0,0.0,0.0,0.0,0.0,0.0,0.0,0.0,0.0,0.0,0.0
1761396916171875856,17341,1761396916171394981,,joint1,joint2,joint3,joint4,joint5,joint6,-0.00031403140746988356,-0.565306544303894,-0.032783277332782745,-0.012875287793576717,-0.2141014039516449,0.835951566696167,0.0,0.0,0.0,0.0,0.0,0.0,0.0,0.0,0.0,0.0,0.0,0.0
1761396916191980600,17342,1761396916191376298,,joint1,joint2,joint3,joint4,joint5,joint6,-0.00031403140746988356,-0.5668066740036011,-0.032783277332782745,-0.012875287793576717,-0.2141014039516449,0.835951566696167,0.0,0.0,0.0,0.0,0.0,0.0,0.0,0.0,0.0,0.0,0.0,0.0
1761396916211850728,17343,1761396916211327741,,joint1,joint2,joint3,joint4,joint5,joint6,-0.00031403140746988356,-0.5668066740036011,-0.032783277332782745,-0.012875287793576717,-0.2141014039516449,0.835951566696167,0.0,0.0,0.0,0.0,0.0,0.0,0.0,0.0,0.0,0.0,0.0,0.0
1761396916232241204,17344,1761396916231331258,,joint1,joint2,joint3,joint4,joint5,joint6,-0.00031403140746988356,-0.5673067569732666,-0.032783277332782745,-0.012875287793576717,-0.2141014039516449,0.835951566696167,0.0,0.0,0.0,0.0,0.0,0.0,0.0,0.0,0.0,0.0,0.0,0.0
1761396916251835476,17345,1761396916251344595,,joint1,joint2,joint3,joint4,joint5,joint6,-0.00031403140746988356,-0.5693069100379944,-0.032783277332782745,-0.012875287793576717,-0.2141014039516449,0.835951566696167,0.0,0.0,0.0,0.0,0.0,0.0,0.0,0.0,0.0,0.0,0.0,0.0
1761396916272012727,17346,1761396916271398311,,joint1,joint2,joint3,joint4,joint5,joint6,-0.00031403140746988356,-0.5693069100379944,-0.032783277332782745,-0.012875287793576717,-0.2141014039516449,0.835951566696167,0.0,0.0,0.0,0.0,0.0,0.0,0.0,0.0,0.0,0.0,0.0,0.0
1761396916291935834,17347,1761396916291383179,,joint1,joint2,joint3,joint4,joint5,joint6,-0.00031403140746988356,-0.5718072056770325,-0.032783277332782745,-0.012875287793576717,-0.2141014039516449,0.835951566696167,0.0,0.0,0.0,0.0,0.0,0.0,0.0,0.0,0.0,0.0,0.0,0.0
1761396916312379767,17348,1761396916311325753,,joint1,joint2,joint3,joint4,joint5,joint6,-0.00031403140746988356,-0.5718072056770325,-0.032783277332782745,-0.012875287793576717,-0.2141014039516449,0.835951566696167,0.0,0.0,0.0,0.0,0.0,0.0,0.0,0.0,0.0,0.0,0.0,0.0
1761396916331953495,17349,1761396916331383046,,joint1,joint2,joint3,joint4,joint5,joint6,-0.00031403140746988356,-0.5743074417114258,-0.032783277332782745,-0.012875287793576717,-0.2141014039516449,0.835951566696167,0.0,0.0,0.0,0.0,0.0,0.0,0.0,0.0,0.0,0.0,0.0,0.0
1761396916351863812,17350,1761396916351386261,,joint1,joint2,joint3,joint4,joint5,joint6,-0.00031403140746988356,-0.5743074417114258,-0.032783277332782745,-0.012875287793576717,-0.2141014039516449,0.835951566696167,0.0,0.0,0.0,0.0,0.0,0.0,0.0,0.0,0.0,0.0,0.0,0.0
1761396916372277438,17351,1761396916371388560,,joint1,joint2,joint3,joint4,joint5,joint6,-0.00031403140746988356,-0.5753075480461121,-0.032783277332782745,-0.012875287793576717,-0.2141014039516449,0.835951566696167,0.0,0.0,0.0,0.0,0.0,0.0,0.0,0.0,0.0,0.0,0.0,0.0
1761396916392355241,17352,1761396916391378784,,joint1,joint2,joint3,joint4,joint5,joint6,-0.00031403140746988356,-0.5753075480461121,-0.032783277332782745,-0.012875287793576717,-0.2141014039516449,0.835951566696167,0.0,0.0,0.0,0.0,0.0,0.0,0.0,0.0,0.0,0.0,0.0,0.0
1761396916411975125,17353,1761396916411381934,,joint1,joint2,joint3,joint4,joint5,joint6,-0.00031403140746988356,-0.5783078074455261,-0.032783277332782745,-0.012875287793576717,-0.2141014039516449,0.835951566696167,0.0,0.0,0.0,0.0,0.0,0.0,0.0,0.0,0.0,0.0,0.0,0.0
1761396916431954252,17354,1761396916431377518,,joint1,joint2,joint3,joint4,joint5,joint6,-0.00031403140746988356,-0.5823082327842712,-0.032783277332782745,-0.012875287793576717,-0.2141014039516449,0.835951566696167,0.0,0.0,0.0,0.0,0.0,0.0,0.0,0.0,0.0,0.0,0.0,0.0
1761396916452308961,17355,1761396916451386005,,joint1,joint2,joint3,joint4,joint5,joint6,-0.00031403140746988356,-0.5823082327842712,-0.032783277332782745,-0.012875287793576717,-0.2141014039516449,0.835951566696167,0.0,0.0,0.0,0.0,0.0,0.0,0.0,0.0,0.0,0.0,0.0,0.0
1761396916471924264,17356,1761396916471386832,,joint1,joint2,joint3,joint4,joint5,joint6,-0.00031403140746988356,-0.5863086581230164,-0.032783277332782745,-0.012875287793576717,-0.2141014039516449,0.835951566696167,0.0,0.0,0.0,0.0,0.0,0.0,0.0,0.0,0.0,0.0,0.0,0.0
1761396916492162480,17357,1761396916491384661,,joint1,joint2,joint3,joint4,joint5,joint6,-0.00031403140746988356,-0.5863086581230164,-0.032783277332782745,-0.012875287793576717,-0.2141014039516449,0.835951566696167,0.0,0.0,0.0,0.0,0.0,0.0,0.0,0.0,0.0,0.0,0.0,0.0
1761396916511941877,17358,1761396916511385283,,joint1,joint2,joint3,joint4,joint5,joint6,-0.00031403140746988356,-0.5878087878227234,-0.032783277332782745,-0.012875287793576717,-0.2141014039516449,0.835951566696167,0.0,0.0,0.0,0.0,0.0,0.0,0.0,0.0,0.0,0.0,0.0,0.0
1761396916531993458,17359,1761396916531355966,,joint1,joint2,joint3,joint4,joint5,joint6,-0.00031403140746988356,-0.5878087878227234,-0.032783277332782745,-0.012875287793576717,-0.2141014039516449,0.835951566696167,0.0,0.0,0.0,0.0,0.0,0.0,0.0,0.0,0.0,0.0,0.0,0.0
1761396916551913254,17360,1761396916551388924,,joint1,joint2,joint3,joint4,joint5,joint6,-0.00031403140746988356,-0.5923092365264893,-0.032783277332782745,-0.012875287793576717,-0.2141014039516449,0.835951566696167,0.0,0.0,0.0,0.0,0.0,0.0,0.0,0.0,0.0,0.0,0.0,0.0
1761396916572010221,17361,1761396916571342816,,joint1,joint2,joint3,joint4,joint5,joint6,-0.00031403140746988356,-0.5923092365264893,-0.032783277332782745,-0.012875287793576717,-0.2141014039516449,0.835951566696167,0.0,0.0,0.0,0.0,0.0,0.0,0.0,0.0,0.0,0.0,0.0,0.0
1761396916591966739,17362,1761396916591382375,,joint1,joint2,joint3,joint4,joint5,joint6,-0.00031403140746988356,-0.5973097085952759,-0.032783277332782745,-0.012875287793576717,-0.2141014039516449,0.835951566696167,0.0,0.0,0.0,0.0,0.0,0.0,0.0,0.0,0.0,0.0,0.0,0.0
1761396916612393832,17363,1761396916611412980,,joint1,joint2,joint3,joint4,joint5,joint6,-0.00031403140746988356,-0.6023102402687073,-0.032783277332782745,-0.012875287793576717,-0.2141014039516449,0.835951566696167,0.0,0.0,0.0,0.0,0.0,0.0,0.0,0.0,0.0,0.0,0.0,0.0
1761396916632099346,17364,1761396916631350631,,joint1,joint2,joint3,joint4,joint5,joint6,-0.00031403140746988356,-0.6023102402687073,-0.032783277332782745,-0.012875287793576717,-0.2141014039516449,0.835951566696167,0.0,0.0,0.0,0.0,0.0,0.0,0.0,0.0,0.0,0.0,0.0,0.0
1761396916652455138,17365,1761396916651393122,,joint1,joint2,joint3,joint4,joint5,joint6,-0.00031403140746988356,-0.6048104763031006,-0.032783277332782745,-0.012875287793576717,-0.2141014039516449,0.835951566696167,0.0,0.0,0.0,0.0,0.0,0.0,0.0,0.0,0.0,0.0,0.0,0.0
1761396916671981693,17366,1761396916671384880,,joint1,joint2,joint3,joint4,joint5,joint6,-0.00031403140746988356,-0.6048104763031006,-0.032783277332782745,-0.012875287793576717,-0.2141014039516449,0.835951566696167,0.0,0.0,0.0,0.0,0.0,0.0,0.0,0.0,0.0,0.0,0.0,0.0
1761396916692143751,17367,1761396916691329453,,joint1,joint2,joint3,joint4,joint5,joint6,-0.00031403140746988356,-0.6103110313415527,-0.032783277332782745,-0.012875287793576717,-0.2141014039516449,0.835951566696167,0.0,0.0,0.0,0.0,0.0,0.0,0.0,0.0,0.0,0.0,0.0,0.0
1761396916712174453,17368,1761396916711333488,,joint1,joint2,joint3,joint4,joint5,joint6,-0.00031403140746988356,-0.6103110313415527,-0.032783277332782745,-0.012875287793576717,-0.2141014039516449,0.835951566696167,0.0,0.0,0.0,0.0,0.0,0.0,0.0,0.0,0.0,0.0,0.0,0.0
1761396916731911045,17369,1761396916731382842,,joint1,joint2,joint3,joint4,joint5,joint6,-0.00031403140746988356,-0.6163116097450256,-0.032783277332782745,-0.012875287793576717,-0.2141014039516449,0.835951566696167,0.0,0.0,0.0,0.0,0.0,0.0,0.0,0.0,0.0,0.0,0.0,0.0
1761396916752190582,17370,1761396916751375620,,joint1,joint2,joint3,joint4,joint5,joint6,-0.00031403140746988356,-0.6163116097450256,-0.032783277332782745,-0.012875287793576717,-0.2141014039516449,0.835951566696167,0.0,0.0,0.0,0.0,0.0,0.0,0.0,0.0,0.0,0.0,0.0,0.0
1761396916772205834,17371,1761396916771334972,,joint1,joint2,joint3,joint4,joint5,joint6,-0.00031403140746988356,-0.6228122711181641,-0.032783277332782745,-0.012875287793576717,-0.2141014039516449,0.835951566696167,0.0,0.0,0.0,0.0,0.0,0.0,0.0,0.0,0.0,0.0,0.0,0.0
1761396916792197340,17372,1761396916791377024,,joint1,joint2,joint3,joint4,joint5,joint6,-0.00031403140746988356,-0.6228122711181641,-0.032783277332782745,-0.012875287793576717,-0.2141014039516449,0.835951566696167,0.0,0.0,0.0,0.0,0.0,0.0,0.0,0.0,0.0,0.0,0.0,0.0
1761396916811961700,17373,1761396916811397848,,joint1,joint2,joint3,joint4,joint5,joint6,-0.00031403140746988356,-0.6228122711181641,-0.032783277332782745,-0.012875287793576717,-0.2141014039516449,0.835951566696167,0.0,0.0,0.0,0.0,0.0,0.0,0.0,0.0,0.0,0.0,0.0,0.0
1761396916831909402,17374,1761396916831385328,,joint1,joint2,joint3,joint4,joint5,joint6,-0.00031403140746988356,-0.6228122711181641,-0.032783277332782745,-0.012875287793576717,-0.2141014039516449,0.835951566696167,0.0,0.0,0.0,0.0,0.0,0.0,0.0,0.0,0.0,0.0,0.0,0.0
1761396916852251191,17375,1761396916851330602,,joint1,joint2,joint3,joint4,joint5,joint6,-0.00031403140746988356,-0.6228122711181641,-0.032783277332782745,-0.012875287793576717,-0.2141014039516449,0.835951566696167,0.0,0.0,0.0,0.0,0.0,0.0,0.0,0.0,0.0,0.0,0.0,0.0
1761396916872382605,17376,1761396916871361766,,joint1,joint2,joint3,joint4,joint5,joint6,-0.00031403140746988356,-0.6228122711181641,-0.032783277332782745,-0.012875287793576717,-0.2141014039516449,0.835951566696167,0.0,0.0,0.0,0.0,0.0,0.0,0.0,0.0,0.0,0.0,0.0,0.0
1761396916891936242,17377,1761396916891389058,,joint1,joint2,joint3,joint4,joint5,joint6,-0.00031403140746988356,-0.6228122711181641,-0.032783277332782745,-0.012875287793576717,-0.2141014039516449,0.835951566696167,0.0,0.0,0.0,0.0,0.0,0.0,0.0,0.0,0.0,0.0,0.0,0.0
1761396916912426857,17378,1761396916911388206,,joint1,joint2,joint3,joint4,joint5,joint6,-0.00031403140746988356,-0.6228122711181641,-0.032783277332782745,-0.012875287793576717,-0.2141014039516449,0.835951566696167,0.0,0.0,0.0,0.0,0.0,0.0,0.0,0.0,0.0,0.0,0.0,0.0
1761396916932051489,17379,1761396916931376698,,joint1,joint2,joint3,joint4,joint5,joint6,-0.00031403140746988356,-0.6228122711181641,-0.032783277332782745,-0.012875287793576717,-0.2141014039516449,0.835951566696167,0.0,0.0,0.0,0.0,0.0,0.0,0.0,0.0,0.0,0.0,0.0,0.0
1761396916952180121,17380,1761396916951391353,,joint1,joint2,joint3,joint4,joint5,joint6,-0.00031403140746988356,-0.6228122711181641,-0.032783277332782745,-0.012875287793576717,-0.2141014039516449,0.835951566696167,0.0,0.0,0.0,0.0,0.0,0.0,0.0,0.0,0.0,0.0,0.0,0.0
1761396916971906018,17381,1761396916971322646,,joint1,joint2,joint3,joint4,joint5,joint6,-0.00031403140746988356,-0.6228122711181641,-0.032783277332782745,-0.012875287793576717,-0.2141014039516449,0.835951566696167,0.0,0.0,0.0,0.0,0.0,0.0,0.0,0.0,0.0,0.0,0.0,0.0
1761396916992324949,17382,1761396916991334714,,joint1,joint2,joint3,joint4,joint5,joint6,-0.00031403140746988356,-0.6228122711181641,-0.032783277332782745,-0.012875287793576717,-0.2141014039516449,0.835951566696167,0.0,0.0,0.0,0.0,0.0,0.0,0.0,0.0,0.0,0.0,0.0,0.0
1761396917012232828,17383,1761396917011335236,,joint1,joint2,joint3,joint4,joint5,joint6,-0.00031403140746988356,-0.6228122711181641,-0.032783277332782745,-0.012875287793576717,-0.2141014039516449,0.835951566696167,0.0,0.0,0.0,0.0,0.0,0.0,0.0,0.0,0.0,0.0,0.0,0.0
1761396917031931836,17384,1761396917031331338,,joint1,joint2,joint3,joint4,joint5,joint6,-0.00031403140746988356,-0.6228122711181641,-0.032783277332782745,-0.012875287793576717,-0.2141014039516449,0.835951566696167,0.0,0.0,0.0,0.0,0.0,0.0,0.0,0.0,0.0,0.0,0.0,0.0
1761396917052044935,17385,1761396917051373715,,joint1,joint2,joint3,joint4,joint5,joint6,-0.00031403140746988356,-0.6228122711181641,-0.032783277332782745,-0.012875287793576717,-0.2141014039516449,0.835951566696167,0.0,0.0,0.0,0.0,0.0,0.0,0.0,0.0,0.0,0.0,0.0,0.0
1761396917071939691,17386,1761396917071376232,,joint1,joint2,joint3,joint4,joint5,joint6,-0.00031403140746988356,-0.6228122711181641,-0.032783277332782745,-0.012875287793576717,-0.2141014039516449,0.835951566696167,0.0,0.0,0.0,0.0,0.0,0.0,0.0,0.0,0.0,0.0,0.0,0.0
1761396917091975424,17387,1761396917091389504,,joint1,joint2,joint3,joint4,joint5,joint6,-0.00031403140746988356,-0.6228122711181641,-0.032783277332782745,-0.012875287793576717,-0.2141014039516449,0.835951566696167,0.0,0.0,0.0,0.0,0.0,0.0,0.0,0.0,0.0,0.0,0.0,0.0
1761396917111960624,17388,1761396917111356613,,joint1,joint2,joint3,joint4,joint5,joint6,-0.00031403140746988356,-0.6228122711181641,-0.032783277332782745,-0.012875287793576717,-0.2141014039516449,0.835951566696167,0.0,0.0,0.0,0.0,0.0,0.0,0.0,0.0,0.0,0.0,0.0,0.0
1761396917131833260,17389,1761396917131332446,,joint1,joint2,joint3,joint4,joint5,joint6,-0.00031403140746988356,-0.6228122711181641,-0.032783277332782745,-0.012875287793576717,-0.2141014039516449,0.835951566696167,0.0,0.0,0.0,0.0,0.0,0.0,0.0,0.0,0.0,0.0,0.0,0.0
1761396917152453875,17390,1761396917151388705,,joint1,joint2,joint3,joint4,joint5,joint6,-0.00031403140746988356,-0.6228122711181641,-0.032783277332782745,-0.012875287793576717,-0.2141014039516449,0.835951566696167,0.0,0.0,0.0,0.0,0.0,0.0,0.0,0.0,0.0,0.0,0.0,0.0
1761396917171912758,17391,1761396917171375568,,joint1,joint2,joint3,joint4,joint5,joint6,-0.00031403140746988356,-0.6228122711181641,-0.032783277332782745,-0.012875287793576717,-0.2141014039516449,0.835951566696167,0.0,0.0,0.0,0.0,0.0,0.0,0.0,0.0,0.0,0.0,0.0,0.0
1761396917192246961,17392,1761396917191334226,,joint1,joint2,joint3,joint4,joint5,joint6,-0.00031403140746988356,-0.6228122711181641,-0.032783277332782745,-0.012875287793576717,-0.2141014039516449,0.835951566696167,0.0,0.0,0.0,0.0,0.0,0.0,0.0,0.0,0.0,0.0,0.0,0.0
1761396917211969063,17393,1761396917211382779,,joint1,joint2,joint3,joint4,joint5,joint6,-0.00031403140746988356,-0.6228122711181641,-0.032783277332782745,-0.012875287793576717,-0.2141014039516449,0.835951566696167,0.0,0.0,0.0,0.0,0.0,0.0,0.0,0.0,0.0,0.0,0.0,0.0
1761396917231982661,17394,1761396917231388231,,joint1,joint2,joint3,joint4,joint5,joint6,-0.00031403140746988356,-0.6228122711181641,-0.032783277332782745,-0.012875287793576717,-0.2141014039516449,0.835951566696167,0.0,0.0,0.0,0.0,0.0,0.0,0.0,0.0,0.0,0.0,0.0,0.0
1761396917252291204,17395,1761396917251382663,,joint1,joint2,joint3,joint4,joint5,joint6,-0.00031403140746988356,-0.6228122711181641,-0.032783277332782745,-0.012875287793576717,-0.2141014039516449,0.835951566696167,0.0,0.0,0.0,0.0,0.0,0.0,0.0,0.0,0.0,0.0,0.0,0.0
1761396917271950214,17396,1761396917271343969,,joint1,joint2,joint3,joint4,joint5,joint6,-0.00031403140746988356,-0.6228122711181641,-0.032783277332782745,-0.012875287793576717,-0.2141014039516449,0.835951566696167,0.0,0.0,0.0,0.0,0.0,0.0,0.0,0.0,0.0,0.0,0.0,0.0
1761396917291820328,17397,1761396917291335109,,joint1,joint2,joint3,joint4,joint5,joint6,-0.00031403140746988356,-0.6228122711181641,-0.032783277332782745,-0.012875287793576717,-0.2141014039516449,0.835951566696167,0.0,0.0,0.0,0.0,0.0,0.0,0.0,0.0,0.0,0.0,0.0,0.0
1761396917312121593,17398,1761396917311335841,,joint1,joint2,joint3,joint4,joint5,joint6,-0.00031403140746988356,-0.6228122711181641,-0.032783277332782745,-0.012875287793576717,-0.2141014039516449,0.835951566696167,0.0,0.0,0.0,0.0,0.0,0.0,0.0,0.0,0.0,0.0,0.0,0.0
1761396917332140967,17399,1761396917331387560,,joint1,joint2,joint3,joint4,joint5,joint6,-0.00031403140746988356,-0.6228122711181641,-0.032783277332782745,-0.012875287793576717,-0.2141014039516449,0.835951566696167,0.0,0.0,0.0,0.0,0.0,0.0,0.0,0.0,0.0,0.0,0.0,0.0
1761396917351999767,17400,1761396917351381630,,joint1,joint2,joint3,joint4,joint5,joint6,-0.00031403140746988356,-0.6228122711181641,-0.032783277332782745,-0.012875287793576717,-0.2141014039516449,0.835951566696167,0.0,0.0,0.0,0.0,0.0,0.0,0.0,0.0,0.0,0.0,0.0,0.0
1761396917372352882,17401,1761396917371336913,,joint1,joint2,joint3,joint4,joint5,joint6,-0.00031403140746988356,-0.6228122711181641,-0.032783277332782745,-0.012875287793576717,-0.2141014039516449,0.835951566696167,0.0,0.0,0.0,0.0,0.0,0.0,0.0,0.0,0.0,0.0,0.0,0.0
1761396917391820427,17402,1761396917391330796,,joint1,joint2,joint3,joint4,joint5,joint6,-0.00031403140746988356,-0.6228122711181641,-0.032783277332782745,-0.012875287793576717,-0.2141014039516449,0.835951566696167,0.0,0.0,0.0,0.0,0.0,0.0,0.0,0.0,0.0,0.0,0.0,0.0
1761396917412094922,17403,1761396917411382623,,joint1,joint2,joint3,joint4,joint5,joint6,-0.00031403140746988356,-0.6228122711181641,-0.032783277332782745,-0.012875287793576717,-0.2141014039516449,0.835951566696167,0.0,0.0,0.0,0.0,0.0,0.0,0.0,0.0,0.0,0.0,0.0,0.0
1761396917432328603,17404,1761396917431378388,,joint1,joint2,joint3,joint4,joint5,joint6,-0.00031403140746988356,-0.6228122711181641,-0.032783277332782745,-0.012875287793576717,-0.2141014039516449,0.835951566696167,0.0,0.0,0.0,0.0,0.0,0.0,0.0,0.0,0.0,0.0,0.0,0.0
1761396917452209851,17405,1761396917451331074,,joint1,joint2,joint3,joint4,joint5,joint6,-0.00031403140746988356,-0.6228122711181641,-0.032783277332782745,-0.012875287793576717,-0.2141014039516449,0.835951566696167,0.0,0.0,0.0,0.0,0.0,0.0,0.0,0.0,0.0,0.0,0.0,0.0
1761396917472161536,17406,1761396917471328617,,joint1,joint2,joint3,joint4,joint5,joint6,-0.00031403140746988356,-0.6228122711181641,-0.032783277332782745,-0.012875287793576717,-0.2141014039516449,0.835951566696167,0.0,0.0,0.0,0.0,0.0,0.0,0.0,0.0,0.0,0.0,0.0,0.0
1761396917491852878,17407,1761396917491328316,,joint1,joint2,joint3,joint4,joint5,joint6,-0.00031403140746988356,-0.6228122711181641,-0.032783277332782745,-0.012875287793576717,-0.2141014039516449,0.835951566696167,0.0,0.0,0.0,0.0,0.0,0.0,0.0,0.0,0.0,0.0,0.0,0.0
1761396917512210229,17408,1761396917511352848,,joint1,joint2,joint3,joint4,joint5,joint6,-0.00031403140746988356,-0.6228122711181641,-0.032783277332782745,-0.012875287793576717,-0.2141014039516449,0.835951566696167,0.0,0.0,0.0,0.0,0.0,0.0,0.0,0.0,0.0,0.0,0.0,0.0
1761396917532312705,17409,1761396917531411908,,joint1,joint2,joint3,joint4,joint5,joint6,-0.00031403140746988356,-0.6228122711181641,-0.032783277332782745,-0.012875287793576717,-0.2141014039516449,0.835951566696167,0.0,0.0,0.0,0.0,0.0,0.0,0.0,0.0,0.0,0.0,0.0,0.0
1761396917552393784,17410,1761396917551357631,,joint1,joint2,joint3,joint4,joint5,joint6,-0.00031403140746988356,-0.6228122711181641,-0.032783277332782745,-0.012875287793576717,-0.2141014039516449,0.835951566696167,0.0,0.0,0.0,0.0,0.0,0.0,0.0,0.0,0.0,0.0,0.0,0.0
1761396917572180045,17411,1761396917571347346,,joint1,joint2,joint3,joint4,joint5,joint6,-0.00031403140746988356,-0.6228122711181641,-0.032783277332782745,-0.012875287793576717,-0.2141014039516449,0.835951566696167,0.0,0.0,0.0,0.0,0.0,0.0,0.0,0.0,0.0,0.0,0.0,0.0
1761396917592156211,17412,1761396917591383489,,joint1,joint2,joint3,joint4,joint5,joint6,-0.00031403140746988356,-0.6228122711181641,-0.032783277332782745,-0.012875287793576717,-0.2141014039516449,0.835951566696167,0.0,0.0,0.0,0.0,0.0,0.0,0.0,0.0,0.0,0.0,0.0,0.0
1761396917612217731,17413,1761396917611328476,,joint1,joint2,joint3,joint4,joint5,joint6,-0.00031403140746988356,-0.6228122711181641,-0.032783277332782745,-0.012875287793576717,-0.2141014039516449,0.835951566696167,0.0,0.0,0.0,0.0,0.0,0.0,0.0,0.0,0.0,0.0,0.0,0.0
1761396917631991872,17414,1761396917631324396,,joint1,joint2,joint3,joint4,joint5,joint6,-0.00031403140746988356,-0.6228122711181641,-0.032783277332782745,-0.012875287793576717,-0.2141014039516449,0.835951566696167,0.0,0.0,0.0,0.0,0.0,0.0,0.0,0.0,0.0,0.0,0.0,0.0
1761396917651997483,17415,1761396917651362755,,joint1,joint2,joint3,joint4,joint5,joint6,-0.00031403140746988356,-0.6228122711181641,-0.032783277332782745,-0.012875287793576717,-0.2141014039516449,0.835951566696167,0.0,0.0,0.0,0.0,0.0,0.0,0.0,0.0,0.0,0.0,0.0,0.0
1761396917672150667,17416,1761396917671355379,,joint1,joint2,joint3,joint4,joint5,joint6,-0.00031403140746988356,-0.6228122711181641,-0.032783277332782745,-0.012875287793576717,-0.2141014039516449,0.835951566696167,0.0,0.0,0.0,0.0,0.0,0.0,0.0,0.0,0.0,0.0,0.0,0.0
1761396917691871642,17417,1761396917691338259,,joint1,joint2,joint3,joint4,joint5,joint6,-0.00031403140746988356,-0.6228122711181641,-0.032783277332782745,-0.012875287793576717,-0.2141014039516449,0.835951566696167,0.0,0.0,0.0,0.0,0.0,0.0,0.0,0.0,0.0,0.0,0.0,0.0
1761396917712149783,17418,1761396917711383041,,joint1,joint2,joint3,joint4,joint5,joint6,-0.00031403140746988356,-0.6228122711181641,-0.032783277332782745,-0.012875287793576717,-0.2141014039516449,0.835951566696167,0.0,0.0,0.0,0.0,0.0,0.0,0.0,0.0,0.0,0.0,0.0,0.0
1761396917732215955,17419,1761396917731385614,,joint1,joint2,joint3,joint4,joint5,joint6,-0.00031403140746988356,-0.6228122711181641,-0.032783277332782745,-0.012875287793576717,-0.2141014039516449,0.835951566696167,0.0,0.0,0.0,0.0,0.0,0.0,0.0,0.0,0.0,0.0,0.0,0.0
1761396917751870229,17420,1761396917751358355,,joint1,joint2,joint3,joint4,joint5,joint6,-0.00031403140746988356,-0.6228122711181641,-0.032783277332782745,-0.012875287793576717,-0.2141014039516449,0.835951566696167,0.0,0.0,0.0,0.0,0.0,0.0,0.0,0.0,0.0,0.0,0.0,0.0
1761396917772148581,17421,1761396917771386844,,joint1,joint2,joint3,joint4,joint5,joint6,-0.00031403140746988356,-0.6228122711181641,-0.032783277332782745,-0.012875287793576717,-0.2141014039516449,0.835951566696167,0.0,0.0,0.0,0.0,0.0,0.0,0.0,0.0,0.0,0.0,0.0,0.0
1761396917792346568,17422,1761396917791385329,,joint1,joint2,joint3,joint4,joint5,joint6,-0.00031403140746988356,-0.6228122711181641,-0.032783277332782745,-0.012875287793576717,-0.2141014039516449,0.835951566696167,0.0,0.0,0.0,0.0,0.0,0.0,0.0,0.0,0.0,0.0,0.0,0.0
1761396917811965872,17423,1761396917811387611,,joint1,joint2,joint3,joint4,joint5,joint6,-0.00031403140746988356,-0.6228122711181641,-0.032783277332782745,-0.012875287793576717,-0.2141014039516449,0.835951566696167,0.0,0.0,0.0,0.0,0.0,0.0,0.0,0.0,0.0,0.0,0.0,0.0
1761396917831977495,17424,1761396917831378029,,joint1,joint2,joint3,joint4,joint5,joint6,-0.00031403140746988356,-0.6228122711181641,-0.032783277332782745,-0.012875287793576717,-0.2141014039516449,0.835951566696167,0.0,0.0,0.0,0.0,0.0,0.0,0.0,0.0,0.0,0.0,0.0,0.0
1761396917851900770,17425,1761396917851341242,,joint1,joint2,joint3,joint4,joint5,joint6,-0.00031403140746988356,-0.6228122711181641,-0.032783277332782745,-0.012875287793576717,-0.2141014039516449,0.835951566696167,0.0,0.0,0.0,0.0,0.0,0.0,0.0,0.0,0.0,0.0,0.0,0.0
1761396917872272254,17426,1761396917871365479,,joint1,joint2,joint3,joint4,joint5,joint6,-0.00031403140746988356,-0.6228122711181641,-0.032783277332782745,-0.012875287793576717,-0.2141014039516449,0.835951566696167,0.0,0.0,0.0,0.0,0.0,0.0,0.0,0.0,0.0,0.0,0.0,0.0
1761396917892323275,17427,1761396917891327289,,joint1,joint2,joint3,joint4,joint5,joint6,-0.00031403140746988356,-0.6228122711181641,-0.032783277332782745,-0.012875287793576717,-0.2141014039516449,0.835951566696167,0.0,0.0,0.0,0.0,0.0,0.0,0.0,0.0,0.0,0.0,0.0,0.0
1761396917912411221,17428,1761396917911390541,,joint1,joint2,joint3,joint4,joint5,joint6,-0.00031403140746988356,-0.6228122711181641,-0.032783277332782745,-0.012875287793576717,-0.2141014039516449,0.835951566696167,0.0,0.0,0.0,0.0,0.0,0.0,0.0,0.0,0.0,0.0,0.0,0.0
1761396917931875314,17429,1761396917931401148,,joint1,joint2,joint3,joint4,joint5,joint6,-0.00031403140746988356,-0.6228122711181641,-0.032783277332782745,-0.012875287793576717,-0.2141014039516449,0.835951566696167,0.0,0.0,0.0,0.0,0.0,0.0,0.0,0.0,0.0,0.0,0.0,0.0
1761396917951870789,17430,1761396917951381765,,joint1,joint2,joint3,joint4,joint5,joint6,-0.00031403140746988356,-0.6228122711181641,-0.032783277332782745,-0.012875287793576717,-0.2141014039516449,0.835951566696167,0.0,0.0,0.0,0.0,0.0,0.0,0.0,0.0,0.0,0.0,0.0,0.0
1761396917972179457,17431,1761396917971339822,,joint1,joint2,joint3,joint4,joint5,joint6,-0.00031403140746988356,-0.6228122711181641,-0.032783277332782745,-0.012875287793576717,-0.2141014039516449,0.835951566696167,0.0,0.0,0.0,0.0,0.0,0.0,0.0,0.0,0.0,0.0,0.0,0.0
1761396917991894766,17432,1761396917991387891,,joint1,joint2,joint3,joint4,joint5,joint6,-0.00031403140746988356,-0.6228122711181641,-0.032783277332782745,-0.012875287793576717,-0.2141014039516449,0.835951566696167,0.0,0.0,0.0,0.0,0.0,0.0,0.0,0.0,0.0,0.0,0.0,0.0
1761396918012083213,17433,1761396918011381252,,joint1,joint2,joint3,joint4,joint5,joint6,-0.00031403140746988356,-0.6228122711181641,-0.032783277332782745,-0.012875287793576717,-0.2141014039516449,0.835951566696167,0.0,0.0,0.0,0.0,0.0,0.0,0.0,0.0,0.0,0.0,0.0,0.0
1761396918032083884,17434,1761396918031344211,,joint1,joint2,joint3,joint4,joint5,joint6,-0.00031403140746988356,-0.6228122711181641,-0.032783277332782745,-0.012875287793576717,-0.2141014039516449,0.835951566696167,0.0,0.0,0.0,0.0,0.0,0.0,0.0,0.0,0.0,0.0,0.0,0.0
1761396918051903450,17435,1761396918051406518,,joint1,joint2,joint3,joint4,joint5,joint6,-0.00031403140746988356,-0.6228122711181641,-0.032783277332782745,-0.012875287793576717,-0.2141014039516449,0.835951566696167,0.0,0.0,0.0,0.0,0.0,0.0,0.0,0.0,0.0,0.0,0.0,0.0
1761396918072121600,17436,1761396918071339043,,joint1,joint2,joint3,joint4,joint5,joint6,-0.00031403140746988356,-0.6228122711181641,-0.032783277332782745,-0.012875287793576717,-0.2141014039516449,0.835951566696167,0.0,0.0,0.0,0.0,0.0,0.0,0.0,0.0,0.0,0.0,0.0,0.0
1761396918092367835,17437,1761396918091369666,,joint1,joint2,joint3,joint4,joint5,joint6,-0.00031403140746988356,-0.6228122711181641,-0.032783277332782745,-0.012875287793576717,-0.2141014039516449,0.835951566696167,0.0,0.0,0.0,0.0,0.0,0.0,0.0,0.0,0.0,0.0,0.0,0.0
1761396918112004017,17438,1761396918111385419,,joint1,joint2,joint3,joint4,joint5,joint6,-0.00031403140746988356,-0.6228122711181641,-0.032783277332782745,-0.012875287793576717,-0.2141014039516449,0.835951566696167,0.0,0.0,0.0,0.0,0.0,0.0,0.0,0.0,0.0,0.0,0.0,0.0
1761396918132071634,17439,1761396918131378182,,joint1,joint2,joint3,joint4,joint5,joint6,-0.00031403140746988356,-0.6228122711181641,-0.032783277332782745,-0.012875287793576717,-0.2141014039516449,0.835951566696167,0.0,0.0,0.0,0.0,0.0,0.0,0.0,0.0,0.0,0.0,0.0,0.0
1761396918152237052,17440,1761396918151326235,,joint1,joint2,joint3,joint4,joint5,joint6,-0.00031403140746988356,-0.6228122711181641,-0.032783277332782745,-0.012875287793576717,-0.2141014039516449,0.835951566696167,0.0,0.0,0.0,0.0,0.0,0.0,0.0,0.0,0.0,0.0,0.0,0.0
1761396918171888615,17441,1761396918171334614,,joint1,joint2,joint3,joint4,joint5,joint6,-0.00031403140746988356,-0.6228122711181641,-0.032783277332782745,-0.012875287793576717,-0.2141014039516449,0.835951566696167,0.0,0.0,0.0,0.0,0.0,0.0,0.0,0.0,0.0,0.0,0.0,0.0
1761396918191843435,17442,1761396918191326121,,joint1,joint2,joint3,joint4,joint5,joint6,-0.00031403140746988356,-0.6228122711181641,-0.032783277332782745,-0.012875287793576717,-0.2141014039516449,0.835951566696167,0.0,0.0,0.0,0.0,0.0,0.0,0.0,0.0,0.0,0.0,0.0,0.0
1761396918211861069,17443,1761396918211333770,,joint1,joint2,joint3,joint4,joint5,joint6,-0.00031403140746988356,-0.6228122711181641,-0.032783277332782745,-0.012875287793576717,-0.2141014039516449,0.835951566696167,0.0,0.0,0.0,0.0,0.0,0.0,0.0,0.0,0.0,0.0,0.0,0.0
1761396918232182773,17444,1761396918231376769,,joint1,joint2,joint3,joint4,joint5,joint6,-0.00031403140746988356,-0.6228122711181641,-0.032783277332782745,-0.012875287793576717,-0.2141014039516449,0.835951566696167,0.0,0.0,0.0,0.0,0.0,0.0,0.0,0.0,0.0,0.0,0.0,0.0
1761396918252225680,17445,1761396918251324755,,joint1,joint2,joint3,joint4,joint5,joint6,-0.00031403140746988356,-0.6228122711181641,-0.032783277332782745,-0.012875287793576717,-0.2141014039516449,0.835951566696167,0.0,0.0,0.0,0.0,0.0,0.0,0.0,0.0,0.0,0.0,0.0,0.0
1761396918271835714,17446,1761396918271322725,,joint1,joint2,joint3,joint4,joint5,joint6,-0.00031403140746988356,-0.6228122711181641,-0.032783277332782745,-0.012875287793576717,-0.2141014039516449,0.835951566696167,0.0,0.0,0.0,0.0,0.0,0.0,0.0,0.0,0.0,0.0,0.0,0.0
1761396918292179387,17447,1761396918291329458,,joint1,joint2,joint3,joint4,joint5,joint6,-0.00031403140746988356,-0.6228122711181641,-0.032783277332782745,-0.012875287793576717,-0.2141014039516449,0.835951566696167,0.0,0.0,0.0,0.0,0.0,0.0,0.0,0.0,0.0,0.0,0.0,0.0
1761396918312080279,17448,1761396918311382333,,joint1,joint2,joint3,joint4,joint5,joint6,-0.00031403140746988356,-0.6208120584487915,-0.032783277332782745,-0.012875287793576717,-0.2141014039516449,0.835951566696167,0.0,0.0,0.0,0.0,0.0,0.0,0.0,0.0,0.0,0.0,0.0,0.0
1761396918331993878,17449,1761396918331356116,,joint1,joint2,joint3,joint4,joint5,joint6,-0.00031403140746988356,-0.6208120584487915,-0.032783277332782745,-0.012875287793576717,-0.2141014039516449,0.835951566696167,0.0,0.0,0.0,0.0,0.0,0.0,0.0,0.0,0.0,0.0,0.0,0.0
1761396918352314607,17450,1761396918351396080,,joint1,joint2,joint3,joint4,joint5,joint6,-0.00031403140746988356,-0.6208120584487915,-0.032783277332782745,-0.012875287793576717,-0.2141014039516449,0.835951566696167,0.0,0.0,0.0,0.0,0.0,0.0,0.0,0.0,0.0,0.0,0.0,0.0
1761396918372102577,17451,1761396918371330787,,joint1,joint2,joint3,joint4,joint5,joint6,-0.00031403140746988356,-0.6208120584487915,-0.032783277332782745,-0.012875287793576717,-0.2141014039516449,0.835951566696167,0.0,0.0,0.0,0.0,0.0,0.0,0.0,0.0,0.0,0.0,0.0,0.0
1761396918391973336,17452,1761396918391385860,,joint1,joint2,joint3,joint4,joint5,joint6,-0.00031403140746988356,-0.6208120584487915,-0.032783277332782745,-0.012875287793576717,-0.2141014039516449,0.835951566696167,0.0,0.0,0.0,0.0,0.0,0.0,0.0,0.0,0.0,0.0,0.0,0.0
1761396918411905153,17453,1761396918411379461,,joint1,joint2,joint3,joint4,joint5,joint6,-0.00031403140746988356,-0.6218121647834778,-0.032783277332782745,-0.012875287793576717,-0.2141014039516449,0.835951566696167,0.0,0.0,0.0,0.0,0.0,0.0,0.0,0.0,0.0,0.0,0.0,0.0
1761396918432041362,17454,1761396918431376275,,joint1,joint2,joint3,joint4,joint5,joint6,-0.00031403140746988356,-0.6218121647834778,-0.032783277332782745,-0.012875287793576717,-0.2141014039516449,0.835951566696167,0.0,0.0,0.0,0.0,0.0,0.0,0.0,0.0,0.0,0.0,0.0,0.0
1761396918452300644,17455,1761396918451388568,,joint1,joint2,joint3,joint4,joint5,joint6,-0.00031403140746988356,-0.6233123540878296,-0.032783277332782745,-0.012875287793576717,-0.2141014039516449,0.835951566696167,0.0,0.0,0.0,0.0,0.0,0.0,0.0,0.0,0.0,0.0,0.0,0.0
1761396918471995537,17456,1761396918471388260,,joint1,joint2,joint3,joint4,joint5,joint6,-0.00031403140746988356,-0.6233123540878296,-0.032783277332782745,-0.012875287793576717,-0.2141014039516449,0.835951566696167,0.0,0.0,0.0,0.0,0.0,0.0,0.0,0.0,0.0,0.0,0.0,0.0
1761396918492098047,17457,1761396918491387260,,joint1,joint2,joint3,joint4,joint5,joint6,-0.00031403140746988356,-0.6248124837875366,-0.032783277332782745,-0.012875287793576717,-0.2141014039516449,0.835951566696167,0.0,0.0,0.0,0.0,0.0,0.0,0.0,0.0,0.0,0.0,0.0,0.0
1761396918512322111,17458,1761396918511333148,,joint1,joint2,joint3,joint4,joint5,joint6,-0.00031403140746988356,-0.6248124837875366,-0.032783277332782745,-0.012875287793576717,-0.2141014039516449,0.835951566696167,0.0,0.0,0.0,0.0,0.0,0.0,0.0,0.0,0.0,0.0,0.0,0.0
1761396918531990995,17459,1761396918531342920,,joint1,joint2,joint3,joint4,joint5,joint6,-0.00031403140746988356,-0.6258125901222229,-0.032783277332782745,-0.012875287793576717,-0.2141014039516449,0.835951566696167,0.0,0.0,0.0,0.0,0.0,0.0,0.0,0.0,0.0,0.0,0.0,0.0
1761396918551838011,17460,1761396918551329574,,joint1,joint2,joint3,joint4,joint5,joint6,-0.00031403140746988356,-0.6278128027915955,-0.032783277332782745,-0.012875287793576717,-0.2141014039516449,0.835951566696167,0.0,0.0,0.0,0.0,0.0,0.0,0.0,0.0,0.0,0.0,0.0,0.0
1761396918572173201,17461,1761396918571382169,,joint1,joint2,joint3,joint4,joint5,joint6,-0.00031403140746988356,-0.6278128027915955,-0.032783277332782745,-0.012875287793576717,-0.2141014039516449,0.835951566696167,0.0,0.0,0.0,0.0,0.0,0.0,0.0,0.0,0.0,0.0,0.0,0.0
1761396918592356457,17462,1761396918591379621,,joint1,joint2,joint3,joint4,joint5,joint6,-0.00031403140746988356,-0.6303130388259888,-0.032783277332782745,-0.012875287793576717,-0.2141014039516449,0.835951566696167,0.0,0.0,0.0,0.0,0.0,0.0,0.0,0.0,0.0,0.0,0.0,0.0
1761396918612382483,17463,1761396918611375930,,joint1,joint2,joint3,joint4,joint5,joint6,-0.00031403140746988356,-0.6303130388259888,-0.032783277332782745,-0.012875287793576717,-0.2141014039516449,0.835951566696167,0.0,0.0,0.0,0.0,0.0,0.0,0.0,0.0,0.0,0.0,0.0,0.0
1761396918631903630,17464,1761396918631377403,,joint1,joint2,joint3,joint4,joint5,joint6,-0.00031403140746988356,-0.6333133578300476,-0.032783277332782745,-0.012875287793576717,-0.2141014039516449,0.835951566696167,0.0,0.0,0.0,0.0,0.0,0.0,0.0,0.0,0.0,0.0,0.0,0.0
1761396918652362995,17465,1761396918651382311,,joint1,joint2,joint3,joint4,joint5,joint6,-0.00031403140746988356,-0.6333133578300476,-0.032783277332782745,-0.012875287793576717,-0.2141014039516449,0.835951566696167,0.0,0.0,0.0,0.0,0.0,0.0,0.0,0.0,0.0,0.0,0.0,0.0
1761396918672131035,17466,1761396918671364821,,joint1,joint2,joint3,joint4,joint5,joint6,-0.00031403140746988356,-0.6368137001991272,-0.032783277332782745,-0.012875287793576717,-0.2141014039516449,0.835951566696167,0.0,0.0,0.0,0.0,0.0,0.0,0.0,0.0,0.0,0.0,0.0,0.0
1761396918692107498,17467,1761396918691370014,,joint1,joint2,joint3,joint4,joint5,joint6,-0.00031403140746988356,-0.6368137001991272,-0.032783277332782745,-0.012875287793576717,-0.2141014039516449,0.835951566696167,0.0,0.0,0.0,0.0,0.0,0.0,0.0,0.0,0.0,0.0,0.0,0.0
1761396918712162616,17468,1761396918711323993,,joint1,joint2,joint3,joint4,joint5,joint6,-0.00031403140746988356,-0.6383138298988342,-0.032783277332782745,-0.012875287793576717,-0.2141014039516449,0.835951566696167,0.0,0.0,0.0,0.0,0.0,0.0,0.0,0.0,0.0,0.0,0.0,0.0
1761396918732403164,17469,1761396918731372748,,joint1,joint2,joint3,joint4,joint5,joint6,-0.00031403140746988356,-0.6423142552375793,-0.032783277332782745,-0.012875287793576717,-0.2141014039516449,0.835951566696167,0.0,0.0,0.0,0.0,0.0,0.0,0.0,0.0,0.0,0.0,0.0,0.0
1761396918752055491,17470,1761396918751365770,,joint1,joint2,joint3,joint4,joint5,joint6,-0.00031403140746988356,-0.6423142552375793,-0.032783277332782745,-0.012875287793576717,-0.2141014039516449,0.835951566696167,0.0,0.0,0.0,0.0,0.0,0.0,0.0,0.0,0.0,0.0,0.0,0.0
1761396918772087747,17471,1761396918771340592,,joint1,joint2,joint3,joint4,joint5,joint6,-0.00031403140746988356,-0.6463146209716797,-0.032783277332782745,-0.012875287793576717,-0.2141014039516449,0.835951566696167,0.0,0.0,0.0,0.0,0.0,0.0,0.0,0.0,0.0,0.0,0.0,0.0
1761396918791941391,17472,1761396918791385584,,joint1,joint2,joint3,joint4,joint5,joint6,-0.00031403140746988356,-0.6463146209716797,-0.032783277332782745,-0.012875287793576717,-0.2141014039516449,0.835951566696167,0.0,0.0,0.0,0.0,0.0,0.0,0.0,0.0,0.0,0.0,0.0,0.0
1761396918812134033,17473,1761396918811318251,,joint1,joint2,joint3,joint4,joint5,joint6,-0.00031403140746988356,-0.6508150696754456,-0.032783277332782745,-0.012875287793576717,-0.2141014039516449,0.835951566696167,0.0,0.0,0.0,0.0,0.0,0.0,0.0,0.0,0.0,0.0,0.0,0.0
1761396918832089378,17474,1761396918831387728,,joint1,joint2,joint3,joint4,joint5,joint6,-0.00031403140746988356,-0.6508150696754456,-0.032783277332782745,-0.012875287793576717,-0.2141014039516449,0.835951566696167,0.0,0.0,0.0,0.0,0.0,0.0,0.0,0.0,0.0,0.0,0.0,0.0
1761396918851880610,17475,1761396918851354594,,joint1,joint2,joint3,joint4,joint5,joint6,-0.00031403140746988356,-0.6533153057098389,-0.032783277332782745,-0.012875287793576717,-0.2141014039516449,0.835951566696167,0.0,0.0,0.0,0.0,0.0,0.0,0.0,0.0,0.0,0.0,0.0,0.0
1761396918872052251,17476,1761396918871351755,,joint1,joint2,joint3,joint4,joint5,joint6,-0.00031403140746988356,-0.6533153057098389,-0.032783277332782745,-0.012875287793576717,-0.2141014039516449,0.835951566696167,0.0,0.0,0.0,0.0,0.0,0.0,0.0,0.0,0.0,0.0,0.0,0.0
1761396918891927472,17477,1761396918891384511,,joint1,joint2,joint3,joint4,joint5,joint6,-0.00031403140746988356,-0.655815601348877,-0.032783277332782745,-0.012875287793576717,-0.2141014039516449,0.835951566696167,0.0,0.0,0.0,0.0,0.0,0.0,0.0,0.0,0.0,0.0,0.0,0.0
1761396918911966991,17478,1761396918911341599,,joint1,joint2,joint3,joint4,joint5,joint6,-0.00031403140746988356,-0.655815601348877,-0.032783277332782745,-0.012875287793576717,-0.2141014039516449,0.835951566696167,0.0,0.0,0.0,0.0,0.0,0.0,0.0,0.0,0.0,0.0,0.0,0.0
1761396918931879669,17479,1761396918931383983,,joint1,joint2,joint3,joint4,joint5,joint6,-0.00031403140746988356,-0.655815601348877,-0.032783277332782745,-0.012875287793576717,-0.2141014039516449,0.835951566696167,0.0,0.0,0.0,0.0,0.0,0.0,0.0,0.0,0.0,0.0,0.0,0.0
1761396918952288731,17480,1761396918951388892,,joint1,joint2,joint3,joint4,joint5,joint6,-0.00031403140746988356,-0.655815601348877,-0.032783277332782745,-0.012875287793576717,-0.2141014039516449,0.835951566696167,0.0,0.0,0.0,0.0,0.0,0.0,0.0,0.0,0.0,0.0,0.0,0.0
1761396918972401809,17481,1761396918971342427,,joint1,joint2,joint3,joint4,joint5,joint6,-0.00031403140746988356,-0.655815601348877,-0.032783277332782745,-0.012875287793576717,-0.2141014039516449,0.835951566696167,0.0,0.0,0.0,0.0,0.0,0.0,0.0,0.0,0.0,0.0,0.0,0.0
1761396918991999797,17482,1761396918991385238,,joint1,joint2,joint3,joint4,joint5,joint6,-0.00031403140746988356,-0.655815601348877,-0.032783277332782745,-0.012875287793576717,-0.2141014039516449,0.835951566696167,0.0,0.0,0.0,0.0,0.0,0.0,0.0,0.0,0.0,0.0,0.0,0.0
1761396919011921256,17483,1761396919011382243,,joint1,joint2,joint3,joint4,joint5,joint6,-0.00031403140746988356,-0.655815601348877,-0.032783277332782745,-0.012875287793576717,-0.2141014039516449,0.835951566696167,0.0,0.0,0.0,0.0,0.0,0.0,0.0,0.0,0.0,0.0,0.0,0.0
1761396919032060668,17484,1761396919031343157,,joint1,joint2,joint3,joint4,joint5,joint6,-0.00031403140746988356,-0.655815601348877,-0.032783277332782745,-0.012875287793576717,-0.2141014039516449,0.835951566696167,0.0,0.0,0.0,0.0,0.0,0.0,0.0,0.0,0.0,0.0,0.0,0.0
1761396919051931953,17485,1761396919051331356,,joint1,joint2,joint3,joint4,joint5,joint6,-0.00031403140746988356,-0.655815601348877,-0.032783277332782745,-0.012875287793576717,-0.2141014039516449,0.835951566696167,0.0,0.0,0.0,0.0,0.0,0.0,0.0,0.0,0.0,0.0,0.0,0.0
1761396919071906307,17486,1761396919071402688,,joint1,joint2,joint3,joint4,joint5,joint6,-0.00031403140746988356,-0.655815601348877,-0.032783277332782745,-0.012875287793576717,-0.2141014039516449,0.835951566696167,0.0,0.0,0.0,0.0,0.0,0.0,0.0,0.0,0.0,0.0,0.0,0.0
1761396919091961785,17487,1761396919091389852,,joint1,joint2,joint3,joint4,joint5,joint6,-0.00031403140746988356,-0.655815601348877,-0.032783277332782745,-0.012875287793576717,-0.2141014039516449,0.835951566696167,0.0,0.0,0.0,0.0,0.0,0.0,0.0,0.0,0.0,0.0,0.0,0.0
1761396919112336884,17488,1761396919111371049,,joint1,joint2,joint3,joint4,joint5,joint6,-0.00031403140746988356,-0.655815601348877,-0.032783277332782745,-0.012875287793576717,-0.2141014039516449,0.835951566696167,0.0,0.0,0.0,0.0,0.0,0.0,0.0,0.0,0.0,0.0,0.0,0.0
1761396919131891901,17489,1761396919131383434,,joint1,joint2,joint3,joint4,joint5,joint6,-0.00031403140746988356,-0.655815601348877,-0.032783277332782745,-0.012875287793576717,-0.2141014039516449,0.835951566696167,0.0,0.0,0.0,0.0,0.0,0.0,0.0,0.0,0.0,0.0,0.0,0.0
1761396919151895858,17490,1761396919151385725,,joint1,joint2,joint3,joint4,joint5,joint6,-0.00031403140746988356,-0.655815601348877,-0.032783277332782745,-0.012875287793576717,-0.2141014039516449,0.835951566696167,0.0,0.0,0.0,0.0,0.0,0.0,0.0,0.0,0.0,0.0,0.0,0.0
1761396919172213321,17491,1761396919171421115,,joint1,joint2,joint3,joint4,joint5,joint6,-0.00031403140746988356,-0.655815601348877,-0.032783277332782745,-0.012875287793576717,-0.2141014039516449,0.835951566696167,0.0,0.0,0.0,0.0,0.0,0.0,0.0,0.0,0.0,0.0,0.0,0.0
1761396919192354763,17492,1761396919191381147,,joint1,joint2,joint3,joint4,joint5,joint6,-0.00031403140746988356,-0.655815601348877,-0.032783277332782745,-0.012875287793576717,-0.2141014039516449,0.835951566696167,0.0,0.0,0.0,0.0,0.0,0.0,0.0,0.0,0.0,0.0,0.0,0.0
1761396919211872796,17493,1761396919211299824,,joint1,joint2,joint3,joint4,joint5,joint6,-0.00031403140746988356,-0.655815601348877,-0.032783277332782745,-0.012875287793576717,-0.2141014039516449,0.835951566696167,0.0,0.0,0.0,0.0,0.0,0.0,0.0,0.0,0.0,0.0,0.0,0.0
1761396919232312269,17494,1761396919231326277,,joint1,joint2,joint3,joint4,joint5,joint6,-0.00031403140746988356,-0.655815601348877,-0.032783277332782745,-0.012875287793576717,-0.2141014039516449,0.835951566696167,0.0,0.0,0.0,0.0,0.0,0.0,0.0,0.0,0.0,0.0,0.0,0.0
1761396919251944059,17495,1761396919251383262,,joint1,joint2,joint3,joint4,joint5,joint6,-0.00031403140746988356,-0.655815601348877,-0.032783277332782745,-0.012875287793576717,-0.2141014039516449,0.835951566696167,0.0,0.0,0.0,0.0,0.0,0.0,0.0,0.0,0.0,0.0,0.0,0.0
1761396919271969820,17496,1761396919271329389,,joint1,joint2,joint3,joint4,joint5,joint6,-0.00031403140746988356,-0.655815601348877,-0.032783277332782745,-0.012875287793576717,-0.2141014039516449,0.835951566696167,0.0,0.0,0.0,0.0,0.0,0.0,0.0,0.0,0.0,0.0,0.0,0.0
1761396919292192297,17497,1761396919291415047,,joint1,joint2,joint3,joint4,joint5,joint6,-0.00031403140746988356,-0.655815601348877,-0.032783277332782745,-0.012875287793576717,-0.2141014039516449,0.835951566696167,0.0,0.0,0.0,0.0,0.0,0.0,0.0,0.0,0.0,0.0,0.0,0.0
1761396919312311808,17498,1761396919311381258,,joint1,joint2,joint3,joint4,joint5,joint6,-0.00031403140746988356,-0.655815601348877,-0.032783277332782745,-0.012875287793576717,-0.2141014039516449,0.835951566696167,0.0,0.0,0.0,0.0,0.0,0.0,0.0,0.0,0.0,0.0,0.0,0.0
1761396919331995931,17499,1761396919331389008,,joint1,joint2,joint3,joint4,joint5,joint6,-0.00031403140746988356,-0.655815601348877,-0.032783277332782745,-0.012875287793576717,-0.2141014039516449,0.835951566696167,0.0,0.0,0.0,0.0,0.0,0.0,0.0,0.0,0.0,0.0,0.0,0.0
1761396919351952029,17500,1761396919351380064,,joint1,joint2,joint3,joint4,joint5,joint6,-0.00031403140746988356,-0.655815601348877,-0.032783277332782745,-0.012875287793576717,-0.2141014039516449,0.835951566696167,0.0,0.0,0.0,0.0,0.0,0.0,0.0,0.0,0.0,0.0,0.0,0.0
1761396919372043493,17501,1761396919371387222,,joint1,joint2,joint3,joint4,joint5,joint6,-0.00031403140746988356,-0.655815601348877,-0.032783277332782745,-0.012875287793576717,-0.2141014039516449,0.835951566696167,0.0,0.0,0.0,0.0,0.0,0.0,0.0,0.0,0.0,0.0,0.0,0.0
1761396919391877480,17502,1761396919391398603,,joint1,joint2,joint3,joint4,joint5,joint6,-0.00031403140746988356,-0.6538153886795044,-0.032783277332782745,-0.012875287793576717,-0.2141014039516449,0.835951566696167,0.0,0.0,0.0,0.0,0.0,0.0,0.0,0.0,0.0,0.0,0.0,0.0
1761396919411930873,17503,1761396919411329383,,joint1,joint2,joint3,joint4,joint5,joint6,-0.00031403140746988356,-0.6538153886795044,-0.032783277332782745,-0.012875287793576717,-0.2141014039516449,0.835951566696167,0.0,0.0,0.0,0.0,0.0,0.0,0.0,0.0,0.0,0.0,0.0,0.0
1761396919432019237,17504,1761396919431390136,,joint1,joint2,joint3,joint4,joint5,joint6,-0.00031403140746988356,-0.6543154120445251,-0.032783277332782745,-0.012875287793576717,-0.2141014039516449,0.835951566696167,0.0,0.0,0.0,0.0,0.0,0.0,0.0,0.0,0.0,0.0,0.0,0.0
1761396919451969990,17505,1761396919451399952,,joint1,joint2,joint3,joint4,joint5,joint6,-0.00031403140746988356,-0.6548154950141907,-0.032783277332782745,-0.012875287793576717,-0.2141014039516449,0.835951566696167,0.0,0.0,0.0,0.0,0.0,0.0,0.0,0.0,0.0,0.0,0.0,0.0
1761396919472061340,17506,1761396919471330023,,joint1,joint2,joint3,joint4,joint5,joint6,-0.00031403140746988356,-0.6548154950141907,-0.032783277332782745,-0.012875287793576717,-0.2141014039516449,0.835951566696167,0.0,0.0,0.0,0.0,0.0,0.0,0.0,0.0,0.0,0.0,0.0,0.0
1761396919491891603,17507,1761396919491384373,,joint1,joint2,joint3,joint4,joint5,joint6,-0.00031403140746988356,-0.6553155183792114,-0.032783277332782745,-0.012875287793576717,-0.2141014039516449,0.835951566696167,0.0,0.0,0.0,0.0,0.0,0.0,0.0,0.0,0.0,0.0,0.0,0.0
1761396919511919504,17508,1761396919511358050,,joint1,joint2,joint3,joint4,joint5,joint6,-0.00031403140746988356,-0.6553155183792114,-0.032783277332782745,-0.012875287793576717,-0.2141014039516449,0.835951566696167,0.0,0.0,0.0,0.0,0.0,0.0,0.0,0.0,0.0,0.0,0.0,0.0
1761396919531895112,17509,1761396919531386684,,joint1,joint2,joint3,joint4,joint5,joint6,-0.00031403140746988356,-0.6568157076835632,-0.032783277332782745,-0.012875287793576717,-0.2141014039516449,0.835951566696167,0.0,0.0,0.0,0.0,0.0,0.0,0.0,0.0,0.0,0.0,0.0,0.0
1761396919552291026,17510,1761396919551381722,,joint1,joint2,joint3,joint4,joint5,joint6,-0.00031403140746988356,-0.6568157076835632,-0.032783277332782745,-0.012875287793576717,-0.2141014039516449,0.835951566696167,0.0,0.0,0.0,0.0,0.0,0.0,0.0,0.0,0.0,0.0,0.0,0.0
1761396919571948017,17511,1761396919571383064,,joint1,joint2,joint3,joint4,joint5,joint6,-0.00031403140746988356,-0.6583158373832703,-0.032783277332782745,-0.012875287793576717,-0.2141014039516449,0.835951566696167,0.0,0.0,0.0,0.0,0.0,0.0,0.0,0.0,0.0,0.0,0.0,0.0
1761396919591879820,17512,1761396919591328839,,joint1,joint2,joint3,joint4,joint5,joint6,-0.00031403140746988356,-0.6583158373832703,-0.032783277332782745,-0.012875287793576717,-0.2141014039516449,0.835951566696167,0.0,0.0,0.0,0.0,0.0,0.0,0.0,0.0,0.0,0.0,0.0,0.0
1761396919611882378,17513,1761396919611326253,,joint1,joint2,joint3,joint4,joint5,joint6,-0.00031403140746988356,-0.6603160500526428,-0.032783277332782745,-0.012875287793576717,-0.2141014039516449,0.835951566696167,0.0,0.0,0.0,0.0,0.0,0.0,0.0,0.0,0.0,0.0,0.0,0.0
1761396919631834796,17514,1761396919631359073,,joint1,joint2,joint3,joint4,joint5,joint6,-0.00031403140746988356,-0.6613161563873291,-0.032783277332782745,-0.012875287793576717,-0.2141014039516449,0.835951566696167,0.0,0.0,0.0,0.0,0.0,0.0,0.0,0.0,0.0,0.0,0.0,0.0
1761396919652228337,17515,1761396919651382367,,joint1,joint2,joint3,joint4,joint5,joint6,-0.00031403140746988356,-0.6613161563873291,-0.032783277332782745,-0.012875287793576717,-0.2141014039516449,0.835951566696167,0.0,0.0,0.0,0.0,0.0,0.0,0.0,0.0,0.0,0.0,0.0,0.0
1761396919672334954,17516,1761396919671331920,,joint1,joint2,joint3,joint4,joint5,joint6,-0.00031403140746988356,-0.6638163924217224,-0.032783277332782745,-0.012875287793576717,-0.2141014039516449,0.835951566696167,0.0,0.0,0.0,0.0,0.0,0.0,0.0,0.0,0.0,0.0,0.0,0.0
1761396919692127138,17517,1761396919691382835,,joint1,joint2,joint3,joint4,joint5,joint6,-0.00031403140746988356,-0.6638163924217224,-0.032783277332782745,-0.012875287793576717,-0.2141014039516449,0.835951566696167,0.0,0.0,0.0,0.0,0.0,0.0,0.0,0.0,0.0,0.0,0.0,0.0
1761396919712422254,17518,1761396919711375117,,joint1,joint2,joint3,joint4,joint5,joint6,-0.00031403140746988356,-0.6668167114257812,-0.032783277332782745,-0.012875287793576717,-0.2141014039516449,0.835951566696167,0.0,0.0,0.0,0.0,0.0,0.0,0.0,0.0,0.0,0.0,0.0,0.0
1761396919732121183,17519,1761396919731381772,,joint1,joint2,joint3,joint4,joint5,joint6,-0.00031403140746988356,-0.6668167114257812,-0.032783277332782745,-0.012875287793576717,-0.2141014039516449,0.835951566696167,0.0,0.0,0.0,0.0,0.0,0.0,0.0,0.0,0.0,0.0,0.0,0.0
1761396919752358962,17520,1761396919751374598,,joint1,joint2,joint3,joint4,joint5,joint6,-0.00031403140746988356,-0.6703170537948608,-0.032783277332782745,-0.012875287793576717,-0.2141014039516449,0.835951566696167,0.0,0.0,0.0,0.0,0.0,0.0,0.0,0.0,0.0,0.0,0.0,0.0
1761396919772322656,17521,1761396919771325457,,joint1,joint2,joint3,joint4,joint5,joint6,-0.00031403140746988356,-0.6703170537948608,-0.032783277332782745,-0.012875287793576717,-0.2141014039516449,0.835951566696167,0.0,0.0,0.0,0.0,0.0,0.0,0.0,0.0,0.0,0.0,0.0,0.0
1761396919792007866,17522,1761396919791382342,,joint1,joint2,joint3,joint4,joint5,joint6,-0.00031403140746988356,-0.6723172068595886,-0.032783277332782745,-0.012875287793576717,-0.2141014039516449,0.835951566696167,0.0,0.0,0.0,0.0,0.0,0.0,0.0,0.0,0.0,0.0,0.0,0.0
1761396919812278913,17523,1761396919811323758,,joint1,joint2,joint3,joint4,joint5,joint6,-0.00031403140746988356,-0.675817608833313,-0.032783277332782745,-0.012875287793576717,-0.2141014039516449,0.835951566696167,0.0,0.0,0.0,0.0,0.0,0.0,0.0,0.0,0.0,0.0,0.0,0.0
1761396919831921220,17524,1761396919831390787,,joint1,joint2,joint3,joint4,joint5,joint6,-0.00031403140746988356,-0.675817608833313,-0.032783277332782745,-0.012875287793576717,-0.2141014039516449,0.835951566696167,0.0,0.0,0.0,0.0,0.0,0.0,0.0,0.0,0.0,0.0,0.0,0.0
1761396919852149902,17525,1761396919851384194,,joint1,joint2,joint3,joint4,joint5,joint6,-0.00031403140746988356,-0.6803180575370789,-0.032783277332782745,-0.012875287793576717,-0.2141014039516449,0.835951566696167,0.0,0.0,0.0,0.0,0.0,0.0,0.0,0.0,0.0,0.0,0.0,0.0
1761396919871931920,17526,1761396919871379195,,joint1,joint2,joint3,joint4,joint5,joint6,-0.00031403140746988356,-0.6803180575370789,-0.032783277332782745,-0.012875287793576717,-0.2141014039516449,0.835951566696167,0.0,0.0,0.0,0.0,0.0,0.0,0.0,0.0,0.0,0.0,0.0,0.0
1761396919892311400,17527,1761396919891331309,,joint1,joint2,joint3,joint4,joint5,joint6,-0.00031403140746988356,-0.6843184232711792,-0.032783277332782745,-0.012875287793576717,-0.2141014039516449,0.835951566696167,0.0,0.0,0.0,0.0,0.0,0.0,0.0,0.0,0.0,0.0,0.0,0.0
1761396919911909746,17528,1761396919911395376,,joint1,joint2,joint3,joint4,joint5,joint6,-0.00031403140746988356,-0.6843184232711792,-0.032783277332782745,-0.012875287793576717,-0.2141014039516449,0.835951566696167,0.0,0.0,0.0,0.0,0.0,0.0,0.0,0.0,0.0,0.0,0.0,0.0
1761396919932167031,17529,1761396919931385577,,joint1,joint2,joint3,joint4,joint5,joint6,-0.00031403140746988356,-0.6868186593055725,-0.032783277332782745,-0.012875287793576717,-0.2141014039516449,0.835951566696167,0.0,0.0,0.0,0.0,0.0,0.0,0.0,0.0,0.0,0.0,0.0,0.0
1761396919951952677,17530,1761396919951328952,,joint1,joint2,joint3,joint4,joint5,joint6,-0.00031403140746988356,-0.6868186593055725,-0.032783277332782745,-0.012875287793576717,-0.2141014039516449,0.835951566696167,0.0,0.0,0.0,0.0,0.0,0.0,0.0,0.0,0.0,0.0,0.0,0.0
1761396919972531984,17531,1761396919971402163,,joint1,joint2,joint3,joint4,joint5,joint6,-0.00031403140746988356,-0.6923192143440247,-0.032783277332782745,-0.012875287793576717,-0.2141014039516449,0.835951566696167,0.0,0.0,0.0,0.0,0.0,0.0,0.0,0.0,0.0,0.0,0.0,0.0
1761396919991877518,17532,1761396919991329153,,joint1,joint2,joint3,joint4,joint5,joint6,-0.00031403140746988356,-0.697319746017456,-0.032783277332782745,-0.012875287793576717,-0.2141014039516449,0.835951566696167,0.0,0.0,0.0,0.0,0.0,0.0,0.0,0.0,0.0,0.0,0.0,0.0
1761396920012143415,17533,1761396920011354558,,joint1,joint2,joint3,joint4,joint5,joint6,-0.00031403140746988356,-0.697319746017456,-0.032783277332782745,-0.012875287793576717,-0.2141014039516449,0.835951566696167,0.0,0.0,0.0,0.0,0.0,0.0,0.0,0.0,0.0,0.0,0.0,0.0
1761396920031951320,17534,1761396920031384837,,joint1,joint2,joint3,joint4,joint5,joint6,-0.00031403140746988356,-0.703320324420929,-0.032783277332782745,-0.012875287793576717,-0.2141014039516449,0.835951566696167,0.0,0.0,0.0,0.0,0.0,0.0,0.0,0.0,0.0,0.0,0.0,0.0
1761396920051861411,17535,1761396920051382789,,joint1,joint2,joint3,joint4,joint5,joint6,-0.00031403140746988356,-0.703320324420929,-0.032783277332782745,-0.012875287793576717,-0.2141014039516449,0.835951566696167,0.0,0.0,0.0,0.0,0.0,0.0,0.0,0.0,0.0,0.0,0.0,0.0
1761396920072510730,17536,1761396920071399088,,joint1,joint2,joint3,joint4,joint5,joint6,-0.00031403140746988356,-0.7093209028244019,-0.032783277332782745,-0.012875287793576717,-0.2141014039516449,0.835951566696167,0.0,0.0,0.0,0.0,0.0,0.0,0.0,0.0,0.0,0.0,0.0,0.0
1761396920092164815,17537,1761396920091384160,,joint1,joint2,joint3,joint4,joint5,joint6,-0.00031403140746988356,-0.7093209028244019,-0.032783277332782745,-0.012875287793576717,-0.2141014039516449,0.835951566696167,0.0,0.0,0.0,0.0,0.0,0.0,0.0,0.0,0.0,0.0,0.0,0.0
1761396920111814565,17538,1761396920111323313,,joint1,joint2,joint3,joint4,joint5,joint6,-0.00031403140746988356,-0.7123212218284607,-0.032783277332782745,-0.012875287793576717,-0.2141014039516449,0.835951566696167,0.0,0.0,0.0,0.0,0.0,0.0,0.0,0.0,0.0,0.0,0.0,0.0
1761396920131961182,17539,1761396920131330740,,joint1,joint2,joint3,joint4,joint5,joint6,-0.00031403140746988356,-0.7123212218284607,-0.032783277332782745,-0.012875287793576717,-0.2141014039516449,0.835951566696167,0.0,0.0,0.0,0.0,0.0,0.0,0.0,0.0,0.0,0.0,0.0,0.0
1761396920152026611,17540,1761396920151384213,,joint1,joint2,joint3,joint4,joint5,joint6,-0.00031403140746988356,-0.7193219065666199,-0.032783277332782745,-0.012875287793576717,-0.2141014039516449,0.835951566696167,0.0,0.0,0.0,0.0,0.0,0.0,0.0,0.0,0.0,0.0,0.0,0.0
1761396920171877148,17541,1761396920171386914,,joint1,joint2,joint3,joint4,joint5,joint6,-0.00031403140746988356,-0.7263226509094238,-0.032783277332782745,-0.012875287793576717,-0.2141014039516449,0.835951566696167,0.0,0.0,0.0,0.0,0.0,0.0,0.0,0.0,0.0,0.0,0.0,0.0
1761396920192069553,17542,1761396920191382334,,joint1,joint2,joint3,joint4,joint5,joint6,-0.00031403140746988356,-0.7263226509094238,-0.032783277332782745,-0.012875287793576717,-0.2141014039516449,0.835951566696167,0.0,0.0,0.0,0.0,0.0,0.0,0.0,0.0,0.0,0.0,0.0,0.0
1761396920212214610,17543,1761396920211434850,,joint1,joint2,joint3,joint4,joint5,joint6,-0.00031403140746988356,-0.7338233590126038,-0.032783277332782745,-0.012875287793576717,-0.2141014039516449,0.835951566696167,0.0,0.0,0.0,0.0,0.0,0.0,0.0,0.0,0.0,0.0,0.0,0.0
1761396920232236945,17544,1761396920231386421,,joint1,joint2,joint3,joint4,joint5,joint6,-0.00031403140746988356,-0.7338233590126038,-0.032783277332782745,-0.012875287793576717,-0.2141014039516449,0.835951566696167,0.0,0.0,0.0,0.0,0.0,0.0,0.0,0.0,0.0,0.0,0.0,0.0
1761396920252167557,17545,1761396920251323303,,joint1,joint2,joint3,joint4,joint5,joint6,-0.00031403140746988356,-0.7373237609863281,-0.032783277332782745,-0.012875287793576717,-0.2141014039516449,0.835951566696167,0.0,0.0,0.0,0.0,0.0,0.0,0.0,0.0,0.0,0.0,0.0,0.0
1761396920272286126,17546,1761396920271322233,,joint1,joint2,joint3,joint4,joint5,joint6,-0.00031403140746988356,-0.7373237609863281,-0.032783277332782745,-0.012875287793576717,-0.2141014039516449,0.835951566696167,0.0,0.0,0.0,0.0,0.0,0.0,0.0,0.0,0.0,0.0,0.0,0.0
1761396920292404326,17547,1761396920291426027,,joint1,joint2,joint3,joint4,joint5,joint6,-0.00031403140746988356,-0.7453245520591736,-0.032783277332782745,-0.012875287793576717,-0.2141014039516449,0.835951566696167,0.0,0.0,0.0,0.0,0.0,0.0,0.0,0.0,0.0,0.0,0.0,0.0
1761396920311947643,17548,1761396920311353887,,joint1,joint2,joint3,joint4,joint5,joint6,-0.00031403140746988356,-0.7453245520591736,-0.032783277332782745,-0.012875287793576717,-0.2141014039516449,0.835951566696167,0.0,0.0,0.0,0.0,0.0,0.0,0.0,0.0,0.0,0.0,0.0,0.0
1761396920331960702,17549,1761396920331388573,,joint1,joint2,joint3,joint4,joint5,joint6,-0.00031403140746988356,-0.753325343132019,-0.032783277332782745,-0.012875287793576717,-0.2141014039516449,0.835951566696167,0.0,0.0,0.0,0.0,0.0,0.0,0.0,0.0,0.0,0.0,0.0,0.0
1761396920352286687,17550,1761396920351324039,,joint1,joint2,joint3,joint4,joint5,joint6,-0.00031403140746988356,-0.7623262405395508,-0.032783277332782745,-0.012875287793576717,-0.2141014039516449,0.835951566696167,0.0,0.0,0.0,0.0,0.0,0.0,0.0,0.0,0.0,0.0,0.0,0.0
1761396920372017694,17551,1761396920371382873,,joint1,joint2,joint3,joint4,joint5,joint6,-0.00031403140746988356,-0.7623262405395508,-0.032783277332782745,-0.012875287793576717,-0.2141014039516449,0.835951566696167,0.0,0.0,0.0,0.0,0.0,0.0,0.0,0.0,0.0,0.0,0.0,0.0
1761396920392213445,17552,1761396920391343954,,joint1,joint2,joint3,joint4,joint5,joint6,-0.00031403140746988356,-0.7663266062736511,-0.032783277332782745,-0.012875287793576717,-0.2141014039516449,0.835951566696167,0.0,0.0,0.0,0.0,0.0,0.0,0.0,0.0,0.0,0.0,0.0,0.0
1761396920412070163,17553,1761396920411335193,,joint1,joint2,joint3,joint4,joint5,joint6,-0.00031403140746988356,-0.7663266062736511,-0.032783277332782745,-0.012875287793576717,-0.2141014039516449,0.835951566696167,0.0,0.0,0.0,0.0,0.0,0.0,0.0,0.0,0.0,0.0,0.0,0.0
1761396920431921560,17554,1761396920431384354,,joint1,joint2,joint3,joint4,joint5,joint6,-0.00031403140746988356,-0.7758275866508484,-0.032783277332782745,-0.012875287793576717,-0.2141014039516449,0.835951566696167,0.0,0.0,0.0,0.0,0.0,0.0,0.0,0.0,0.0,0.0,0.0,0.0
1761396920451971405,17555,1761396920451380761,,joint1,joint2,joint3,joint4,joint5,joint6,-0.00031403140746988356,-0.7758275866508484,-0.032783277332782745,-0.012875287793576717,-0.2141014039516449,0.835951566696167,0.0,0.0,0.0,0.0,0.0,0.0,0.0,0.0,0.0,0.0,0.0,0.0
1761396920472289371,17556,1761396920471389226,,joint1,joint2,joint3,joint4,joint5,joint6,-0.00031403140746988356,-0.7853285074234009,-0.032783277332782745,-0.012875287793576717,-0.2141014039516449,0.835951566696167,0.0,0.0,0.0,0.0,0.0,0.0,0.0,0.0,0.0,0.0,0.0,0.0
1761396920492441620,17557,1761396920491375831,,joint1,joint2,joint3,joint4,joint5,joint6,-0.00031403140746988356,-0.7853285074234009,-0.032783277332782745,-0.012875287793576717,-0.2141014039516449,0.835951566696167,0.0,0.0,0.0,0.0,0.0,0.0,0.0,0.0,0.0,0.0,0.0,0.0
1761396920512095885,17558,1761396920511385243,,joint1,joint2,joint3,joint4,joint5,joint6,-0.00031403140746988356,-0.7953295111656189,-0.032783277332782745,-0.012875287793576717,-0.2141014039516449,0.835951566696167,0.0,0.0,0.0,0.0,0.0,0.0,0.0,0.0,0.0,0.0,0.0,0.0
1761396920532218232,17559,1761396920531385683,,joint1,joint2,joint3,joint4,joint5,joint6,-0.00031403140746988356,-0.8058305978775024,-0.032783277332782745,-0.012875287793576717,-0.2141014039516449,0.835951566696167,0.0,0.0,0.0,0.0,0.0,0.0,0.0,0.0,0.0,0.0,0.0,0.0
1761396920552262988,17560,1761396920551323495,,joint1,joint2,joint3,joint4,joint5,joint6,-0.00031403140746988356,-0.8058305978775024,-0.032783277332782745,-0.012875287793576717,-0.2141014039516449,0.835951566696167,0.0,0.0,0.0,0.0,0.0,0.0,0.0,0.0,0.0,0.0,0.0,0.0
1761396920572277287,17561,1761396920571323271,,joint1,joint2,joint3,joint4,joint5,joint6,-0.00031403140746988356,-0.8108310699462891,-0.032783277332782745,-0.012875287793576717,-0.2141014039516449,0.835951566696167,0.0,0.0,0.0,0.0,0.0,0.0,0.0,0.0,0.0,0.0,0.0,0.0
1761396920591964247,17562,1761396920591383136,,joint1,joint2,joint3,joint4,joint5,joint6,-0.00031403140746988356,-0.8108310699462891,-0.032783277332782745,-0.012875287793576717,-0.2141014039516449,0.835951566696167,0.0,0.0,0.0,0.0,0.0,0.0,0.0,0.0,0.0,0.0,0.0,0.0
1761396920612436956,17563,1761396920611382502,,joint1,joint2,joint3,joint4,joint5,joint6,-0.00031403140746988356,-0.8213321566581726,-0.032783277332782745,-0.012875287793576717,-0.2141014039516449,0.835951566696167,0.0,0.0,0.0,0.0,0.0,0.0,0.0,0.0,0.0,0.0,0.0,0.0
1761396920632138301,17564,1761396920631383134,,joint1,joint2,joint3,joint4,joint5,joint6,-0.00031403140746988356,-0.8213321566581726,-0.032783277332782745,-0.012875287793576717,-0.2141014039516449,0.835951566696167,0.0,0.0,0.0,0.0,0.0,0.0,0.0,0.0,0.0,0.0,0.0,0.0
1761396920652279340,17565,1761396920651379022,,joint1,joint2,joint3,joint4,joint5,joint6,-0.00031403140746988356,-0.8328332901000977,-0.032783277332782745,-0.012875287793576717,-0.2141014039516449,0.835951566696167,0.0,0.0,0.0,0.0,0.0,0.0,0.0,0.0,0.0,0.0,0.0,0.0
1761396920672276748,17566,1761396920671347111,,joint1,joint2,joint3,joint4,joint5,joint6,-0.00031403140746988356,-0.8328332901000977,-0.032783277332782745,-0.012875287793576717,-0.2141014039516449,0.835951566696167,0.0,0.0,0.0,0.0,0.0,0.0,0.0,0.0,0.0,0.0,0.0,0.0
1761396920692253613,17567,1761396920691330471,,joint1,joint2,joint3,joint4,joint5,joint6,-0.00031403140746988356,-0.8443344235420227,-0.032783277332782745,-0.012875287793576717,-0.2141014039516449,0.835951566696167,0.0,0.0,0.0,0.0,0.0,0.0,0.0,0.0,0.0,0.0,0.0,0.0
1761396920712190868,17568,1761396920711323240,,joint1,joint2,joint3,joint4,joint5,joint6,-0.00031403140746988356,-0.8498349785804749,-0.032783277332782745,-0.012875287793576717,-0.2141014039516449,0.835951566696167,0.0,0.0,0.0,0.0,0.0,0.0,0.0,0.0,0.0,0.0,0.0,0.0
1761396920732369705,17569,1761396920731329463,,joint1,joint2,joint3,joint4,joint5,joint6,-0.00031403140746988356,-0.8498349785804749,-0.032783277332782745,-0.012875287793576717,-0.2141014039516449,0.835951566696167,0.0,0.0,0.0,0.0,0.0,0.0,0.0,0.0,0.0,0.0,0.0,0.0
1761396920752037373,17570,1761396920751322213,,joint1,joint2,joint3,joint4,joint5,joint6,-0.00031403140746988356,-0.8618361949920654,-0.032783277332782745,-0.012875287793576717,-0.2141014039516449,0.835951566696167,0.0,0.0,0.0,0.0,0.0,0.0,0.0,0.0,0.0,0.0,0.0,0.0
1761396920772049086,17571,1761396920771384352,,joint1,joint2,joint3,joint4,joint5,joint6,-0.00031403140746988356,-0.8618361949920654,-0.032783277332782745,-0.012875287793576717,-0.2141014039516449,0.835951566696167,0.0,0.0,0.0,0.0,0.0,0.0,0.0,0.0,0.0,0.0,0.0,0.0
1761396920792330282,17572,1761396920791330981,,joint1,joint2,joint3,joint4,joint5,joint6,-0.00031403140746988356,-0.8748374581336975,-0.032783277332782745,-0.012875287793576717,-0.2141014039516449,0.835951566696167,0.0,0.0,0.0,0.0,0.0,0.0,0.0,0.0,0.0,0.0,0.0,0.0
1761396920811956558,17573,1761396920811385937,,joint1,joint2,joint3,joint4,joint5,joint6,-0.00031403140746988356,-0.8748374581336975,-0.032783277332782745,-0.012875287793576717,-0.2141014039516449,0.835951566696167,0.0,0.0,0.0,0.0,0.0,0.0,0.0,0.0,0.0,0.0,0.0,0.0
1761396920832325083,17574,1761396920831392347,,joint1,joint2,joint3,joint4,joint5,joint6,-0.00031403140746988356,-0.8873387575149536,-0.032783277332782745,-0.012875287793576717,-0.2141014039516449,0.835951566696167,0.0,0.0,0.0,0.0,0.0,0.0,0.0,0.0,0.0,0.0,0.0,0.0
1761396920851864137,17575,1761396920851340272,,joint1,joint2,joint3,joint4,joint5,joint6,-0.00031403140746988356,-0.8873387575149536,-0.032783277332782745,-0.012875287793576717,-0.2141014039516449,0.835951566696167,0.0,0.0,0.0,0.0,0.0,0.0,0.0,0.0,0.0,0.0,0.0,0.0
1761396920872132823,17576,1761396920871382260,,joint1,joint2,joint3,joint4,joint5,joint6,-0.00031403140746988356,-0.8873387575149536,-0.032783277332782745,-0.012875287793576717,-0.2141014039516449,0.835951566696167,0.0,0.0,0.0,0.0,0.0,0.0,0.0,0.0,0.0,0.0,0.0,0.0
1761396920892361170,17577,1761396920891353691,,joint1,joint2,joint3,joint4,joint5,joint6,-0.00031403140746988356,-0.8873387575149536,-0.032783277332782745,-0.012875287793576717,-0.2141014039516449,0.835951566696167,0.0,0.0,0.0,0.0,0.0,0.0,0.0,0.0,0.0,0.0,0.0,0.0
1761396920912185362,17578,1761396920911392748,,joint1,joint2,joint3,joint4,joint5,joint6,-0.00031403140746988356,-0.8873387575149536,-0.032783277332782745,-0.012875287793576717,-0.2141014039516449,0.835951566696167,0.0,0.0,0.0,0.0,0.0,0.0,0.0,0.0,0.0,0.0,0.0,0.0
1761396920932013233,17579,1761396920931385133,,joint1,joint2,joint3,joint4,joint5,joint6,-0.00031403140746988356,-0.8873387575149536,-0.032783277332782745,-0.012875287793576717,-0.2141014039516449,0.835951566696167,0.0,0.0,0.0,0.0,0.0,0.0,0.0,0.0,0.0,0.0,0.0,0.0
1761396920951930490,17580,1761396920951383136,,joint1,joint2,joint3,joint4,joint5,joint6,-0.00031403140746988356,-0.8873387575149536,-0.032783277332782745,-0.012875287793576717,-0.2141014039516449,0.835951566696167,0.0,0.0,0.0,0.0,0.0,0.0,0.0,0.0,0.0,0.0,0.0,0.0
1761396920971900571,17581,1761396920971377161,,joint1,joint2,joint3,joint4,joint5,joint6,-0.00031403140746988356,-0.8873387575149536,-0.032783277332782745,-0.012875287793576717,-0.2141014039516449,0.835951566696167,0.0,0.0,0.0,0.0,0.0,0.0,0.0,0.0,0.0,0.0,0.0,0.0
1761396920992304689,17582,1761396920991375823,,joint1,joint2,joint3,joint4,joint5,joint6,-0.00031403140746988356,-0.8873387575149536,-0.032783277332782745,-0.012875287793576717,-0.2141014039516449,0.835951566696167,0.0,0.0,0.0,0.0,0.0,0.0,0.0,0.0,0.0,0.0,0.0,0.0
1761396921012119812,17583,1761396921011386892,,joint1,joint2,joint3,joint4,joint5,joint6,-0.00031403140746988356,-0.8873387575149536,-0.032783277332782745,-0.012875287793576717,-0.2141014039516449,0.835951566696167,0.0,0.0,0.0,0.0,0.0,0.0,0.0,0.0,0.0,0.0,0.0,0.0
1761396921032133754,17584,1761396921031319799,,joint1,joint2,joint3,joint4,joint5,joint6,-0.00031403140746988356,-0.8873387575149536,-0.032783277332782745,-0.012875287793576717,-0.2141014039516449,0.835951566696167,0.0,0.0,0.0,0.0,0.0,0.0,0.0,0.0,0.0,0.0,0.0,0.0
1761396921051866727,17585,1761396921051386215,,joint1,joint2,joint3,joint4,joint5,joint6,-0.00031403140746988356,-0.8873387575149536,-0.032783277332782745,-0.012875287793576717,-0.2141014039516449,0.835951566696167,0.0,0.0,0.0,0.0,0.0,0.0,0.0,0.0,0.0,0.0,0.0,0.0
1761396921072398777,17586,1761396921071387146,,joint1,joint2,joint3,joint4,joint5,joint6,-0.00031403140746988356,-0.8873387575149536,-0.032783277332782745,-0.012875287793576717,-0.2141014039516449,0.835951566696167,0.0,0.0,0.0,0.0,0.0,0.0,0.0,0.0,0.0,0.0,0.0,0.0
1761396921092393105,17587,1761396921091385607,,joint1,joint2,joint3,joint4,joint5,joint6,-0.00031403140746988356,-0.8873387575149536,-0.032783277332782745,-0.012875287793576717,-0.2141014039516449,0.835951566696167,0.0,0.0,0.0,0.0,0.0,0.0,0.0,0.0,0.0,0.0,0.0,0.0
1761396921111970332,17588,1761396921111383647,,joint1,joint2,joint3,joint4,joint5,joint6,-0.00031403140746988356,-0.8873387575149536,-0.032783277332782745,-0.012875287793576717,-0.2141014039516449,0.835951566696167,0.0,0.0,0.0,0.0,0.0,0.0,0.0,0.0,0.0,0.0,0.0,0.0
1761396921131873929,17589,1761396921131385552,,joint1,joint2,joint3,joint4,joint5,joint6,-0.00031403140746988356,-0.8873387575149536,-0.032783277332782745,-0.012875287793576717,-0.2141014039516449,0.835951566696167,0.0,0.0,0.0,0.0,0.0,0.0,0.0,0.0,0.0,0.0,0.0,0.0
1761396921152144977,17590,1761396921151382926,,joint1,joint2,joint3,joint4,joint5,joint6,-0.00031403140746988356,-0.8873387575149536,-0.032783277332782745,-0.012875287793576717,-0.2141014039516449,0.835951566696167,0.0,0.0,0.0,0.0,0.0,0.0,0.0,0.0,0.0,0.0,0.0,0.0
1761396921171877193,17591,1761396921171391110,,joint1,joint2,joint3,joint4,joint5,joint6,-0.00031403140746988356,-0.8873387575149536,-0.032783277332782745,-0.012875287793576717,-0.2141014039516449,0.835951566696167,0.0,0.0,0.0,0.0,0.0,0.0,0.0,0.0,0.0,0.0,0.0,0.0
1761396921191993382,17592,1761396921191385109,,joint1,joint2,joint3,joint4,joint5,joint6,-0.00031403140746988356,-0.8873387575149536,-0.032783277332782745,-0.012875287793576717,-0.2141014039516449,0.835951566696167,0.0,0.0,0.0,0.0,0.0,0.0,0.0,0.0,0.0,0.0,0.0,0.0
1761396921212054042,17593,1761396921211328376,,joint1,joint2,joint3,joint4,joint5,joint6,-0.00031403140746988356,-0.8873387575149536,-0.032783277332782745,-0.012875287793576717,-0.2141014039516449,0.835951566696167,0.0,0.0,0.0,0.0,0.0,0.0,0.0,0.0,0.0,0.0,0.0,0.0
1761396921231860634,17594,1761396921231385324,,joint1,joint2,joint3,joint4,joint5,joint6,-0.00031403140746988356,-0.8873387575149536,-0.032783277332782745,-0.012875287793576717,-0.2141014039516449,0.835951566696167,0.0,0.0,0.0,0.0,0.0,0.0,0.0,0.0,0.0,0.0,0.0,0.0
1761396921252084961,17595,1761396921251385332,,joint1,joint2,joint3,joint4,joint5,joint6,-0.00031403140746988356,-0.8873387575149536,-0.032783277332782745,-0.012875287793576717,-0.2141014039516449,0.835951566696167,0.0,0.0,0.0,0.0,0.0,0.0,0.0,0.0,0.0,0.0,0.0,0.0
1761396921272377821,17596,1761396921271391107,,joint1,joint2,joint3,joint4,joint5,joint6,-0.00031403140746988356,-0.8873387575149536,-0.032783277332782745,-0.012875287793576717,-0.2141014039516449,0.835951566696167,0.0,0.0,0.0,0.0,0.0,0.0,0.0,0.0,0.0,0.0,0.0,0.0
1761396921292181099,17597,1761396921291382180,,joint1,joint2,joint3,joint4,joint5,joint6,-0.00031403140746988356,-0.8873387575149536,-0.032783277332782745,-0.012875287793576717,-0.2141014039516449,0.835951566696167,0.0,0.0,0.0,0.0,0.0,0.0,0.0,0.0,0.0,0.0,0.0,0.0
1761396921312120048,17598,1761396921311384250,,joint1,joint2,joint3,joint4,joint5,joint6,-0.00031403140746988356,-0.8873387575149536,-0.032783277332782745,-0.012875287793576717,-0.2141014039516449,0.835951566696167,0.0,0.0,0.0,0.0,0.0,0.0,0.0,0.0,0.0,0.0,0.0,0.0
1761396921331858697,17599,1761396921331385541,,joint1,joint2,joint3,joint4,joint5,joint6,-0.00031403140746988356,-0.8873387575149536,-0.032783277332782745,-0.012875287793576717,-0.2141014039516449,0.835951566696167,0.0,0.0,0.0,0.0,0.0,0.0,0.0,0.0,0.0,0.0,0.0,0.0
1761396921352115891,17600,1761396921351382817,,joint1,joint2,joint3,joint4,joint5,joint6,-0.00031403140746988356,-0.8873387575149536,-0.032783277332782745,-0.012875287793576717,-0.2141014039516449,0.835951566696167,0.0,0.0,0.0,0.0,0.0,0.0,0.0,0.0,0.0,0.0,0.0,0.0
1761396921371880723,17601,1761396921371357340,,joint1,joint2,joint3,joint4,joint5,joint6,-0.00031403140746988356,-0.8873387575149536,-0.032783277332782745,-0.012875287793576717,-0.2141014039516449,0.835951566696167,0.0,0.0,0.0,0.0,0.0,0.0,0.0,0.0,0.0,0.0,0.0,0.0
1761396921391931230,17602,1761396921391385536,,joint1,joint2,joint3,joint4,joint5,joint6,-0.00031403140746988356,-0.8873387575149536,-0.032783277332782745,-0.012875287793576717,-0.2141014039516449,0.835951566696167,0.0,0.0,0.0,0.0,0.0,0.0,0.0,0.0,0.0,0.0,0.0,0.0
1761396921412391888,17603,1761396921411385791,,joint1,joint2,joint3,joint4,joint5,joint6,-0.00031403140746988356,-0.8873387575149536,-0.032783277332782745,-0.012875287793576717,-0.2141014039516449,0.835951566696167,0.0,0.0,0.0,0.0,0.0,0.0,0.0,0.0,0.0,0.0,0.0,0.0
1761396921432039782,17604,1761396921431355039,,joint1,joint2,joint3,joint4,joint5,joint6,-0.00031403140746988356,-0.8873387575149536,-0.032783277332782745,-0.012875287793576717,-0.2141014039516449,0.835951566696167,0.0,0.0,0.0,0.0,0.0,0.0,0.0,0.0,0.0,0.0,0.0,0.0
1761396921452338456,17605,1761396921451331977,,joint1,joint2,joint3,joint4,joint5,joint6,-0.00031403140746988356,-0.8873387575149536,-0.032783277332782745,-0.012875287793576717,-0.2141014039516449,0.835951566696167,0.0,0.0,0.0,0.0,0.0,0.0,0.0,0.0,0.0,0.0,0.0,0.0
1761396921472367286,17606,1761396921471330351,,joint1,joint2,joint3,joint4,joint5,joint6,-0.00031403140746988356,-0.8873387575149536,-0.032783277332782745,-0.012875287793576717,-0.2141014039516449,0.835951566696167,0.0,0.0,0.0,0.0,0.0,0.0,0.0,0.0,0.0,0.0,0.0,0.0
1761396921491998402,17607,1761396921491381518,,joint1,joint2,joint3,joint4,joint5,joint6,-0.00031403140746988356,-0.8873387575149536,-0.032783277332782745,-0.012875287793576717,-0.2141014039516449,0.835951566696167,0.0,0.0,0.0,0.0,0.0,0.0,0.0,0.0,0.0,0.0,0.0,0.0
1761396921512284990,17608,1761396921511330031,,joint1,joint2,joint3,joint4,joint5,joint6,-0.00031403140746988356,-0.8873387575149536,-0.032783277332782745,-0.012875287793576717,-0.2141014039516449,0.835951566696167,0.0,0.0,0.0,0.0,0.0,0.0,0.0,0.0,0.0,0.0,0.0,0.0
1761396921532076804,17609,1761396921531343857,,joint1,joint2,joint3,joint4,joint5,joint6,-0.00031403140746988356,-0.8873387575149536,-0.032783277332782745,-0.012875287793576717,-0.2141014039516449,0.835951566696167,0.0,0.0,0.0,0.0,0.0,0.0,0.0,0.0,0.0,0.0,0.0,0.0
1761396921552426016,17610,1761396921551380292,,joint1,joint2,joint3,joint4,joint5,joint6,-0.00031403140746988356,-0.8873387575149536,-0.032783277332782745,-0.012875287793576717,-0.2141014039516449,0.835951566696167,0.0,0.0,0.0,0.0,0.0,0.0,0.0,0.0,0.0,0.0,0.0,0.0
1761396921572043039,17611,1761396921571383179,,joint1,joint2,joint3,joint4,joint5,joint6,-0.00031403140746988356,-0.8873387575149536,-0.032783277332782745,-0.012875287793576717,-0.2141014039516449,0.835951566696167,0.0,0.0,0.0,0.0,0.0,0.0,0.0,0.0,0.0,0.0,0.0,0.0
1761396921592336747,17612,1761396921591330451,,joint1,joint2,joint3,joint4,joint5,joint6,-0.00031403140746988356,-0.8873387575149536,-0.032783277332782745,-0.012875287793576717,-0.2141014039516449,0.835951566696167,0.0,0.0,0.0,0.0,0.0,0.0,0.0,0.0,0.0,0.0,0.0,0.0
1761396921611947201,17613,1761396921611382427,,joint1,joint2,joint3,joint4,joint5,joint6,-0.00031403140746988356,-0.8873387575149536,-0.032783277332782745,-0.012875287793576717,-0.2141014039516449,0.835951566696167,0.0,0.0,0.0,0.0,0.0,0.0,0.0,0.0,0.0,0.0,0.0,0.0
1761396921631954848,17614,1761396921631342092,,joint1,joint2,joint3,joint4,joint5,joint6,-0.00031403140746988356,-0.8873387575149536,-0.032783277332782745,-0.012875287793576717,-0.2141014039516449,0.835951566696167,0.0,0.0,0.0,0.0,0.0,0.0,0.0,0.0,0.0,0.0,0.0,0.0
1761396921652252724,17615,1761396921651382822,,joint1,joint2,joint3,joint4,joint5,joint6,-0.00031403140746988356,-0.8873387575149536,-0.032783277332782745,-0.012875287793576717,-0.2141014039516449,0.835951566696167,0.0,0.0,0.0,0.0,0.0,0.0,0.0,0.0,0.0,0.0,0.0,0.0
1761396921672396502,17616,1761396921671336153,,joint1,joint2,joint3,joint4,joint5,joint6,-0.00031403140746988356,-0.8873387575149536,-0.032783277332782745,-0.012875287793576717,-0.2141014039516449,0.835951566696167,0.0,0.0,0.0,0.0,0.0,0.0,0.0,0.0,0.0,0.0,0.0,0.0
1761396921692142872,17617,1761396921691385932,,joint1,joint2,joint3,joint4,joint5,joint6,-0.00031403140746988356,-0.8873387575149536,-0.032783277332782745,-0.012875287793576717,-0.2141014039516449,0.835951566696167,0.0,0.0,0.0,0.0,0.0,0.0,0.0,0.0,0.0,0.0,0.0,0.0
1761396921712256741,17618,1761396921711332235,,joint1,joint2,joint3,joint4,joint5,joint6,-0.00031403140746988356,-0.8873387575149536,-0.032783277332782745,-0.012875287793576717,-0.2141014039516449,0.835951566696167,0.0,0.0,0.0,0.0,0.0,0.0,0.0,0.0,0.0,0.0,0.0,0.0
1761396921731872883,17619,1761396921731341759,,joint1,joint2,joint3,joint4,joint5,joint6,-0.00031403140746988356,-0.8873387575149536,-0.032783277332782745,-0.012875287793576717,-0.2141014039516449,0.835951566696167,0.0,0.0,0.0,0.0,0.0,0.0,0.0,0.0,0.0,0.0,0.0,0.0
1761396921751874165,17620,1761396921751340643,,joint1,joint2,joint3,joint4,joint5,joint6,-0.00031403140746988356,-0.8873387575149536,-0.032783277332782745,-0.012875287793576717,-0.2141014039516449,0.835951566696167,0.0,0.0,0.0,0.0,0.0,0.0,0.0,0.0,0.0,0.0,0.0,0.0
1761396921772080216,17621,1761396921771333321,,joint1,joint2,joint3,joint4,joint5,joint6,-0.00031403140746988356,-0.8873387575149536,-0.032783277332782745,-0.012875287793576717,-0.2141014039516449,0.835951566696167,0.0,0.0,0.0,0.0,0.0,0.0,0.0,0.0,0.0,0.0,0.0,0.0
1761396921792236954,17622,1761396921791380930,,joint1,joint2,joint3,joint4,joint5,joint6,-0.00031403140746988356,-0.8873387575149536,-0.032783277332782745,-0.012875287793576717,-0.2141014039516449,0.835951566696167,0.0,0.0,0.0,0.0,0.0,0.0,0.0,0.0,0.0,0.0,0.0,0.0
1761396921812294198,17623,1761396921811375529,,joint1,joint2,joint3,joint4,joint5,joint6,-0.00031403140746988356,-0.8873387575149536,-0.032783277332782745,-0.012875287793576717,-0.2141014039516449,0.835951566696167,0.0,0.0,0.0,0.0,0.0,0.0,0.0,0.0,0.0,0.0,0.0,0.0
1761396921831997835,17624,1761396921831396947,,joint1,joint2,joint3,joint4,joint5,joint6,-0.00031403140746988356,-0.8873387575149536,-0.032783277332782745,-0.012875287793576717,-0.2141014039516449,0.835951566696167,0.0,0.0,0.0,0.0,0.0,0.0,0.0,0.0,0.0,0.0,0.0,0.0
1761396921852200757,17625,1761396921851386966,,joint1,joint2,joint3,joint4,joint5,joint6,-0.00031403140746988356,-0.8873387575149536,-0.032783277332782745,-0.012875287793576717,-0.2141014039516449,0.835951566696167,0.0,0.0,0.0,0.0,0.0,0.0,0.0,0.0,0.0,0.0,0.0,0.0
1761396921872075403,17626,1761396921871357647,,joint1,joint2,joint3,joint4,joint5,joint6,-0.00031403140746988356,-0.8873387575149536,-0.032783277332782745,-0.012875287793576717,-0.2141014039516449,0.835951566696167,0.0,0.0,0.0,0.0,0.0,0.0,0.0,0.0,0.0,0.0,0.0,0.0
1761396921891925988,17627,1761396921891328735,,joint1,joint2,joint3,joint4,joint5,joint6,-0.00031403140746988356,-0.8873387575149536,-0.032783277332782745,-0.012875287793576717,-0.2141014039516449,0.835951566696167,0.0,0.0,0.0,0.0,0.0,0.0,0.0,0.0,0.0,0.0,0.0,0.0
1761396921911914965,17628,1761396921911333714,,joint1,joint2,joint3,joint4,joint5,joint6,-0.00031403140746988356,-0.8873387575149536,-0.032783277332782745,-0.012875287793576717,-0.2141014039516449,0.835951566696167,0.0,0.0,0.0,0.0,0.0,0.0,0.0,0.0,0.0,0.0,0.0,0.0
1761396921931909359,17629,1761396921931333715,,joint1,joint2,joint3,joint4,joint5,joint6,-0.00031403140746988356,-0.8873387575149536,-0.032783277332782745,-0.012875287793576717,-0.2141014039516449,0.835951566696167,0.0,0.0,0.0,0.0,0.0,0.0,0.0,0.0,0.0,0.0,0.0,0.0
1761396921951971296,17630,1761396921951329693,,joint1,joint2,joint3,joint4,joint5,joint6,-0.00031403140746988356,-0.8873387575149536,-0.032783277332782745,-0.012875287793576717,-0.2141014039516449,0.835951566696167,0.0,0.0,0.0,0.0,0.0,0.0,0.0,0.0,0.0,0.0,0.0,0.0
1761396921971953548,17631,1761396921971375847,,joint1,joint2,joint3,joint4,joint5,joint6,-0.00031403140746988356,-0.8873387575149536,-0.032783277332782745,-0.012875287793576717,-0.2141014039516449,0.835951566696167,0.0,0.0,0.0,0.0,0.0,0.0,0.0,0.0,0.0,0.0,0.0,0.0
1761396921991867868,17632,1761396921991340077,,joint1,joint2,joint3,joint4,joint5,joint6,-0.00031403140746988356,-0.8873387575149536,-0.032783277332782745,-0.012875287793576717,-0.2141014039516449,0.835951566696167,0.0,0.0,0.0,0.0,0.0,0.0,0.0,0.0,0.0,0.0,0.0,0.0
1761396922012259335,17633,1761396922011385686,,joint1,joint2,joint3,joint4,joint5,joint6,-0.00031403140746988356,-0.8873387575149536,-0.032783277332782745,-0.012875287793576717,-0.2141014039516449,0.835951566696167,0.0,0.0,0.0,0.0,0.0,0.0,0.0,0.0,0.0,0.0,0.0,0.0
1761396922032003207,17634,1761396922031328390,,joint1,joint2,joint3,joint4,joint5,joint6,-0.00031403140746988356,-0.8873387575149536,-0.032783277332782745,-0.012875287793576717,-0.2141014039516449,0.835951566696167,0.0,0.0,0.0,0.0,0.0,0.0,0.0,0.0,0.0,0.0,0.0,0.0
1761396922052223494,17635,1761396922051333632,,joint1,joint2,joint3,joint4,joint5,joint6,-0.00031403140746988356,-0.8873387575149536,-0.032783277332782745,-0.012875287793576717,-0.2141014039516449,0.835951566696167,0.0,0.0,0.0,0.0,0.0,0.0,0.0,0.0,0.0,0.0,0.0,0.0
1761396922072289266,17636,1761396922071322687,,joint1,joint2,joint3,joint4,joint5,joint6,-0.00031403140746988356,-0.8873387575149536,-0.032783277332782745,-0.012875287793576717,-0.2141014039516449,0.835951566696167,0.0,0.0,0.0,0.0,0.0,0.0,0.0,0.0,0.0,0.0,0.0,0.0
1761396922092353513,17637,1761396922091360108,,joint1,joint2,joint3,joint4,joint5,joint6,-0.00031403140746988356,-0.8873387575149536,-0.032783277332782745,-0.012875287793576717,-0.2141014039516449,0.835951566696167,0.0,0.0,0.0,0.0,0.0,0.0,0.0,0.0,0.0,0.0,0.0,0.0
1761396922112390927,17638,1761396922111384901,,joint1,joint2,joint3,joint4,joint5,joint6,-0.00031403140746988356,-0.8873387575149536,-0.032783277332782745,-0.012875287793576717,-0.2141014039516449,0.835951566696167,0.0,0.0,0.0,0.0,0.0,0.0,0.0,0.0,0.0,0.0,0.0,0.0
1761396922132119477,17639,1761396922131382529,,joint1,joint2,joint3,joint4,joint5,joint6,-0.00031403140746988356,-0.8873387575149536,-0.032783277332782745,-0.012875287793576717,-0.2141014039516449,0.835951566696167,0.0,0.0,0.0,0.0,0.0,0.0,0.0,0.0,0.0,0.0,0.0,0.0
1761396922152033388,17640,1761396922151384722,,joint1,joint2,joint3,joint4,joint5,joint6,-0.00031403140746988356,-0.8873387575149536,-0.032783277332782745,-0.012875287793576717,-0.2141014039516449,0.835951566696167,0.0,0.0,0.0,0.0,0.0,0.0,0.0,0.0,0.0,0.0,0.0,0.0
1761396922172101296,17641,1761396922171387969,,joint1,joint2,joint3,joint4,joint5,joint6,-0.00031403140746988356,-0.8873387575149536,-0.032783277332782745,-0.012875287793576717,-0.2141014039516449,0.835951566696167,0.0,0.0,0.0,0.0,0.0,0.0,0.0,0.0,0.0,0.0,0.0,0.0
1761396922192270768,17642,1761396922191386419,,joint1,joint2,joint3,joint4,joint5,joint6,-0.00031403140746988356,-0.8873387575149536,-0.032783277332782745,-0.012875287793576717,-0.2141014039516449,0.835951566696167,0.0,0.0,0.0,0.0,0.0,0.0,0.0,0.0,0.0,0.0,0.0,0.0
1761396922212381818,17643,1761396922211334826,,joint1,joint2,joint3,joint4,joint5,joint6,-0.00031403140746988356,-0.8873387575149536,-0.032783277332782745,-0.012875287793576717,-0.2141014039516449,0.835951566696167,0.0,0.0,0.0,0.0,0.0,0.0,0.0,0.0,0.0,0.0,0.0,0.0
1761396922232222298,17644,1761396922231383616,,joint1,joint2,joint3,joint4,joint5,joint6,-0.00031403140746988356,-0.8873387575149536,-0.032783277332782745,-0.012875287793576717,-0.2141014039516449,0.835951566696167,0.0,0.0,0.0,0.0,0.0,0.0,0.0,0.0,0.0,0.0,0.0,0.0
1761396922252026706,17645,1761396922251377954,,joint1,joint2,joint3,joint4,joint5,joint6,-0.00031403140746988356,-0.8873387575149536,-0.032783277332782745,-0.012875287793576717,-0.2141014039516449,0.835951566696167,0.0,0.0,0.0,0.0,0.0,0.0,0.0,0.0,0.0,0.0,0.0,0.0
1761396922272294046,17646,1761396922271332295,,joint1,joint2,joint3,joint4,joint5,joint6,-0.00031403140746988356,-0.8873387575149536,-0.032783277332782745,-0.012875287793576717,-0.2141014039516449,0.835951566696167,0.0,0.0,0.0,0.0,0.0,0.0,0.0,0.0,0.0,0.0,0.0,0.0
1761396922292032171,17647,1761396922291374386,,joint1,joint2,joint3,joint4,joint5,joint6,-0.00031403140746988356,-0.8873387575149536,-0.032783277332782745,-0.012875287793576717,-0.2141014039516449,0.835951566696167,0.0,0.0,0.0,0.0,0.0,0.0,0.0,0.0,0.0,0.0,0.0,0.0
1761396922312226230,17648,1761396922311381425,,joint1,joint2,joint3,joint4,joint5,joint6,-0.00031403140746988356,-0.8873387575149536,-0.032783277332782745,-0.012875287793576717,-0.2141014039516449,0.835951566696167,0.0,0.0,0.0,0.0,0.0,0.0,0.0,0.0,0.0,0.0,0.0,0.0
1761396922332328471,17649,1761396922331377825,,joint1,joint2,joint3,joint4,joint5,joint6,-0.00031403140746988356,-0.8873387575149536,-0.032783277332782745,-0.012875287793576717,-0.2141014039516449,0.835951566696167,0.0,0.0,0.0,0.0,0.0,0.0,0.0,0.0,0.0,0.0,0.0,0.0
1761396922351916389,17650,1761396922351393762,,joint1,joint2,joint3,joint4,joint5,joint6,-0.00031403140746988356,-0.8873387575149536,-0.032783277332782745,-0.012875287793576717,-0.2141014039516449,0.835951566696167,0.0,0.0,0.0,0.0,0.0,0.0,0.0,0.0,0.0,0.0,0.0,0.0
1761396922372415732,17651,1761396922371334282,,joint1,joint2,joint3,joint4,joint5,joint6,-0.00031403140746988356,-0.8873387575149536,-0.032783277332782745,-0.012875287793576717,-0.2141014039516449,0.835951566696167,0.0,0.0,0.0,0.0,0.0,0.0,0.0,0.0,0.0,0.0,0.0,0.0
1761396922392112056,17652,1761396922391377479,,joint1,joint2,joint3,joint4,joint5,joint6,-0.00031403140746988356,-0.8873387575149536,-0.032783277332782745,-0.012875287793576717,-0.2141014039516449,0.835951566696167,0.0,0.0,0.0,0.0,0.0,0.0,0.0,0.0,0.0,0.0,0.0,0.0
1761396922411882583,17653,1761396922411342245,,joint1,joint2,joint3,joint4,joint5,joint6,-0.00031403140746988356,-0.8873387575149536,-0.032783277332782745,-0.012875287793576717,-0.2141014039516449,0.835951566696167,0.0,0.0,0.0,0.0,0.0,0.0,0.0,0.0,0.0,0.0,0.0,0.0
1761396922432250905,17654,1761396922431378311,,joint1,joint2,joint3,joint4,joint5,joint6,-0.00031403140746988356,-0.8873387575149536,-0.032783277332782745,-0.012875287793576717,-0.2141014039516449,0.835951566696167,0.0,0.0,0.0,0.0,0.0,0.0,0.0,0.0,0.0,0.0,0.0,0.0
1761396922452249435,17655,1761396922451342333,,joint1,joint2,joint3,joint4,joint5,joint6,-0.00031403140746988356,-0.8873387575149536,-0.032783277332782745,-0.012875287793576717,-0.2141014039516449,0.835951566696167,0.0,0.0,0.0,0.0,0.0,0.0,0.0,0.0,0.0,0.0,0.0,0.0
1761396922472303150,17656,1761396922471386260,,joint1,joint2,joint3,joint4,joint5,joint6,-0.00031403140746988356,-0.885338544845581,-0.032783277332782745,-0.012875287793576717,-0.2141014039516449,0.835951566696167,0.0,0.0,0.0,0.0,0.0,0.0,0.0,0.0,0.0,0.0,0.0,0.0
1761396922492199571,17657,1761396922491383118,,joint1,joint2,joint3,joint4,joint5,joint6,-0.00031403140746988356,-0.885338544845581,-0.032783277332782745,-0.012875287793576717,-0.2141014039516449,0.835951566696167,0.0,0.0,0.0,0.0,0.0,0.0,0.0,0.0,0.0,0.0,0.0,0.0
1761396922512083656,17658,1761396922511390501,,joint1,joint2,joint3,joint4,joint5,joint6,-0.00031403140746988356,-0.8843384385108948,-0.032783277332782745,-0.012875287793576717,-0.2141014039516449,0.835951566696167,0.0,0.0,0.0,0.0,0.0,0.0,0.0,0.0,0.0,0.0,0.0,0.0
1761396922532221847,17659,1761396922531386636,,joint1,joint2,joint3,joint4,joint5,joint6,-0.00031403140746988356,-0.8843384385108948,-0.032783277332782745,-0.012875287793576717,-0.2141014039516449,0.835951566696167,0.0,0.0,0.0,0.0,0.0,0.0,0.0,0.0,0.0,0.0,0.0,0.0
1761396922552086220,17660,1761396922551388715,,joint1,joint2,joint3,joint4,joint5,joint6,-0.00031403140746988356,-0.8833383321762085,-0.032783277332782745,-0.012875287793576717,-0.2141014039516449,0.835951566696167,0.0,0.0,0.0,0.0,0.0,0.0,0.0,0.0,0.0,0.0,0.0,0.0
1761396922571903309,17661,1761396922571382784,,joint1,joint2,joint3,joint4,joint5,joint6,-0.00031403140746988356,-0.8833383321762085,-0.032783277332782745,-0.012875287793576717,-0.2141014039516449,0.835951566696167,0.0,0.0,0.0,0.0,0.0,0.0,0.0,0.0,0.0,0.0,0.0,0.0
1761396922591603925,17662,1761396922591349312,,joint1,joint2,joint3,joint4,joint5,joint6,-0.00031403140746988356,-0.8823382258415222,-0.032783277332782745,-0.012875287793576717,-0.2141014039516449,0.835951566696167,0.0,0.0,0.0,0.0,0.0,0.0,0.0,0.0,0.0,0.0,0.0,0.0
1761396922612072426,17663,1761396922611328279,,joint1,joint2,joint3,joint4,joint5,joint6,-0.00031403140746988356,-0.8823382258415222,-0.032783277332782745,-0.012875287793576717,-0.2141014039516449,0.835951566696167,0.0,0.0,0.0,0.0,0.0,0.0,0.0,0.0,0.0,0.0,0.0,0.0
1761396922631894327,17664,1761396922631382077,,joint1,joint2,joint3,joint4,joint5,joint6,-0.00031403140746988356,-0.8808380961418152,-0.032783277332782745,-0.012875287793576717,-0.2141014039516449,0.835951566696167,0.0,0.0,0.0,0.0,0.0,0.0,0.0,0.0,0.0,0.0,0.0,0.0
1761396922652146621,17665,1761396922651325625,,joint1,joint2,joint3,joint4,joint5,joint6,-0.00031403140746988356,-0.8783378601074219,-0.032783277332782745,-0.012875287793576717,-0.2141014039516449,0.835951566696167,0.0,0.0,0.0,0.0,0.0,0.0,0.0,0.0,0.0,0.0,0.0,0.0
1761396922672386174,17666,1761396922671384837,,joint1,joint2,joint3,joint4,joint5,joint6,-0.00031403140746988356,-0.8783378601074219,-0.032783277332782745,-0.012875287793576717,-0.2141014039516449,0.835951566696167,0.0,0.0,0.0,0.0,0.0,0.0,0.0,0.0,0.0,0.0,0.0,0.0
1761396922692184582,17667,1761396922691381843,,joint1,joint2,joint3,joint4,joint5,joint6,-0.00031403140746988356,-0.8758375644683838,-0.032783277332782745,-0.012875287793576717,-0.2141014039516449,0.835951566696167,0.0,0.0,0.0,0.0,0.0,0.0,0.0,0.0,0.0,0.0,0.0,0.0
1761396922712103239,17668,1761396922711386970,,joint1,joint2,joint3,joint4,joint5,joint6,-0.00031403140746988356,-0.8758375644683838,-0.032783277332782745,-0.012875287793576717,-0.2141014039516449,0.835951566696167,0.0,0.0,0.0,0.0,0.0,0.0,0.0,0.0,0.0,0.0,0.0,0.0
1761396922732344140,17669,1761396922731304932,,joint1,joint2,joint3,joint4,joint5,joint6,-0.00031403140746988356,-0.8748374581336975,-0.032783277332782745,-0.012875287793576717,-0.2141014039516449,0.835951566696167,0.0,0.0,0.0,0.0,0.0,0.0,0.0,0.0,0.0,0.0,0.0,0.0
1761396922751900693,17670,1761396922751397249,,joint1,joint2,joint3,joint4,joint5,joint6,-0.00031403140746988356,-0.8748374581336975,-0.032783277332782745,-0.012875287793576717,-0.2141014039516449,0.835951566696167,0.0,0.0,0.0,0.0,0.0,0.0,0.0,0.0,0.0,0.0,0.0,0.0
1761396922772529958,17671,1761396922771389126,,joint1,joint2,joint3,joint4,joint5,joint6,-0.00031403140746988356,-0.8718371987342834,-0.032783277332782745,-0.012875287793576717,-0.2141014039516449,0.835951566696167,0.0,0.0,0.0,0.0,0.0,0.0,0.0,0.0,0.0,0.0,0.0,0.0
1761396922792200060,17672,1761396922791380342,,joint1,joint2,joint3,joint4,joint5,joint6,-0.00031403140746988356,-0.8718371987342834,-0.032783277332782745,-0.012875287793576717,-0.2141014039516449,0.835951566696167,0.0,0.0,0.0,0.0,0.0,0.0,0.0,0.0,0.0,0.0,0.0,0.0
1761396922811934700,17673,1761396922811375947,,joint1,joint2,joint3,joint4,joint5,joint6,-0.00031403140746988356,-0.8683368563652039,-0.032783277332782745,-0.012875287793576717,-0.2141014039516449,0.835951566696167,0.0,0.0,0.0,0.0,0.0,0.0,0.0,0.0,0.0,0.0,0.0,0.0
1761396922831870847,17674,1761396922831394362,,joint1,joint2,joint3,joint4,joint5,joint6,-0.00031403140746988356,-0.8643364310264587,-0.032783277332782745,-0.012875287793576717,-0.2141014039516449,0.835951566696167,0.0,0.0,0.0,0.0,0.0,0.0,0.0,0.0,0.0,0.0,0.0,0.0
1761396922852161473,17675,1761396922851389332,,joint1,joint2,joint3,joint4,joint5,joint6,-0.00031403140746988356,-0.8643364310264587,-0.032783277332782745,-0.012875287793576717,-0.2141014039516449,0.835951566696167,0.0,0.0,0.0,0.0,0.0,0.0,0.0,0.0,0.0,0.0,0.0,0.0
1761396922872006631,17676,1761396922871376864,,joint1,joint2,joint3,joint4,joint5,joint6,-0.00031403140746988356,-0.8628363013267517,-0.032783277332782745,-0.012875287793576717,-0.2141014039516449,0.835951566696167,0.0,0.0,0.0,0.0,0.0,0.0,0.0,0.0,0.0,0.0,0.0,0.0
1761396922891816526,17677,1761396922891327813,,joint1,joint2,joint3,joint4,joint5,joint6,-0.00031403140746988356,-0.8628363013267517,-0.032783277332782745,-0.012875287793576717,-0.2141014039516449,0.835951566696167,0.0,0.0,0.0,0.0,0.0,0.0,0.0,0.0,0.0,0.0,0.0,0.0
1761396922912222619,17678,1761396922911386540,,joint1,joint2,joint3,joint4,joint5,joint6,-0.00031403140746988356,-0.8583358526229858,-0.032783277332782745,-0.012875287793576717,-0.2141014039516449,0.835951566696167,0.0,0.0,0.0,0.0,0.0,0.0,0.0,0.0,0.0,0.0,0.0,0.0
1761396922931915905,17679,1761396922931386411,,joint1,joint2,joint3,joint4,joint5,joint6,-0.00031403140746988356,-0.8583358526229858,-0.032783277332782745,-0.012875287793576717,-0.2141014039516449,0.835951566696167,0.0,0.0,0.0,0.0,0.0,0.0,0.0,0.0,0.0,0.0,0.0,0.0
1761396922952245896,17680,1761396922951364216,,joint1,joint2,joint3,joint4,joint5,joint6,-0.00031403140746988356,-0.85383540391922,-0.032783277332782745,-0.012875287793576717,-0.2141014039516449,0.835951566696167,0.0,0.0,0.0,0.0,0.0,0.0,0.0,0.0,0.0,0.0,0.0,0.0
1761396922972145955,17681,1761396922971390033,,joint1,joint2,joint3,joint4,joint5,joint6,-0.00031403140746988356,-0.85383540391922,-0.032783277332782745,-0.012875287793576717,-0.2141014039516449,0.835951566696167,0.0,0.0,0.0,0.0,0.0,0.0,0.0,0.0,0.0,0.0,0.0,0.0
1761396922991949916,17682,1761396922991382152,,joint1,joint2,joint3,joint4,joint5,joint6,-0.00031403140746988356,-0.8488348722457886,-0.032783277332782745,-0.012875287793576717,-0.2141014039516449,0.835951566696167,0.0,0.0,0.0,0.0,0.0,0.0,0.0,0.0,0.0,0.0,0.0,0.0
1761396923012206705,17683,1761396923011323888,,joint1,joint2,joint3,joint4,joint5,joint6,-0.00031403140746988356,-0.8433343172073364,-0.032783277332782745,-0.012875287793576717,-0.2141014039516449,0.835951566696167,0.0,0.0,0.0,0.0,0.0,0.0,0.0,0.0,0.0,0.0,0.0,0.0
1761396923032369447,17684,1761396923031385231,,joint1,joint2,joint3,joint4,joint5,joint6,-0.00031403140746988356,-0.8433343172073364,-0.032783277332782745,-0.012875287793576717,-0.2141014039516449,0.835951566696167,0.0,0.0,0.0,0.0,0.0,0.0,0.0,0.0,0.0,0.0,0.0,0.0
1761396923051848172,17685,1761396923051384956,,joint1,joint2,joint3,joint4,joint5,joint6,-0.00031403140746988356,-0.8408340811729431,-0.032783277332782745,-0.012875287793576717,-0.2141014039516449,0.835951566696167,0.0,0.0,0.0,0.0,0.0,0.0,0.0,0.0,0.0,0.0,0.0,0.0
1761396923071845108,17686,1761396923071383573,,joint1,joint2,joint3,joint4,joint5,joint6,-0.00031403140746988356,-0.8408340811729431,-0.032783277332782745,-0.012875287793576717,-0.2141014039516449,0.835951566696167,0.0,0.0,0.0,0.0,0.0,0.0,0.0,0.0,0.0,0.0,0.0,0.0
1761396923092157181,17687,1761396923091382467,,joint1,joint2,joint3,joint4,joint5,joint6,-0.00031403140746988356,-0.8348335027694702,-0.032783277332782745,-0.012875287793576717,-0.2141014039516449,0.835951566696167,0.0,0.0,0.0,0.0,0.0,0.0,0.0,0.0,0.0,0.0,0.0,0.0
1761396923111930818,17688,1761396923111342627,,joint1,joint2,joint3,joint4,joint5,joint6,-0.00031403140746988356,-0.8348335027694702,-0.032783277332782745,-0.012875287793576717,-0.2141014039516449,0.835951566696167,0.0,0.0,0.0,0.0,0.0,0.0,0.0,0.0,0.0,0.0,0.0,0.0
1761396923131950224,17689,1761396923131329150,,joint1,joint2,joint3,joint4,joint5,joint6,-0.00031403140746988356,-0.8288328647613525,-0.032783277332782745,-0.012875287793576717,-0.2141014039516449,0.835951566696167,0.0,0.0,0.0,0.0,0.0,0.0,0.0,0.0,0.0,0.0,0.0,0.0
1761396923152325796,17690,1761396923151326207,,joint1,joint2,joint3,joint4,joint5,joint6,-0.00031403140746988356,-0.8288328647613525,-0.032783277332782745,-0.012875287793576717,-0.2141014039516449,0.835951566696167,0.0,0.0,0.0,0.0,0.0,0.0,0.0,0.0,0.0,0.0,0.0,0.0
1761396923171972228,17691,1761396923171383540,,joint1,joint2,joint3,joint4,joint5,joint6,-0.00031403140746988356,-0.8223322629928589,-0.032783277332782745,-0.012875287793576717,-0.2141014039516449,0.835951566696167,0.0,0.0,0.0,0.0,0.0,0.0,0.0,0.0,0.0,0.0,0.0,0.0
1761396923191919184,17692,1761396923191386365,,joint1,joint2,joint3,joint4,joint5,joint6,-0.00031403140746988356,-0.8183318376541138,-0.032783277332782745,-0.012875287793576717,-0.2141014039516449,0.835951566696167,0.0,0.0,0.0,0.0,0.0,0.0,0.0,0.0,0.0,0.0,0.0,0.0
1761396923212265744,17693,1761396923211330224,,joint1,joint2,joint3,joint4,joint5,joint6,-0.00031403140746988356,-0.8183318376541138,-0.032783277332782745,-0.012875287793576717,-0.2141014039516449,0.835951566696167,0.0,0.0,0.0,0.0,0.0,0.0,0.0,0.0,0.0,0.0,0.0,0.0
1761396923232400297,17694,1761396923231400218,,joint1,joint2,joint3,joint4,joint5,joint6,-0.00031403140746988356,-0.8118311762809753,-0.032783277332782745,-0.012875287793576717,-0.2141014039516449,0.835951566696167,0.0,0.0,0.0,0.0,0.0,0.0,0.0,0.0,0.0,0.0,0.0,0.0
1761396923252386947,17695,1761396923251384472,,joint1,joint2,joint3,joint4,joint5,joint6,-0.00031403140746988356,-0.8118311762809753,-0.032783277332782745,-0.012875287793576717,-0.2141014039516449,0.835951566696167,0.0,0.0,0.0,0.0,0.0,0.0,0.0,0.0,0.0,0.0,0.0,0.0
1761396923272346414,17696,1761396923271386536,,joint1,joint2,joint3,joint4,joint5,joint6,-0.00031403140746988356,-0.8038303852081299,-0.032783277332782745,-0.012875287793576717,-0.2141014039516449,0.835951566696167,0.0,0.0,0.0,0.0,0.0,0.0,0.0,0.0,0.0,0.0,0.0,0.0
1761396923292171392,17697,1761396923291375947,,joint1,joint2,joint3,joint4,joint5,joint6,-0.00031403140746988356,-0.8038303852081299,-0.032783277332782745,-0.012875287793576717,-0.2141014039516449,0.835951566696167,0.0,0.0,0.0,0.0,0.0,0.0,0.0,0.0,0.0,0.0,0.0,0.0
1761396923311921052,17698,1761396923311397573,,joint1,joint2,joint3,joint4,joint5,joint6,-0.00031403140746988356,-0.7963296175003052,-0.032783277332782745,-0.012875287793576717,-0.2141014039516449,0.835951566696167,0.0,0.0,0.0,0.0,0.0,0.0,0.0,0.0,0.0,0.0,0.0,0.0
1761396923332458116,17699,1761396923331374617,,joint1,joint2,joint3,joint4,joint5,joint6,-0.00031403140746988356,-0.7963296175003052,-0.032783277332782745,-0.012875287793576717,-0.2141014039516449,0.835951566696167,0.0,0.0,0.0,0.0,0.0,0.0,0.0,0.0,0.0,0.0,0.0,0.0
1761396923352428259,17700,1761396923351418218,,joint1,joint2,joint3,joint4,joint5,joint6,-0.00031403140746988356,-0.7923292517662048,-0.032783277332782745,-0.012875287793576717,-0.2141014039516449,0.835951566696167,0.0,0.0,0.0,0.0,0.0,0.0,0.0,0.0,0.0,0.0,0.0,0.0
1761396923372007670,17701,1761396923371324538,,joint1,joint2,joint3,joint4,joint5,joint6,-0.00031403140746988356,-0.7838283777236938,-0.032783277332782745,-0.012875287793576717,-0.2141014039516449,0.835951566696167,0.0,0.0,0.0,0.0,0.0,0.0,0.0,0.0,0.0,0.0,0.0,0.0
1761396923392299336,17702,1761396923391335879,,joint1,joint2,joint3,joint4,joint5,joint6,-0.00031403140746988356,-0.7838283777236938,-0.032783277332782745,-0.012875287793576717,-0.2141014039516449,0.835951566696167,0.0,0.0,0.0,0.0,0.0,0.0,0.0,0.0,0.0,0.0,0.0,0.0
1761396923411855301,17703,1761396923411352687,,joint1,joint2,joint3,joint4,joint5,joint6,-0.00031403140746988356,-0.7753275036811829,-0.032783277332782745,-0.012875287793576717,-0.2141014039516449,0.835951566696167,0.0,0.0,0.0,0.0,0.0,0.0,0.0,0.0,0.0,0.0,0.0,0.0
1761396923432239492,17704,1761396923431388632,,joint1,joint2,joint3,joint4,joint5,joint6,-0.00031403140746988356,-0.7753275036811829,-0.032783277332782745,-0.012875287793576717,-0.2141014039516449,0.835951566696167,0.0,0.0,0.0,0.0,0.0,0.0,0.0,0.0,0.0,0.0,0.0,0.0
1761396923451909371,17705,1761396923451343144,,joint1,joint2,joint3,joint4,joint5,joint6,-0.00031403140746988356,-0.7663266062736511,-0.032783277332782745,-0.012875287793576717,-0.2141014039516449,0.835951566696167,0.0,0.0,0.0,0.0,0.0,0.0,0.0,0.0,0.0,0.0,0.0,0.0
1761396923471956971,17706,1761396923471339182,,joint1,joint2,joint3,joint4,joint5,joint6,-0.00031403140746988356,-0.7663266062736511,-0.032783277332782745,-0.012875287793576717,-0.2141014039516449,0.835951566696167,0.0,0.0,0.0,0.0,0.0,0.0,0.0,0.0,0.0,0.0,0.0,0.0
1761396923492022386,17707,1761396923491381904,,joint1,joint2,joint3,joint4,joint5,joint6,-0.00031403140746988356,-0.7573257088661194,-0.032783277332782745,-0.012875287793576717,-0.2141014039516449,0.835951566696167,0.0,0.0,0.0,0.0,0.0,0.0,0.0,0.0,0.0,0.0,0.0,0.0
1761396923512229886,17708,1761396923511344554,,joint1,joint2,joint3,joint4,joint5,joint6,-0.00031403140746988356,-0.7573257088661194,-0.032783277332782745,-0.012875287793576717,-0.2141014039516449,0.835951566696167,0.0,0.0,0.0,0.0,0.0,0.0,0.0,0.0,0.0,0.0,0.0,0.0
1761396923532148161,17709,1761396923531383169,,joint1,joint2,joint3,joint4,joint5,joint6,-0.00031403140746988356,-0.7523252367973328,-0.032783277332782745,-0.012875287793576717,-0.2141014039516449,0.835951566696167,0.0,0.0,0.0,0.0,0.0,0.0,0.0,0.0,0.0,0.0,0.0,0.0
1761396923552250657,17710,1761396923551357244,,joint1,joint2,joint3,joint4,joint5,joint6,-0.00031403140746988356,-0.7423242330551147,-0.032783277332782745,-0.012875287793576717,-0.2141014039516449,0.835951566696167,0.0,0.0,0.0,0.0,0.0,0.0,0.0,0.0,0.0,0.0,0.0,0.0
1761396923571964320,17711,1761396923571381929,,joint1,joint2,joint3,joint4,joint5,joint6,-0.00031403140746988356,-0.7423242330551147,-0.032783277332782745,-0.012875287793576717,-0.2141014039516449,0.835951566696167,0.0,0.0,0.0,0.0,0.0,0.0,0.0,0.0,0.0,0.0,0.0,0.0
1761396923591900560,17712,1761396923591389058,,joint1,joint2,joint3,joint4,joint5,joint6,-0.00031403140746988356,-0.7323232293128967,-0.032783277332782745,-0.012875287793576717,-0.2141014039516449,0.835951566696167,0.0,0.0,0.0,0.0,0.0,0.0,0.0,0.0,0.0,0.0,0.0,0.0
1761396923612402568,17713,1761396923611374385,,joint1,joint2,joint3,joint4,joint5,joint6,-0.00031403140746988356,-0.7323232293128967,-0.032783277332782745,-0.012875287793576717,-0.2141014039516449,0.835951566696167,0.0,0.0,0.0,0.0,0.0,0.0,0.0,0.0,0.0,0.0,0.0,0.0
1761396923632265487,17714,1761396923631421068,,joint1,joint2,joint3,joint4,joint5,joint6,-0.00031403140746988356,-0.7213221192359924,-0.032783277332782745,-0.012875287793576717,-0.2141014039516449,0.835951566696167,0.0,0.0,0.0,0.0,0.0,0.0,0.0,0.0,0.0,0.0,0.0,0.0
1761396923651919471,17715,1761396923651386221,,joint1,joint2,joint3,joint4,joint5,joint6,-0.00031403140746988356,-0.7213221192359924,-0.032783277332782745,-0.012875287793576717,-0.2141014039516449,0.835951566696167,0.0,0.0,0.0,0.0,0.0,0.0,0.0,0.0,0.0,0.0,0.0,0.0
1761396923672183405,17716,1761396923671385728,,joint1,joint2,joint3,joint4,joint5,joint6,-0.00031403140746988356,-0.7158215641975403,-0.032783277332782745,-0.012875287793576717,-0.2141014039516449,0.835951566696167,0.0,0.0,0.0,0.0,0.0,0.0,0.0,0.0,0.0,0.0,0.0,0.0
1761396923691865549,17717,1761396923691329057,,joint1,joint2,joint3,joint4,joint5,joint6,-0.00031403140746988356,-0.7158215641975403,-0.032783277332782745,-0.012875287793576717,-0.2141014039516449,0.835951566696167,0.0,0.0,0.0,0.0,0.0,0.0,0.0,0.0,0.0,0.0,0.0,0.0
1761396923711894671,17718,1761396923711391985,,joint1,joint2,joint3,joint4,joint5,joint6,-0.00031403140746988356,-0.704820454120636,-0.032783277332782745,-0.012875287793576717,-0.2141014039516449,0.835951566696167,0.0,0.0,0.0,0.0,0.0,0.0,0.0,0.0,0.0,0.0,0.0,0.0
1761396923732090895,17719,1761396923731361442,,joint1,joint2,joint3,joint4,joint5,joint6,-0.00031403140746988356,-0.6933193206787109,-0.032783277332782745,-0.012875287793576717,-0.2141014039516449,0.835951566696167,0.0,0.0,0.0,0.0,0.0,0.0,0.0,0.0,0.0,0.0,0.0,0.0
1761396923752098529,17720,1761396923751348033,,joint1,joint2,joint3,joint4,joint5,joint6,-0.00031403140746988356,-0.6933193206787109,-0.032783277332782745,-0.012875287793576717,-0.2141014039516449,0.835951566696167,0.0,0.0,0.0,0.0,0.0,0.0,0.0,0.0,0.0,0.0,0.0,0.0
1761396923772126606,17721,1761396923771329131,,joint1,joint2,joint3,joint4,joint5,joint6,-0.00031403140746988356,-0.6813181042671204,-0.032783277332782745,-0.012875287793576717,-0.2141014039516449,0.835951566696167,0.0,0.0,0.0,0.0,0.0,0.0,0.0,0.0,0.0,0.0,0.0,0.0
1761396923792117736,17722,1761396923791382043,,joint1,joint2,joint3,joint4,joint5,joint6,-0.00031403140746988356,-0.6813181042671204,-0.032783277332782745,-0.012875287793576717,-0.2141014039516449,0.835951566696167,0.0,0.0,0.0,0.0,0.0,0.0,0.0,0.0,0.0,0.0,0.0,0.0
1761396923812302993,17723,1761396923811385018,,joint1,joint2,joint3,joint4,joint5,joint6,-0.00031403140746988356,-0.6753175258636475,-0.032783277332782745,-0.012875287793576717,-0.2141014039516449,0.835951566696167,0.0,0.0,0.0,0.0,0.0,0.0,0.0,0.0,0.0,0.0,0.0,0.0
1761396923832011200,17724,1761396923831381767,,joint1,joint2,joint3,joint4,joint5,joint6,-0.00031403140746988356,-0.6753175258636475,-0.032783277332782745,-0.012875287793576717,-0.2141014039516449,0.835951566696167,0.0,0.0,0.0,0.0,0.0,0.0,0.0,0.0,0.0,0.0,0.0,0.0
1761396923852313253,17725,1761396923851341797,,joint1,joint2,joint3,joint4,joint5,joint6,-0.00031403140746988356,-0.6633163094520569,-0.032783277332782745,-0.012875287793576717,-0.2141014039516449,0.835951566696167,0.0,0.0,0.0,0.0,0.0,0.0,0.0,0.0,0.0,0.0,0.0,0.0
1761396923871817910,17726,1761396923871329831,,joint1,joint2,joint3,joint4,joint5,joint6,-0.00031403140746988356,-0.6633163094520569,-0.032783277332782745,-0.012875287793576717,-0.2141014039516449,0.835951566696167,0.0,0.0,0.0,0.0,0.0,0.0,0.0,0.0,0.0,0.0,0.0,0.0
1761396923891813182,17727,1761396923891329867,,joint1,joint2,joint3,joint4,joint5,joint6,-0.00031403140746988356,-0.6503150463104248,-0.032783277332782745,-0.012875287793576717,-0.2141014039516449,0.835951566696167,0.0,0.0,0.0,0.0,0.0,0.0,0.0,0.0,0.0,0.0,0.0,0.0
1761396923912083673,17728,1761396923911377080,,joint1,joint2,joint3,joint4,joint5,joint6,-0.00031403140746988356,-0.637313723564148,-0.032783277332782745,-0.012875287793576717,-0.2141014039516449,0.835951566696167,0.0,0.0,0.0,0.0,0.0,0.0,0.0,0.0,0.0,0.0,0.0,0.0
1761396923931980091,17729,1761396923931335385,,joint1,joint2,joint3,joint4,joint5,joint6,-0.00031403140746988356,-0.637313723564148,-0.032783277332782745,-0.012875287793576717,-0.2141014039516449,0.835951566696167,0.0,0.0,0.0,0.0,0.0,0.0,0.0,0.0,0.0,0.0,0.0,0.0
1761396923952254327,17730,1761396923951323238,,joint1,joint2,joint3,joint4,joint5,joint6,-0.00031403140746988356,-0.6238123774528503,-0.032783277332782745,-0.012875287793576717,-0.2141014039516449,0.835951566696167,0.0,0.0,0.0,0.0,0.0,0.0,0.0,0.0,0.0,0.0,0.0,0.0
1761396923972416208,17731,1761396923971389848,,joint1,joint2,joint3,joint4,joint5,joint6,-0.00031403140746988356,-0.6238123774528503,-0.032783277332782745,-0.012875287793576717,-0.2141014039516449,0.835951566696167,0.0,0.0,0.0,0.0,0.0,0.0,0.0,0.0,0.0,0.0,0.0,0.0
1761396923992002979,17732,1761396923991381808,,joint1,joint2,joint3,joint4,joint5,joint6,-0.00031403140746988356,-0.6173117160797119,-0.032783277332782745,-0.012875287793576717,-0.2141014039516449,0.835951566696167,0.0,0.0,0.0,0.0,0.0,0.0,0.0,0.0,0.0,0.0,0.0,0.0
1761396924011868638,17733,1761396924011383840,,joint1,joint2,joint3,joint4,joint5,joint6,-0.00031403140746988356,-0.6173117160797119,-0.032783277332782745,-0.012875287793576717,-0.2141014039516449,0.835951566696167,0.0,0.0,0.0,0.0,0.0,0.0,0.0,0.0,0.0,0.0,0.0,0.0
1761396924032174360,17734,1761396924031386452,,joint1,joint2,joint3,joint4,joint5,joint6,-0.00031403140746988356,-0.6033103466033936,-0.032783277332782745,-0.012875287793576717,-0.2141014039516449,0.835951566696167,0.0,0.0,0.0,0.0,0.0,0.0,0.0,0.0,0.0,0.0,0.0,0.0
1761396924051848748,17735,1761396924051322314,,joint1,joint2,joint3,joint4,joint5,joint6,-0.00031403140746988356,-0.6033103466033936,-0.032783277332782745,-0.012875287793576717,-0.2141014039516449,0.835951566696167,0.0,0.0,0.0,0.0,0.0,0.0,0.0,0.0,0.0,0.0,0.0,0.0
1761396924072366822,17736,1761396924071338855,,joint1,joint2,joint3,joint4,joint5,joint6,-0.00031403140746988356,-0.5888088941574097,-0.032783277332782745,-0.012875287793576717,-0.2141014039516449,0.835951566696167,0.0,0.0,0.0,0.0,0.0,0.0,0.0,0.0,0.0,0.0,0.0,0.0
1761396924091878810,17737,1761396924091395028,,joint1,joint2,joint3,joint4,joint5,joint6,-0.00031403140746988356,-0.5738073587417603,-0.032783277332782745,-0.012875287793576717,-0.2141014039516449,0.835951566696167,0.0,0.0,0.0,0.0,0.0,0.0,0.0,0.0,0.0,0.0,0.0,0.0
1761396924112150234,17738,1761396924111332984,,joint1,joint2,joint3,joint4,joint5,joint6,-0.00031403140746988356,-0.5738073587417603,-0.032783277332782745,-0.012875287793576717,-0.2141014039516449,0.835951566696167,0.0,0.0,0.0,0.0,0.0,0.0,0.0,0.0,0.0,0.0,0.0,0.0
1761396924131919604,17739,1761396924131384377,,joint1,joint2,joint3,joint4,joint5,joint6,-0.00031403140746988356,-0.5668066740036011,-0.032783277332782745,-0.012875287793576717,-0.2141014039516449,0.835951566696167,0.0,0.0,0.0,0.0,0.0,0.0,0.0,0.0,0.0,0.0,0.0,0.0
1761396924151865267,17740,1761396924151353624,,joint1,joint2,joint3,joint4,joint5,joint6,-0.00031403140746988356,-0.5668066740036011,-0.032783277332782745,-0.012875287793576717,-0.2141014039516449,0.835951566696167,0.0,0.0,0.0,0.0,0.0,0.0,0.0,0.0,0.0,0.0,0.0,0.0
1761396924172176768,17741,1761396924171362066,,joint1,joint2,joint3,joint4,joint5,joint6,-0.00031403140746988356,-0.5513051152229309,-0.032783277332782745,-0.012875287793576717,-0.2141014039516449,0.835951566696167,0.0,0.0,0.0,0.0,0.0,0.0,0.0,0.0,0.0,0.0,0.0,0.0
1761396924192103915,17742,1761396924191368499,,joint1,joint2,joint3,joint4,joint5,joint6,-0.00031403140746988356,-0.5513051152229309,-0.032783277332782745,-0.012875287793576717,-0.2141014039516449,0.835951566696167,0.0,0.0,0.0,0.0,0.0,0.0,0.0,0.0,0.0,0.0,0.0,0.0
1761396924212372217,17743,1761396924211332413,,joint1,joint2,joint3,joint4,joint5,joint6,-0.00031403140746988356,-0.5358035564422607,-0.032783277332782745,-0.012875287793576717,-0.2141014039516449,0.835951566696167,0.0,0.0,0.0,0.0,0.0,0.0,0.0,0.0,0.0,0.0,0.0,0.0
1761396924231932910,17744,1761396924231375210,,joint1,joint2,joint3,joint4,joint5,joint6,-0.00031403140746988356,-0.5358035564422607,-0.032783277332782745,-0.012875287793576717,-0.2141014039516449,0.835951566696167,0.0,0.0,0.0,0.0,0.0,0.0,0.0,0.0,0.0,0.0,0.0,0.0
1761396924252178824,17745,1761396924251390804,,joint1,joint2,joint3,joint4,joint5,joint6,-0.00031403140746988356,-0.5198019742965698,-0.032783277332782745,-0.012875287793576717,-0.2141014039516449,0.835951566696167,0.0,0.0,0.0,0.0,0.0,0.0,0.0,0.0,0.0,0.0,0.0,0.0
1761396924271910739,17746,1761396924271395465,,joint1,joint2,joint3,joint4,joint5,joint6,-0.00031403140746988356,-0.5118011832237244,-0.032783277332782745,-0.012875287793576717,-0.2141014039516449,0.835951566696167,0.0,0.0,0.0,0.0,0.0,0.0,0.0,0.0,0.0,0.0,0.0,0.0
1761396924292047425,17747,1761396924291355959,,joint1,joint2,joint3,joint4,joint5,joint6,-0.00031403140746988356,-0.5118011832237244,-0.032783277332782745,-0.012875287793576717,-0.2141014039516449,0.835951566696167,0.0,0.0,0.0,0.0,0.0,0.0,0.0,0.0,0.0,0.0,0.0,0.0
1761396924311862137,17748,1761396924311382711,,joint1,joint2,joint3,joint4,joint5,joint6,-0.00031403140746988356,-0.4952995181083679,-0.032783277332782745,-0.012875287793576717,-0.2141014039516449,0.835951566696167,0.0,0.0,0.0,0.0,0.0,0.0,0.0,0.0,0.0,0.0,0.0,0.0
1761396924332286894,17749,1761396924331321830,,joint1,joint2,joint3,joint4,joint5,joint6,-0.00031403140746988356,-0.4952995181083679,-0.032783277332782745,-0.012875287793576717,-0.2141014039516449,0.835951566696167,0.0,0.0,0.0,0.0,0.0,0.0,0.0,0.0,0.0,0.0,0.0,0.0
1761396924352003195,17750,1761396924351383585,,joint1,joint2,joint3,joint4,joint5,joint6,-0.00031403140746988356,-0.4782978296279907,-0.032783277332782745,-0.012875287793576717,-0.2141014039516449,0.835951566696167,0.0,0.0,0.0,0.0,0.0,0.0,0.0,0.0,0.0,0.0,0.0,0.0
1761396924372102618,17751,1761396924371352709,,joint1,joint2,joint3,joint4,joint5,joint6,-0.00031403140746988356,-0.4782978296279907,-0.032783277332782745,-0.012875287793576717,-0.2141014039516449,0.835951566696167,0.0,0.0,0.0,0.0,0.0,0.0,0.0,0.0,0.0,0.0,0.0,0.0
1761396924392301161,17752,1761396924391382982,,joint1,joint2,joint3,joint4,joint5,joint6,-0.00031403140746988356,-0.4612961411476135,-0.032783277332782745,-0.012875287793576717,-0.2141014039516449,0.835951566696167,0.0,0.0,0.0,0.0,0.0,0.0,0.0,0.0,0.0,0.0,0.0,0.0
1761396924412011711,17753,1761396924411323470,,joint1,joint2,joint3,joint4,joint5,joint6,-0.00031403140746988356,-0.4612961411476135,-0.032783277332782745,-0.012875287793576717,-0.2141014039516449,0.835951566696167,0.0,0.0,0.0,0.0,0.0,0.0,0.0,0.0,0.0,0.0,0.0,0.0
1761396924432240058,17754,1761396924431321850,,joint1,joint2,joint3,joint4,joint5,joint6,-0.00031403140746988356,-0.4437943696975708,-0.032783277332782745,-0.012875287793576717,-0.2141014039516449,0.835951566696167,0.0,0.0,0.0,0.0,0.0,0.0,0.0,0.0,0.0,0.0,0.0,0.0
1761396924452111027,17755,1761396924451385459,,joint1,joint2,joint3,joint4,joint5,joint6,-0.00031403140746988356,-0.4352935254573822,-0.032783277332782745,-0.012875287793576717,-0.2141014039516449,0.835951566696167,0.0,0.0,0.0,0.0,0.0,0.0,0.0,0.0,0.0,0.0,0.0,0.0
1761396924472133716,17756,1761396924471329616,,joint1,joint2,joint3,joint4,joint5,joint6,-0.00031403140746988356,-0.4352935254573822,-0.032783277332782745,-0.012875287793576717,-0.2141014039516449,0.835951566696167,0.0,0.0,0.0,0.0,0.0,0.0,0.0,0.0,0.0,0.0,0.0,0.0
1761396924492281139,17757,1761396924491330486,,joint1,joint2,joint3,joint4,joint5,joint6,-0.00031403140746988356,-0.4167916774749756,-0.032783277332782745,-0.012875287793576717,-0.2141014039516449,0.835951566696167,0.0,0.0,0.0,0.0,0.0,0.0,0.0,0.0,0.0,0.0,0.0,0.0
1761396924512051378,17758,1761396924511387573,,joint1,joint2,joint3,joint4,joint5,joint6,-0.00031403140746988356,-0.4167916774749756,-0.032783277332782745,-0.012875287793576717,-0.2141014039516449,0.835951566696167,0.0,0.0,0.0,0.0,0.0,0.0,0.0,0.0,0.0,0.0,0.0,0.0
1761396924532237196,17759,1761396924531326268,,joint1,joint2,joint3,joint4,joint5,joint6,-0.00031403140746988356,-0.39828982949256897,-0.032783277332782745,-0.012875287793576717,-0.2141014039516449,0.835951566696167,0.0,0.0,0.0,0.0,0.0,0.0,0.0,0.0,0.0,0.0,0.0,0.0
1761396924552460609,17760,1761396924551390680,,joint1,joint2,joint3,joint4,joint5,joint6,-0.00031403140746988356,-0.39828982949256897,-0.032783277332782745,-0.012875287793576717,-0.2141014039516449,0.835951566696167,0.0,0.0,0.0,0.0,0.0,0.0,0.0,0.0,0.0,0.0,0.0,0.0
1761396924571933055,17761,1761396924571387187,,joint1,joint2,joint3,joint4,joint5,joint6,-0.00031403140746988356,-0.37978798151016235,-0.032783277332782745,-0.012875287793576717,-0.2141014039516449,0.835951566696167,0.0,0.0,0.0,0.0,0.0,0.0,0.0,0.0,0.0,0.0,0.0,0.0
1761396924592122374,17762,1761396924591348239,,joint1,joint2,joint3,joint4,joint5,joint6,-0.00031403140746988356,-0.37978798151016235,-0.032783277332782745,-0.012875287793576717,-0.2141014039516449,0.835951566696167,0.0,0.0,0.0,0.0,0.0,0.0,0.0,0.0,0.0,0.0,0.0,0.0
1761396924611884097,17763,1761396924611376968,,joint1,joint2,joint3,joint4,joint5,joint6,-0.00031403140746988356,-0.3702870309352875,-0.032783277332782745,-0.012875287793576717,-0.2141014039516449,0.835951566696167,0.0,0.0,0.0,0.0,0.0,0.0,0.0,0.0,0.0,0.0,0.0,0.0
1761396924631840225,17764,1761396924631381677,,joint1,joint2,joint3,joint4,joint5,joint6,-0.00031403140746988356,-0.3512851297855377,-0.032783277332782745,-0.012875287793576717,-0.2141014039516449,0.835951566696167,0.0,0.0,0.0,0.0,0.0,0.0,0.0,0.0,0.0,0.0,0.0,0.0
1761396924651925375,17765,1761396924651383091,,joint1,joint2,joint3,joint4,joint5,joint6,-0.00031403140746988356,-0.3512851297855377,-0.032783277332782745,-0.012875287793576717,-0.2141014039516449,0.835951566696167,0.0,0.0,0.0,0.0,0.0,0.0,0.0,0.0,0.0,0.0,0.0,0.0
1761396924671982147,17766,1761396924671377728,,joint1,joint2,joint3,joint4,joint5,joint6,-0.00031403140746988356,-0.3317831754684448,-0.032783277332782745,-0.012875287793576717,-0.2141014039516449,0.835951566696167,0.0,0.0,0.0,0.0,0.0,0.0,0.0,0.0,0.0,0.0,0.0,0.0
1761396924692357673,17767,1761396924691344549,,joint1,joint2,joint3,joint4,joint5,joint6,-0.00031403140746988356,-0.3317831754684448,-0.032783277332782745,-0.012875287793576717,-0.2141014039516449,0.835951566696167,0.0,0.0,0.0,0.0,0.0,0.0,0.0,0.0,0.0,0.0,0.0,0.0
1761396924712435651,17768,1761396924711388975,,joint1,joint2,joint3,joint4,joint5,joint6,-0.00031403140746988356,-0.3117811679840088,-0.032783277332782745,-0.012875287793576717,-0.2141014039516449,0.835951566696167,0.0,0.0,0.0,0.0,0.0,0.0,0.0,0.0,0.0,0.0,0.0,0.0
1761396924731855610,17769,1761396924731383384,,joint1,joint2,joint3,joint4,joint5,joint6,-0.00031403140746988356,-0.3117811679840088,-0.032783277332782745,-0.012875287793576717,-0.2141014039516449,0.835951566696167,0.0,0.0,0.0,0.0,0.0,0.0,0.0,0.0,0.0,0.0,0.0,0.0
1761396924752048483,17770,1761396924751387597,,joint1,joint2,joint3,joint4,joint5,joint6,-0.00031403140746988356,-0.30128014087677,-0.032783277332782745,-0.012875287793576717,-0.2141014039516449,0.835951566696167,0.0,0.0,0.0,0.0,0.0,0.0,0.0,0.0,0.0,0.0,0.0,0.0
1761396924772143721,17771,1761396924771324463,,joint1,joint2,joint3,joint4,joint5,joint6,-0.00031403140746988356,-0.30128014087677,-0.032783277332782745,-0.012875287793576717,-0.2141014039516449,0.835951566696167,0.0,0.0,0.0,0.0,0.0,0.0,0.0,0.0,0.0,0.0,0.0,0.0
1761396924792345261,17772,1761396924791391672,,joint1,joint2,joint3,joint4,joint5,joint6,-0.00031403140746988356,-0.28077808022499084,-0.032783277332782745,-0.012875287793576717,-0.2141014039516449,0.835951566696167,0.0,0.0,0.0,0.0,0.0,0.0,0.0,0.0,0.0,0.0,0.0,0.0
1761396924812063412,17773,1761396924811384270,,joint1,joint2,joint3,joint4,joint5,joint6,-0.00031403140746988356,-0.26027601957321167,-0.032783277332782745,-0.012875287793576717,-0.2141014039516449,0.835951566696167,0.0,0.0,0.0,0.0,0.0,0.0,0.0,0.0,0.0,0.0,0.0,0.0
1761396924831877174,17774,1761396924831334605,,joint1,joint2,joint3,joint4,joint5,joint6,-0.00031403140746988356,-0.26027601957321167,-0.032783277332782745,-0.012875287793576717,-0.2141014039516449,0.835951566696167,0.0,0.0,0.0,0.0,0.0,0.0,0.0,0.0,0.0,0.0,0.0,0.0
1761396924852272570,17775,1761396924851378289,,joint1,joint2,joint3,joint4,joint5,joint6,-0.00031403140746988356,-0.2497749775648117,-0.032783277332782745,-0.012875287793576717,-0.2141014039516449,0.835951566696167,0.0,0.0,0.0,0.0,0.0,0.0,0.0,0.0,0.0,0.0,0.0,0.0
1761396924871889200,17776,1761396924871339447,,joint1,joint2,joint3,joint4,joint5,joint6,-0.00031403140746988356,-0.2497749775648117,-0.032783277332782745,-0.012875287793576717,-0.2141014039516449,0.835951566696167,0.0,0.0,0.0,0.0,0.0,0.0,0.0,0.0,0.0,0.0,0.0,0.0
1761396924891972288,17777,1761396924891376803,,joint1,joint2,joint3,joint4,joint5,joint6,-0.00031403140746988356,-0.2497749775648117,-0.032783277332782745,-0.012875287793576717,-0.2141014039516449,0.835951566696167,0.0,0.0,0.0,0.0,0.0,0.0,0.0,0.0,0.0,0.0,0.0,0.0
1761396924912177095,17778,1761396924911360842,,joint1,joint2,joint3,joint4,joint5,joint6,-0.00031403140746988356,-0.2497749775648117,-0.032783277332782745,-0.012875287793576717,-0.2141014039516449,0.835951566696167,0.0,0.0,0.0,0.0,0.0,0.0,0.0,0.0,0.0,0.0,0.0,0.0
1761396924932348571,17779,1761396924931388576,,joint1,joint2,joint3,joint4,joint5,joint6,-0.00031403140746988356,-0.2497749775648117,-0.032783277332782745,-0.012875287793576717,-0.2141014039516449,0.835951566696167,0.0,0.0,0.0,0.0,0.0,0.0,0.0,0.0,0.0,0.0,0.0,0.0
1761396924952063280,17780,1761396924951337209,,joint1,joint2,joint3,joint4,joint5,joint6,-0.00031403140746988356,-0.2497749775648117,-0.032783277332782745,-0.012875287793576717,-0.2141014039516449,0.835951566696167,0.0,0.0,0.0,0.0,0.0,0.0,0.0,0.0,0.0,0.0,0.0,0.0
1761396924972083553,17781,1761396924971327846,,joint1,joint2,joint3,joint4,joint5,joint6,-0.00031403140746988356,-0.2497749775648117,-0.032783277332782745,-0.012875287793576717,-0.2141014039516449,0.835951566696167,0.0,0.0,0.0,0.0,0.0,0.0,0.0,0.0,0.0,0.0,0.0,0.0
1761396924991919045,17782,1761396924991346066,,joint1,joint2,joint3,joint4,joint5,joint6,-0.00031403140746988356,-0.2497749775648117,-0.032783277332782745,-0.012875287793576717,-0.2141014039516449,0.835951566696167,0.0,0.0,0.0,0.0,0.0,0.0,0.0,0.0,0.0,0.0,0.0,0.0
1761396925011918170,17783,1761396925011420273,,joint1,joint2,joint3,joint4,joint5,joint6,-0.00031403140746988356,-0.2497749775648117,-0.032783277332782745,-0.012875287793576717,-0.2141014039516449,0.835951566696167,0.0,0.0,0.0,0.0,0.0,0.0,0.0,0.0,0.0,0.0,0.0,0.0
1761396925032030054,17784,1761396925031394967,,joint1,joint2,joint3,joint4,joint5,joint6,-0.00031403140746988356,-0.2497749775648117,-0.032783277332782745,-0.012875287793576717,-0.2141014039516449,0.835951566696167,0.0,0.0,0.0,0.0,0.0,0.0,0.0,0.0,0.0,0.0,0.0,0.0
1761396925052118179,17785,1761396925051388357,,joint1,joint2,joint3,joint4,joint5,joint6,-0.00031403140746988356,-0.2497749775648117,-0.032783277332782745,-0.012875287793576717,-0.2141014039516449,0.835951566696167,0.0,0.0,0.0,0.0,0.0,0.0,0.0,0.0,0.0,0.0,0.0,0.0
1761396925072474688,17786,1761396925071391623,,joint1,joint2,joint3,joint4,joint5,joint6,-0.00031403140746988356,-0.2497749775648117,-0.032783277332782745,-0.012875287793576717,-0.2141014039516449,0.835951566696167,0.0,0.0,0.0,0.0,0.0,0.0,0.0,0.0,0.0,0.0,0.0,0.0
1761396925092292651,17787,1761396925091374577,,joint1,joint2,joint3,joint4,joint5,joint6,-0.00031403140746988356,-0.2497749775648117,-0.032783277332782745,-0.012875287793576717,-0.2141014039516449,0.835951566696167,0.0,0.0,0.0,0.0,0.0,0.0,0.0,0.0,0.0,0.0,0.0,0.0
1761396925111976574,17788,1761396925111381370,,joint1,joint2,joint3,joint4,joint5,joint6,-0.00031403140746988356,-0.2497749775648117,-0.032783277332782745,-0.012875287793576717,-0.2141014039516449,0.835951566696167,0.0,0.0,0.0,0.0,0.0,0.0,0.0,0.0,0.0,0.0,0.0,0.0
1761396925131810015,17789,1761396925131334140,,joint1,joint2,joint3,joint4,joint5,joint6,-0.00031403140746988356,-0.2497749775648117,-0.032783277332782745,-0.012875287793576717,-0.2141014039516449,0.835951566696167,0.0,0.0,0.0,0.0,0.0,0.0,0.0,0.0,0.0,0.0,0.0,0.0
1761396925151996887,17790,1761396925151353688,,joint1,joint2,joint3,joint4,joint5,joint6,-0.00031403140746988356,-0.2497749775648117,-0.032783277332782745,-0.012875287793576717,-0.2141014039516449,0.835951566696167,0.0,0.0,0.0,0.0,0.0,0.0,0.0,0.0,0.0,0.0,0.0,0.0
1761396925172291593,17791,1761396925171384361,,joint1,joint2,joint3,joint4,joint5,joint6,-0.00031403140746988356,-0.2497749775648117,-0.032783277332782745,-0.012875287793576717,-0.2141014039516449,0.835951566696167,0.0,0.0,0.0,0.0,0.0,0.0,0.0,0.0,0.0,0.0,0.0,0.0
1761396925191904865,17792,1761396925191380240,,joint1,joint2,joint3,joint4,joint5,joint6,-0.00031403140746988356,-0.2497749775648117,-0.032783277332782745,-0.012875287793576717,-0.2141014039516449,0.835951566696167,0.0,0.0,0.0,0.0,0.0,0.0,0.0,0.0,0.0,0.0,0.0,0.0
1761396925212451026,17793,1761396925211384380,,joint1,joint2,joint3,joint4,joint5,joint6,-0.00031403140746988356,-0.2497749775648117,-0.032783277332782745,-0.012875287793576717,-0.2141014039516449,0.835951566696167,0.0,0.0,0.0,0.0,0.0,0.0,0.0,0.0,0.0,0.0,0.0,0.0
1761396925231893100,17794,1761396925231381420,,joint1,joint2,joint3,joint4,joint5,joint6,-0.00031403140746988356,-0.2497749775648117,-0.032783277332782745,-0.012875287793576717,-0.2141014039516449,0.835951566696167,0.0,0.0,0.0,0.0,0.0,0.0,0.0,0.0,0.0,0.0,0.0,0.0
1761396925251953536,17795,1761396925251382447,,joint1,joint2,joint3,joint4,joint5,joint6,-0.00031403140746988356,-0.2497749775648117,-0.032783277332782745,-0.012875287793576717,-0.2141014039516449,0.835951566696167,0.0,0.0,0.0,0.0,0.0,0.0,0.0,0.0,0.0,0.0,0.0,0.0
1761396925271931418,17796,1761396925271381971,,joint1,joint2,joint3,joint4,joint5,joint6,-0.00031403140746988356,-0.2497749775648117,-0.032783277332782745,-0.012875287793576717,-0.2141014039516449,0.835951566696167,0.0,0.0,0.0,0.0,0.0,0.0,0.0,0.0,0.0,0.0,0.0,0.0
1761396925292041044,17797,1761396925291383854,,joint1,joint2,joint3,joint4,joint5,joint6,-0.00031403140746988356,-0.2497749775648117,-0.032783277332782745,-0.012875287793576717,-0.2141014039516449,0.835951566696167,0.0,0.0,0.0,0.0,0.0,0.0,0.0,0.0,0.0,0.0,0.0,0.0
1761396925311871390,17798,1761396925311375688,,joint1,joint2,joint3,joint4,joint5,joint6,-0.00031403140746988356,-0.2497749775648117,-0.032783277332782745,-0.012875287793576717,-0.2141014039516449,0.835951566696167,0.0,0.0,0.0,0.0,0.0,0.0,0.0,0.0,0.0,0.0,0.0,0.0
1761396925331955952,17799,1761396925331382749,,joint1,joint2,joint3,joint4,joint5,joint6,-0.00031403140746988356,-0.2497749775648117,-0.032783277332782745,-0.012875287793576717,-0.2141014039516449,0.835951566696167,0.0,0.0,0.0,0.0,0.0,0.0,0.0,0.0,0.0,0.0,0.0,0.0
1761396925352348360,17800,1761396925351374159,,joint1,joint2,joint3,joint4,joint5,joint6,-0.00031403140746988356,-0.2497749775648117,-0.032783277332782745,-0.012875287793576717,-0.2141014039516449,0.835951566696167,0.0,0.0,0.0,0.0,0.0,0.0,0.0,0.0,0.0,0.0,0.0,0.0
1761396925371876191,17801,1761396925371387808,,joint1,joint2,joint3,joint4,joint5,joint6,-0.00031403140746988356,-0.2497749775648117,-0.032783277332782745,-0.012875287793576717,-0.2141014039516449,0.835951566696167,0.0,0.0,0.0,0.0,0.0,0.0,0.0,0.0,0.0,0.0,0.0,0.0
1761396925391971631,17802,1761396925391385859,,joint1,joint2,joint3,joint4,joint5,joint6,-0.00031403140746988356,-0.2497749775648117,-0.032783277332782745,-0.012875287793576717,-0.2141014039516449,0.835951566696167,0.0,0.0,0.0,0.0,0.0,0.0,0.0,0.0,0.0,0.0,0.0,0.0
1761396925411847692,17803,1761396925411330496,,joint1,joint2,joint3,joint4,joint5,joint6,-0.00031403140746988356,-0.2497749775648117,-0.032783277332782745,-0.012875287793576717,-0.2141014039516449,0.835951566696167,0.0,0.0,0.0,0.0,0.0,0.0,0.0,0.0,0.0,0.0,0.0,0.0
1761396925432374157,17804,1761396925431385827,,joint1,joint2,joint3,joint4,joint5,joint6,-0.00031403140746988356,-0.2497749775648117,-0.032783277332782745,-0.012875287793576717,-0.2141014039516449,0.835951566696167,0.0,0.0,0.0,0.0,0.0,0.0,0.0,0.0,0.0,0.0,0.0,0.0
1761396925452206905,17805,1761396925451387304,,joint1,joint2,joint3,joint4,joint5,joint6,-0.00031403140746988356,-0.2497749775648117,-0.032783277332782745,-0.012875287793576717,-0.2141014039516449,0.835951566696167,0.0,0.0,0.0,0.0,0.0,0.0,0.0,0.0,0.0,0.0,0.0,0.0
1761396925472302608,17806,1761396925471376607,,joint1,joint2,joint3,joint4,joint5,joint6,-0.00031403140746988356,-0.2497749775648117,-0.032783277332782745,-0.012875287793576717,-0.2141014039516449,0.835951566696167,0.0,0.0,0.0,0.0,0.0,0.0,0.0,0.0,0.0,0.0,0.0,0.0
1761396925492196587,17807,1761396925491329242,,joint1,joint2,joint3,joint4,joint5,joint6,-0.00031403140746988356,-0.2497749775648117,-0.032783277332782745,-0.012875287793576717,-0.2141014039516449,0.835951566696167,0.0,0.0,0.0,0.0,0.0,0.0,0.0,0.0,0.0,0.0,0.0,0.0
1761396925512431594,17808,1761396925511371363,,joint1,joint2,joint3,joint4,joint5,joint6,-0.00031403140746988356,-0.2497749775648117,-0.032783277332782745,-0.012875287793576717,-0.2141014039516449,0.835951566696167,0.0,0.0,0.0,0.0,0.0,0.0,0.0,0.0,0.0,0.0,0.0,0.0
1761396925531951992,17809,1761396925531383295,,joint1,joint2,joint3,joint4,joint5,joint6,-0.00031403140746988356,-0.2497749775648117,-0.032783277332782745,-0.012875287793576717,-0.2141014039516449,0.835951566696167,0.0,0.0,0.0,0.0,0.0,0.0,0.0,0.0,0.0,0.0,0.0,0.0
1761396925552255946,17810,1761396925551333060,,joint1,joint2,joint3,joint4,joint5,joint6,-0.00031403140746988356,-0.2497749775648117,-0.032783277332782745,-0.012875287793576717,-0.2141014039516449,0.835951566696167,0.0,0.0,0.0,0.0,0.0,0.0,0.0,0.0,0.0,0.0,0.0,0.0
1761396925572245301,17811,1761396925571329878,,joint1,joint2,joint3,joint4,joint5,joint6,-0.00031403140746988356,-0.2497749775648117,-0.032783277332782745,-0.012875287793576717,-0.2141014039516449,0.835951566696167,0.0,0.0,0.0,0.0,0.0,0.0,0.0,0.0,0.0,0.0,0.0,0.0
1761396925592161273,17812,1761396925591384934,,joint1,joint2,joint3,joint4,joint5,joint6,-0.00031403140746988356,-0.2497749775648117,-0.032783277332782745,-0.012875287793576717,-0.2141014039516449,0.835951566696167,0.0,0.0,0.0,0.0,0.0,0.0,0.0,0.0,0.0,0.0,0.0,0.0
1761396925612209389,17813,1761396925611330370,,joint1,joint2,joint3,joint4,joint5,joint6,-0.00031403140746988356,-0.2497749775648117,-0.032783277332782745,-0.012875287793576717,-0.2141014039516449,0.835951566696167,0.0,0.0,0.0,0.0,0.0,0.0,0.0,0.0,0.0,0.0,0.0,0.0
1761396925631985505,17814,1761396925631335573,,joint1,joint2,joint3,joint4,joint5,joint6,-0.00031403140746988356,-0.2497749775648117,-0.032783277332782745,-0.012875287793576717,-0.2141014039516449,0.835951566696167,0.0,0.0,0.0,0.0,0.0,0.0,0.0,0.0,0.0,0.0,0.0,0.0
1761396925652457069,17815,1761396925651399778,,joint1,joint2,joint3,joint4,joint5,joint6,-0.00031403140746988356,-0.2497749775648117,-0.032783277332782745,-0.012875287793576717,-0.2141014039516449,0.835951566696167,0.0,0.0,0.0,0.0,0.0,0.0,0.0,0.0,0.0,0.0,0.0,0.0
1761396925672203239,17816,1761396925671339072,,joint1,joint2,joint3,joint4,joint5,joint6,-0.00031403140746988356,-0.2497749775648117,-0.032783277332782745,-0.012875287793576717,-0.2141014039516449,0.835951566696167,0.0,0.0,0.0,0.0,0.0,0.0,0.0,0.0,0.0,0.0,0.0,0.0
1761396925692440029,17817,1761396925691358557,,joint1,joint2,joint3,joint4,joint5,joint6,-0.00031403140746988356,-0.2497749775648117,-0.032783277332782745,-0.012875287793576717,-0.2141014039516449,0.835951566696167,0.0,0.0,0.0,0.0,0.0,0.0,0.0,0.0,0.0,0.0,0.0,0.0
1761396925712435679,17818,1761396925711385138,,joint1,joint2,joint3,joint4,joint5,joint6,-0.00031403140746988356,-0.2497749775648117,-0.032783277332782745,-0.012875287793576717,-0.2141014039516449,0.835951566696167,0.0,0.0,0.0,0.0,0.0,0.0,0.0,0.0,0.0,0.0,0.0,0.0
1761396925732147337,17819,1761396925731357199,,joint1,joint2,joint3,joint4,joint5,joint6,-0.00031403140746988356,-0.2497749775648117,-0.032783277332782745,-0.012875287793576717,-0.2141014039516449,0.835951566696167,0.0,0.0,0.0,0.0,0.0,0.0,0.0,0.0,0.0,0.0,0.0,0.0
1761396925752041508,17820,1761396925751387554,,joint1,joint2,joint3,joint4,joint5,joint6,-0.00031403140746988356,-0.2497749775648117,-0.032783277332782745,-0.012875287793576717,-0.2141014039516449,0.835951566696167,0.0,0.0,0.0,0.0,0.0,0.0,0.0,0.0,0.0,0.0,0.0,0.0
1761396925771875384,17821,1761396925771381538,,joint1,joint2,joint3,joint4,joint5,joint6,-0.00031403140746988356,-0.2497749775648117,-0.032783277332782745,-0.012875287793576717,-0.2141014039516449,0.835951566696167,0.0,0.0,0.0,0.0,0.0,0.0,0.0,0.0,0.0,0.0,0.0,0.0
1761396925792269376,17822,1761396925791356013,,joint1,joint2,joint3,joint4,joint5,joint6,-0.00031403140746988356,-0.2497749775648117,-0.032783277332782745,-0.012875287793576717,-0.2141014039516449,0.835951566696167,0.0,0.0,0.0,0.0,0.0,0.0,0.0,0.0,0.0,0.0,0.0,0.0
1761396925811906352,17823,1761396925811340161,,joint1,joint2,joint3,joint4,joint5,joint6,-0.00031403140746988356,-0.2497749775648117,-0.032783277332782745,-0.012875287793576717,-0.2141014039516449,0.835951566696167,0.0,0.0,0.0,0.0,0.0,0.0,0.0,0.0,0.0,0.0,0.0,0.0
1761396925832121620,17824,1761396925831355711,,joint1,joint2,joint3,joint4,joint5,joint6,-0.00031403140746988356,-0.2497749775648117,-0.032783277332782745,-0.012875287793576717,-0.2141014039516449,0.835951566696167,0.0,0.0,0.0,0.0,0.0,0.0,0.0,0.0,0.0,0.0,0.0,0.0
1761396925852197972,17825,1761396925851389931,,joint1,joint2,joint3,joint4,joint5,joint6,-0.00031403140746988356,-0.2497749775648117,-0.032783277332782745,-0.012875287793576717,-0.2141014039516449,0.835951566696167,0.0,0.0,0.0,0.0,0.0,0.0,0.0,0.0,0.0,0.0,0.0,0.0
1761396925872001894,17826,1761396925871385563,,joint1,joint2,joint3,joint4,joint5,joint6,-0.00031403140746988356,-0.2497749775648117,-0.032783277332782745,-0.012875287793576717,-0.2141014039516449,0.835951566696167,0.0,0.0,0.0,0.0,0.0,0.0,0.0,0.0,0.0,0.0,0.0,0.0
1761396925892394755,17827,1761396925891322678,,joint1,joint2,joint3,joint4,joint5,joint6,-0.00031403140746988356,-0.2497749775648117,-0.032783277332782745,-0.012875287793576717,-0.2141014039516449,0.835951566696167,0.0,0.0,0.0,0.0,0.0,0.0,0.0,0.0,0.0,0.0,0.0,0.0
1761396925912304260,17828,1761396925911327716,,joint1,joint2,joint3,joint4,joint5,joint6,-0.00031403140746988356,-0.2497749775648117,-0.032783277332782745,-0.012875287793576717,-0.2141014039516449,0.835951566696167,0.0,0.0,0.0,0.0,0.0,0.0,0.0,0.0,0.0,0.0,0.0,0.0
1761396925931901022,17829,1761396925931363463,,joint1,joint2,joint3,joint4,joint5,joint6,-0.00031403140746988356,-0.2497749775648117,-0.032783277332782745,-0.012875287793576717,-0.2141014039516449,0.835951566696167,0.0,0.0,0.0,0.0,0.0,0.0,0.0,0.0,0.0,0.0,0.0,0.0
1761396925952106594,17830,1761396925951382197,,joint1,joint2,joint3,joint4,joint5,joint6,-0.00031403140746988356,-0.2497749775648117,-0.032783277332782745,-0.012875287793576717,-0.2141014039516449,0.835951566696167,0.0,0.0,0.0,0.0,0.0,0.0,0.0,0.0,0.0,0.0,0.0,0.0
1761396925972155625,17831,1761396925971382580,,joint1,joint2,joint3,joint4,joint5,joint6,-0.00031403140746988356,-0.2497749775648117,-0.032783277332782745,-0.012875287793576717,-0.2141014039516449,0.835951566696167,0.0,0.0,0.0,0.0,0.0,0.0,0.0,0.0,0.0,0.0,0.0,0.0
1761396925992104710,17832,1761396925991330581,,joint1,joint2,joint3,joint4,joint5,joint6,-0.00031403140746988356,-0.2497749775648117,-0.032783277332782745,-0.012875287793576717,-0.2141014039516449,0.835951566696167,0.0,0.0,0.0,0.0,0.0,0.0,0.0,0.0,0.0,0.0,0.0,0.0
1761396926012241776,17833,1761396926011382746,,joint1,joint2,joint3,joint4,joint5,joint6,-0.00031403140746988356,-0.2497749775648117,-0.032783277332782745,-0.012875287793576717,-0.2141014039516449,0.835951566696167,0.0,0.0,0.0,0.0,0.0,0.0,0.0,0.0,0.0,0.0,0.0,0.0
1761396926031922046,17834,1761396926031384362,,joint1,joint2,joint3,joint4,joint5,joint6,-0.00031403140746988356,-0.2497749775648117,-0.032783277332782745,-0.012875287793576717,-0.2141014039516449,0.835951566696167,0.0,0.0,0.0,0.0,0.0,0.0,0.0,0.0,0.0,0.0,0.0,0.0
1761396926052116709,17835,1761396926051383033,,joint1,joint2,joint3,joint4,joint5,joint6,-0.00031403140746988356,-0.2497749775648117,-0.032783277332782745,-0.012875287793576717,-0.2141014039516449,0.835951566696167,0.0,0.0,0.0,0.0,0.0,0.0,0.0,0.0,0.0,0.0,0.0,0.0
1761396926072237200,17836,1761396926071370694,,joint1,joint2,joint3,joint4,joint5,joint6,-0.00031403140746988356,-0.2497749775648117,-0.032783277332782745,-0.012875287793576717,-0.2141014039516449,0.835951566696167,0.0,0.0,0.0,0.0,0.0,0.0,0.0,0.0,0.0,0.0,0.0,0.0
1761396926092324717,17837,1761396926091370648,,joint1,joint2,joint3,joint4,joint5,joint6,-0.00031403140746988356,-0.2497749775648117,-0.032783277332782745,-0.012875287793576717,-0.2141014039516449,0.835951566696167,0.0,0.0,0.0,0.0,0.0,0.0,0.0,0.0,0.0,0.0,0.0,0.0
1761396926112308067,17838,1761396926111380471,,joint1,joint2,joint3,joint4,joint5,joint6,-0.00031403140746988356,-0.2497749775648117,-0.032783277332782745,-0.012875287793576717,-0.2141014039516449,0.835951566696167,0.0,0.0,0.0,0.0,0.0,0.0,0.0,0.0,0.0,0.0,0.0,0.0
1761396926132085948,17839,1761396926131380953,,joint1,joint2,joint3,joint4,joint5,joint6,-0.00031403140746988356,-0.2497749775648117,-0.032783277332782745,-0.012875287793576717,-0.2141014039516449,0.835951566696167,0.0,0.0,0.0,0.0,0.0,0.0,0.0,0.0,0.0,0.0,0.0,0.0
1761396926152235281,17840,1761396926151384431,,joint1,joint2,joint3,joint4,joint5,joint6,-0.00031403140746988356,-0.2497749775648117,-0.032783277332782745,-0.012875287793576717,-0.2141014039516449,0.835951566696167,0.0,0.0,0.0,0.0,0.0,0.0,0.0,0.0,0.0,0.0,0.0,0.0
1761396926172275362,17841,1761396926171369970,,joint1,joint2,joint3,joint4,joint5,joint6,-0.00031403140746988356,-0.2497749775648117,-0.032783277332782745,-0.012875287793576717,-0.2141014039516449,0.835951566696167,0.0,0.0,0.0,0.0,0.0,0.0,0.0,0.0,0.0,0.0,0.0,0.0
1761396926191944290,17842,1761396926191385567,,joint1,joint2,joint3,joint4,joint5,joint6,-0.00031403140746988356,-0.2497749775648117,-0.032783277332782745,-0.012875287793576717,-0.2141014039516449,0.835951566696167,0.0,0.0,0.0,0.0,0.0,0.0,0.0,0.0,0.0,0.0,0.0,0.0
1761396926211856072,17843,1761396926211382361,,joint1,joint2,joint3,joint4,joint5,joint6,-0.00031403140746988356,-0.2497749775648117,-0.032783277332782745,-0.012875287793576717,-0.2141014039516449,0.835951566696167,0.0,0.0,0.0,0.0,0.0,0.0,0.0,0.0,0.0,0.0,0.0,0.0
1761396926232166386,17844,1761396926231384272,,joint1,joint2,joint3,joint4,joint5,joint6,-0.00031403140746988356,-0.2497749775648117,-0.032783277332782745,-0.012875287793576717,-0.2141014039516449,0.835951566696167,0.0,0.0,0.0,0.0,0.0,0.0,0.0,0.0,0.0,0.0,0.0,0.0
1761396926251813818,17845,1761396926251344562,,joint1,joint2,joint3,joint4,joint5,joint6,-0.00031403140746988356,-0.2497749775648117,-0.032783277332782745,-0.012875287793576717,-0.2141014039516449,0.835951566696167,0.0,0.0,0.0,0.0,0.0,0.0,0.0,0.0,0.0,0.0,0.0,0.0
1761396926271898495,17846,1761396926271373883,,joint1,joint2,joint3,joint4,joint5,joint6,-0.00031403140746988356,-0.2497749775648117,-0.032783277332782745,-0.012875287793576717,-0.2141014039516449,0.835951566696167,0.0,0.0,0.0,0.0,0.0,0.0,0.0,0.0,0.0,0.0,0.0,0.0
1761396926292389431,17847,1761396926291389519,,joint1,joint2,joint3,joint4,joint5,joint6,-0.00031403140746988356,-0.2497749775648117,-0.032783277332782745,-0.012875287793576717,-0.2141014039516449,0.835951566696167,0.0,0.0,0.0,0.0,0.0,0.0,0.0,0.0,0.0,0.0,0.0,0.0
1761396926312179719,17848,1761396926311377197,,joint1,joint2,joint3,joint4,joint5,joint6,-0.00031403140746988356,-0.2497749775648117,-0.032783277332782745,-0.012875287793576717,-0.2141014039516449,0.835951566696167,0.0,0.0,0.0,0.0,0.0,0.0,0.0,0.0,0.0,0.0,0.0,0.0
1761396926331931154,17849,1761396926331382288,,joint1,joint2,joint3,joint4,joint5,joint6,-0.00031403140746988356,-0.2497749775648117,-0.032783277332782745,-0.012875287793576717,-0.2141014039516449,0.835951566696167,0.0,0.0,0.0,0.0,0.0,0.0,0.0,0.0,0.0,0.0,0.0,0.0
1761396926351986536,17850,1761396926351390979,,joint1,joint2,joint3,joint4,joint5,joint6,-0.00031403140746988356,-0.2497749775648117,-0.032783277332782745,-0.012875287793576717,-0.2141014039516449,0.835951566696167,0.0,0.0,0.0,0.0,0.0,0.0,0.0,0.0,0.0,0.0,0.0,0.0
1761396926372211189,17851,1761396926371384749,,joint1,joint2,joint3,joint4,joint5,joint6,-0.00031403140746988356,-0.2497749775648117,-0.032783277332782745,-0.012875287793576717,-0.2141014039516449,0.835951566696167,0.0,0.0,0.0,0.0,0.0,0.0,0.0,0.0,0.0,0.0,0.0,0.0
1761396926392288413,17852,1761396926391384899,,joint1,joint2,joint3,joint4,joint5,joint6,-0.00031403140746988356,-0.2497749775648117,-0.032783277332782745,-0.012875287793576717,-0.2141014039516449,0.835951566696167,0.0,0.0,0.0,0.0,0.0,0.0,0.0,0.0,0.0,0.0,0.0,0.0
1761396926412149948,17853,1761396926411331897,,joint1,joint2,joint3,joint4,joint5,joint6,-0.00031403140746988356,-0.2497749775648117,-0.032783277332782745,-0.012875287793576717,-0.2141014039516449,0.835951566696167,0.0,0.0,0.0,0.0,0.0,0.0,0.0,0.0,0.0,0.0,0.0,0.0
1761396926431865929,17854,1761396926431390506,,joint1,joint2,joint3,joint4,joint5,joint6,-0.00031403140746988356,-0.2497749775648117,-0.032783277332782745,-0.012875287793576717,-0.2141014039516449,0.835951566696167,0.0,0.0,0.0,0.0,0.0,0.0,0.0,0.0,0.0,0.0,0.0,0.0
1761396926452313408,17855,1761396926451334396,,joint1,joint2,joint3,joint4,joint5,joint6,-0.00031403140746988356,-0.2497749775648117,-0.032783277332782745,-0.012875287793576717,-0.2141014039516449,0.835951566696167,0.0,0.0,0.0,0.0,0.0,0.0,0.0,0.0,0.0,0.0,0.0,0.0
1761396926471898655,17856,1761396926471315690,,joint1,joint2,joint3,joint4,joint5,joint6,-0.00031403140746988356,-0.2497749775648117,-0.032783277332782745,-0.012875287793576717,-0.2141014039516449,0.835951566696167,0.0,0.0,0.0,0.0,0.0,0.0,0.0,0.0,0.0,0.0,0.0,0.0
1761396926491892484,17857,1761396926491384454,,joint1,joint2,joint3,joint4,joint5,joint6,-0.00031403140746988356,-0.2497749775648117,-0.032783277332782745,-0.012875287793576717,-0.2141014039516449,0.835951566696167,0.0,0.0,0.0,0.0,0.0,0.0,0.0,0.0,0.0,0.0,0.0,0.0
1761396926512233385,17858,1761396926511382687,,joint1,joint2,joint3,joint4,joint5,joint6,-0.00031403140746988356,-0.2497749775648117,-0.032783277332782745,-0.012875287793576717,-0.2141014039516449,0.835951566696167,0.0,0.0,0.0,0.0,0.0,0.0,0.0,0.0,0.0,0.0,0.0,0.0
1761396926532042306,17859,1761396926531374977,,joint1,joint2,joint3,joint4,joint5,joint6,-0.00031403140746988356,-0.2497749775648117,-0.032783277332782745,-0.012875287793576717,-0.2141014039516449,0.835951566696167,0.0,0.0,0.0,0.0,0.0,0.0,0.0,0.0,0.0,0.0,0.0,0.0
1761396926552188365,17860,1761396926551388906,,joint1,joint2,joint3,joint4,joint5,joint6,-0.00031403140746988356,-0.2497749775648117,-0.032783277332782745,-0.012875287793576717,-0.2141014039516449,0.835951566696167,0.0,0.0,0.0,0.0,0.0,0.0,0.0,0.0,0.0,0.0,0.0,0.0
1761396926571931686,17861,1761396926571367396,,joint1,joint2,joint3,joint4,joint5,joint6,-0.00031403140746988356,-0.2497749775648117,-0.032783277332782745,-0.012875287793576717,-0.2141014039516449,0.835951566696167,0.0,0.0,0.0,0.0,0.0,0.0,0.0,0.0,0.0,0.0,0.0,0.0
1761396926591776955,17862,1761396926591331920,,joint1,joint2,joint3,joint4,joint5,joint6,-0.00031403140746988356,-0.2497749775648117,-0.032783277332782745,-0.012875287793576717,-0.2141014039516449,0.835951566696167,0.0,0.0,0.0,0.0,0.0,0.0,0.0,0.0,0.0,0.0,0.0,0.0
1761396926615460284,17863,1761396926614715258,,joint1,joint2,joint3,joint4,joint5,joint6,-0.00031403140746988356,-0.2497749775648117,-0.032783277332782745,-0.012875287793576717,-0.2141014039516449,0.835951566696167,0.0,0.0,0.0,0.0,0.0,0.0,0.0,0.0,0.0,0.0,0.0,0.0
1761396926632152668,17864,1761396926631381287,,joint1,joint2,joint3,joint4,joint5,joint6,-0.00031403140746988356,-0.2497749775648117,-0.032783277332782745,-0.012875287793576717,-0.2141014039516449,0.835951566696167,0.0,0.0,0.0,0.0,0.0,0.0,0.0,0.0,0.0,0.0,0.0,0.0
1761396926652033581,17865,1761396926651378243,,joint1,joint2,joint3,joint4,joint5,joint6,-0.00031403140746988356,-0.2497749775648117,-0.032783277332782745,-0.012875287793576717,-0.2141014039516449,0.835951566696167,0.0,0.0,0.0,0.0,0.0,0.0,0.0,0.0,0.0,0.0,0.0,0.0
1761396926672159479,17866,1761396926671382193,,joint1,joint2,joint3,joint4,joint5,joint6,-0.00031403140746988356,-0.2497749775648117,-0.032783277332782745,-0.012875287793576717,-0.2141014039516449,0.835951566696167,0.0,0.0,0.0,0.0,0.0,0.0,0.0,0.0,0.0,0.0,0.0,0.0
1761396926692239585,17867,1761396926691323827,,joint1,joint2,joint3,joint4,joint5,joint6,-0.00031403140746988356,-0.2497749775648117,-0.032783277332782745,-0.012875287793576717,-0.2141014039516449,0.835951566696167,0.0,0.0,0.0,0.0,0.0,0.0,0.0,0.0,0.0,0.0,0.0,0.0
1761396926712263175,17868,1761396926711327956,,joint1,joint2,joint3,joint4,joint5,joint6,-0.00031403140746988356,-0.2497749775648117,-0.032783277332782745,-0.012875287793576717,-0.2141014039516449,0.835951566696167,0.0,0.0,0.0,0.0,0.0,0.0,0.0,0.0,0.0,0.0,0.0,0.0
1761396926731906106,17869,1761396926731386489,,joint1,joint2,joint3,joint4,joint5,joint6,-0.00031403140746988356,-0.2497749775648117,-0.032783277332782745,-0.012875287793576717,-0.2141014039516449,0.835951566696167,0.0,0.0,0.0,0.0,0.0,0.0,0.0,0.0,0.0,0.0,0.0,0.0
1761396926752137176,17870,1761396926751325155,,joint1,joint2,joint3,joint4,joint5,joint6,-0.00031403140746988356,-0.2497749775648117,-0.032783277332782745,-0.012875287793576717,-0.2141014039516449,0.835951566696167,0.0,0.0,0.0,0.0,0.0,0.0,0.0,0.0,0.0,0.0,0.0,0.0
1761396926771979999,17871,1761396926771342333,,joint1,joint2,joint3,joint4,joint5,joint6,-0.00031403140746988356,-0.2497749775648117,-0.032783277332782745,-0.012875287793576717,-0.2141014039516449,0.835951566696167,0.0,0.0,0.0,0.0,0.0,0.0,0.0,0.0,0.0,0.0,0.0,0.0
1761396926792084599,17872,1761396926791375277,,joint1,joint2,joint3,joint4,joint5,joint6,-0.00031403140746988356,-0.2497749775648117,-0.032783277332782745,-0.012875287793576717,-0.2141014039516449,0.835951566696167,0.0,0.0,0.0,0.0,0.0,0.0,0.0,0.0,0.0,0.0,0.0,0.0
1761396926811821166,17873,1761396926811323132,,joint1,joint2,joint3,joint4,joint5,joint6,-0.00031403140746988356,-0.2497749775648117,-0.032783277332782745,-0.012875287793576717,-0.2141014039516449,0.835951566696167,0.0,0.0,0.0,0.0,0.0,0.0,0.0,0.0,0.0,0.0,0.0,0.0
1761396926831850090,17874,1761396926831385192,,joint1,joint2,joint3,joint4,joint5,joint6,-0.00031403140746988356,-0.2497749775648117,-0.0314631462097168,-0.012875287793576717,-0.2141014039516449,0.835951566696167,0.0,0.0,0.0,0.0,0.0,0.0,0.0,0.0,0.0,0.0,0.0,0.0
1761396926852276667,17875,1761396926851383437,,joint1,joint2,joint3,joint4,joint5,joint6,-0.00031403140746988356,-0.2497749775648117,-0.0314631462097168,-0.012875287793576717,-0.2141014039516449,0.835951566696167,0.0,0.0,0.0,0.0,0.0,0.0,0.0,0.0,0.0,0.0,0.0,0.0
1761396926872455697,17876,1761396926871444784,,joint1,joint2,joint3,joint4,joint5,joint6,-0.00031403140746988356,-0.2497749775648117,-0.0314631462097168,-0.012875287793576717,-0.2141014039516449,0.835951566696167,0.0,0.0,0.0,0.0,0.0,0.0,0.0,0.0,0.0,0.0,0.0,0.0
1761396926891984843,17877,1761396926891331893,,joint1,joint2,joint3,joint4,joint5,joint6,-0.00031403140746988356,-0.2497749775648117,-0.0314631462097168,-0.012875287793576717,-0.2141014039516449,0.835951566696167,0.0,0.0,0.0,0.0,0.0,0.0,0.0,0.0,0.0,0.0,0.0,0.0
1761396926912214592,17878,1761396926911381410,,joint1,joint2,joint3,joint4,joint5,joint6,-0.00031403140746988356,-0.2497749775648117,-0.031903188675642014,-0.012875287793576717,-0.2141014039516449,0.835951566696167,0.0,0.0,0.0,0.0,0.0,0.0,0.0,0.0,0.0,0.0,0.0,0.0
1761396926931883342,17879,1761396926931339399,,joint1,joint2,joint3,joint4,joint5,joint6,-0.00031403140746988356,-0.2497749775648117,-0.03234323486685753,-0.012875287793576717,-0.2141014039516449,0.835951566696167,0.0,0.0,0.0,0.0,0.0,0.0,0.0,0.0,0.0,0.0,0.0,0.0
1761396926951938628,17880,1761396926951381338,,joint1,joint2,joint3,joint4,joint5,joint6,-0.00031403140746988356,-0.2497749775648117,-0.03234323486685753,-0.012875287793576717,-0.2141014039516449,0.835951566696167,0.0,0.0,0.0,0.0,0.0,0.0,0.0,0.0,0.0,0.0,0.0,0.0
1761396926971850575,17881,1761396926971395909,,joint1,joint2,joint3,joint4,joint5,joint6,-0.00031403140746988356,-0.2497749775648117,-0.03322332352399826,-0.012875287793576717,-0.2141014039516449,0.835951566696167,0.0,0.0,0.0,0.0,0.0,0.0,0.0,0.0,0.0,0.0,0.0,0.0
1761396926992136895,17882,1761396926991322495,,joint1,joint2,joint3,joint4,joint5,joint6,-0.00031403140746988356,-0.2497749775648117,-0.03322332352399826,-0.012875287793576717,-0.2141014039516449,0.835951566696167,0.0,0.0,0.0,0.0,0.0,0.0,0.0,0.0,0.0,0.0,0.0,0.0
1761396927011957449,17883,1761396927011382942,,joint1,joint2,joint3,joint4,joint5,joint6,-0.00031403140746988356,-0.2497749775648117,-0.03454345464706421,-0.012875287793576717,-0.2141014039516449,0.835951566696167,0.0,0.0,0.0,0.0,0.0,0.0,0.0,0.0,0.0,0.0,0.0,0.0
1761396927031885074,17884,1761396927031381938,,joint1,joint2,joint3,joint4,joint5,joint6,-0.00031403140746988356,-0.2497749775648117,-0.03454345464706421,-0.012875287793576717,-0.2141014039516449,0.835951566696167,0.0,0.0,0.0,0.0,0.0,0.0,0.0,0.0,0.0,0.0,0.0,0.0
1761396927052152130,17885,1761396927051394684,,joint1,joint2,joint3,joint4,joint5,joint6,-0.00031403140746988356,-0.2497749775648117,-0.03542354330420494,-0.012875287793576717,-0.2141014039516449,0.835951566696167,0.0,0.0,0.0,0.0,0.0,0.0,0.0,0.0,0.0,0.0,0.0,0.0
1761396927072261549,17886,1761396927071326787,,joint1,joint2,joint3,joint4,joint5,joint6,-0.00031403140746988356,-0.2497749775648117,-0.03542354330420494,-0.012875287793576717,-0.2141014039516449,0.835951566696167,0.0,0.0,0.0,0.0,0.0,0.0,0.0,0.0,0.0,0.0,0.0,0.0
1761396927091945330,17887,1761396927091374675,,joint1,joint2,joint3,joint4,joint5,joint6,-0.00031403140746988356,-0.2497749775648117,-0.037183716893196106,-0.012875287793576717,-0.2141014039516449,0.835951566696167,0.0,0.0,0.0,0.0,0.0,0.0,0.0,0.0,0.0,0.0,0.0,0.0
1761396927112138423,17888,1761396927111326094,,joint1,joint2,joint3,joint4,joint5,joint6,-0.00031403140746988356,-0.2497749775648117,-0.03806380555033684,-0.012875287793576717,-0.2141014039516449,0.835951566696167,0.0,0.0,0.0,0.0,0.0,0.0,0.0,0.0,0.0,0.0,0.0,0.0
1761396927131915487,17889,1761396927131330005,,joint1,joint2,joint3,joint4,joint5,joint6,-0.00031403140746988356,-0.2497749775648117,-0.03806380555033684,-0.012875287793576717,-0.2141014039516449,0.835951566696167,0.0,0.0,0.0,0.0,0.0,0.0,0.0,0.0,0.0,0.0,0.0,0.0
1761396927152214654,17890,1761396927151379576,,joint1,joint2,joint3,joint4,joint5,joint6,-0.00031403140746988356,-0.2497749775648117,-0.04026402533054352,-0.012875287793576717,-0.2141014039516449,0.835951566696167,0.0,0.0,0.0,0.0,0.0,0.0,0.0,0.0,0.0,0.0,0.0,0.0
1761396927172293711,17891,1761396927171322139,,joint1,joint2,joint3,joint4,joint5,joint6,-0.00031403140746988356,-0.2497749775648117,-0.04026402533054352,-0.012875287793576717,-0.2141014039516449,0.835951566696167,0.0,0.0,0.0,0.0,0.0,0.0,0.0,0.0,0.0,0.0,0.0,0.0
1761396927192053064,17892,1761396927191356400,,joint1,joint2,joint3,joint4,joint5,joint6,-0.00031403140746988356,-0.2497749775648117,-0.0424642451107502,-0.012875287793576717,-0.2141014039516449,0.835951566696167,0.0,0.0,0.0,0.0,0.0,0.0,0.0,0.0,0.0,0.0,0.0,0.0
1761396927211833425,17893,1761396927211333286,,joint1,joint2,joint3,joint4,joint5,joint6,-0.00031403140746988356,-0.2497749775648117,-0.0424642451107502,-0.012875287793576717,-0.2141014039516449,0.835951566696167,0.0,0.0,0.0,0.0,0.0,0.0,0.0,0.0,0.0,0.0,0.0,0.0
1761396927232149697,17894,1761396927231382149,,joint1,joint2,joint3,joint4,joint5,joint6,-0.00031403140746988356,-0.2497749775648117,-0.045104511082172394,-0.012875287793576717,-0.2141014039516449,0.835951566696167,0.0,0.0,0.0,0.0,0.0,0.0,0.0,0.0,0.0,0.0,0.0,0.0
1761396927252521006,17895,1761396927251332536,,joint1,joint2,joint3,joint4,joint5,joint6,-0.00031403140746988356,-0.2497749775648117,-0.045104511082172394,-0.012875287793576717,-0.2141014039516449,0.835951566696167,0.0,0.0,0.0,0.0,0.0,0.0,0.0,0.0,0.0,0.0,0.0,0.0
1761396927271855960,17896,1761396927271384530,,joint1,joint2,joint3,joint4,joint5,joint6,-0.00031403140746988356,-0.2497749775648117,-0.04686468467116356,-0.012875287793576717,-0.2141014039516449,0.835951566696167,0.0,0.0,0.0,0.0,0.0,0.0,0.0,0.0,0.0,0.0,0.0,0.0
1761396927292227001,17897,1761396927291341656,,joint1,joint2,joint3,joint4,joint5,joint6,-0.00031403140746988356,-0.2497749775648117,-0.049504950642585754,-0.012875287793576717,-0.2141014039516449,0.835951566696167,0.0,0.0,0.0,0.0,0.0,0.0,0.0,0.0,0.0,0.0,0.0,0.0
1761396927312127580,17898,1761396927311323362,,joint1,joint2,joint3,joint4,joint5,joint6,-0.00031403140746988356,-0.2497749775648117,-0.049504950642585754,-0.012875287793576717,-0.2141014039516449,0.835951566696167,0.0,0.0,0.0,0.0,0.0,0.0,0.0,0.0,0.0,0.0,0.0,0.0
1761396927332025411,17899,1761396927331382367,,joint1,joint2,joint3,joint4,joint5,joint6,-0.00031403140746988356,-0.2497749775648117,-0.05302530154585838,-0.012875287793576717,-0.2141014039516449,0.835951566696167,0.0,0.0,0.0,0.0,0.0,0.0,0.0,0.0,0.0,0.0,0.0,0.0
1761396927352448256,17900,1761396927351394070,,joint1,joint2,joint3,joint4,joint5,joint6,-0.00031403140746988356,-0.2497749775648117,-0.05302530154585838,-0.012875287793576717,-0.2141014039516449,0.835951566696167,0.0,0.0,0.0,0.0,0.0,0.0,0.0,0.0,0.0,0.0,0.0,0.0
1761396927371855820,17901,1761396927371340796,,joint1,joint2,joint3,joint4,joint5,joint6,-0.00031403140746988356,-0.2497749775648117,-0.05698569864034653,-0.012875287793576717,-0.2141014039516449,0.835951566696167,0.0,0.0,0.0,0.0,0.0,0.0,0.0,0.0,0.0,0.0,0.0,0.0
1761396927392008987,17902,1761396927391353256,,joint1,joint2,joint3,joint4,joint5,joint6,-0.00031403140746988356,-0.2497749775648117,-0.05698569864034653,-0.012875287793576717,-0.2141014039516449,0.835951566696167,0.0,0.0,0.0,0.0,0.0,0.0,0.0,0.0,0.0,0.0,0.0,0.0
1761396927412089295,17903,1761396927411382587,,joint1,joint2,joint3,joint4,joint5,joint6,-0.00031403140746988356,-0.2497749775648117,-0.05874587595462799,-0.012875287793576717,-0.2141014039516449,0.835951566696167,0.0,0.0,0.0,0.0,0.0,0.0,0.0,0.0,0.0,0.0,0.0,0.0
1761396927431903629,17904,1761396927431341603,,joint1,joint2,joint3,joint4,joint5,joint6,-0.00031403140746988356,-0.2497749775648117,-0.05874587595462799,-0.012875287793576717,-0.2141014039516449,0.835951566696167,0.0,0.0,0.0,0.0,0.0,0.0,0.0,0.0,0.0,0.0,0.0,0.0
1761396927452180290,17905,1761396927451380949,,joint1,joint2,joint3,joint4,joint5,joint6,-0.00031403140746988356,-0.2497749775648117,-0.06270626932382584,-0.012875287793576717,-0.2141014039516449,0.835951566696167,0.0,0.0,0.0,0.0,0.0,0.0,0.0,0.0,0.0,0.0,0.0,0.0
1761396927472389699,17906,1761396927471386266,,joint1,joint2,joint3,joint4,joint5,joint6,-0.00031403140746988356,-0.2497749775648117,-0.0671067088842392,-0.012875287793576717,-0.2141014039516449,0.835951566696167,0.0,0.0,0.0,0.0,0.0,0.0,0.0,0.0,0.0,0.0,0.0,0.0
1761396927492074672,17907,1761396927491325102,,joint1,joint2,joint3,joint4,joint5,joint6,-0.00031403140746988356,-0.2497749775648117,-0.0671067088842392,-0.012875287793576717,-0.2141014039516449,0.835951566696167,0.0,0.0,0.0,0.0,0.0,0.0,0.0,0.0,0.0,0.0,0.0,0.0
1761396927511848030,17908,1761396927511372019,,joint1,joint2,joint3,joint4,joint5,joint6,-0.00031403140746988356,-0.2497749775648117,-0.07194719463586807,-0.012875287793576717,-0.2141014039516449,0.835951566696167,0.0,0.0,0.0,0.0,0.0,0.0,0.0,0.0,0.0,0.0,0.0,0.0
1761396927531905457,17909,1761396927531386408,,joint1,joint2,joint3,joint4,joint5,joint6,-0.00031403140746988356,-0.2497749775648117,-0.07194719463586807,-0.012875287793576717,-0.2141014039516449,0.835951566696167,0.0,0.0,0.0,0.0,0.0,0.0,0.0,0.0,0.0,0.0,0.0,0.0
1761396927551852225,17910,1761396927551333071,,joint1,joint2,joint3,joint4,joint5,joint6,-0.00031403140746988356,-0.2497749775648117,-0.07678768038749695,-0.012875287793576717,-0.2141014039516449,0.835951566696167,0.0,0.0,0.0,0.0,0.0,0.0,0.0,0.0,0.0,0.0,0.0,0.0
1761396927572073237,17911,1761396927571381768,,joint1,joint2,joint3,joint4,joint5,joint6,-0.00031403140746988356,-0.2497749775648117,-0.07678768038749695,-0.012875287793576717,-0.2141014039516449,0.835951566696167,0.0,0.0,0.0,0.0,0.0,0.0,0.0,0.0,0.0,0.0,0.0,0.0
1761396927592048341,17912,1761396927591341767,,joint1,joint2,joint3,joint4,joint5,joint6,-0.00031403140746988356,-0.2497749775648117,-0.07942794263362885,-0.012875287793576717,-0.2141014039516449,0.835951566696167,0.0,0.0,0.0,0.0,0.0,0.0,0.0,0.0,0.0,0.0,0.0,0.0
1761396927611992150,17913,1761396927611330654,,joint1,joint2,joint3,joint4,joint5,joint6,-0.00031403140746988356,-0.2497749775648117,-0.07942794263362885,-0.012875287793576717,-0.2141014039516449,0.835951566696167,0.0,0.0,0.0,0.0,0.0,0.0,0.0,0.0,0.0,0.0,0.0,0.0
1761396927631995940,17914,1761396927631390523,,joint1,joint2,joint3,joint4,joint5,joint6,-0.00031403140746988356,-0.2497749775648117,-0.08514851331710815,-0.012875287793576717,-0.2141014039516449,0.835951566696167,0.0,0.0,0.0,0.0,0.0,0.0,0.0,0.0,0.0,0.0,0.0,0.0
1761396927651983593,17915,1761396927651384539,,joint1,joint2,joint3,joint4,joint5,joint6,-0.00031403140746988356,-0.2497749775648117,-0.09042904525995255,-0.012875287793576717,-0.2141014039516449,0.835951566696167,0.0,0.0,0.0,0.0,0.0,0.0,0.0,0.0,0.0,0.0,0.0,0.0
1761396927671869285,17916,1761396927671385336,,joint1,joint2,joint3,joint4,joint5,joint6,-0.00031403140746988356,-0.2497749775648117,-0.09042904525995255,-0.012875287793576717,-0.2141014039516449,0.835951566696167,0.0,0.0,0.0,0.0,0.0,0.0,0.0,0.0,0.0,0.0,0.0,0.0
1761396927692109256,17917,1761396927691337533,,joint1,joint2,joint3,joint4,joint5,joint6,-0.00031403140746988356,-0.2497749775648117,-0.09658966213464737,-0.012875287793576717,-0.2141014039516449,0.835951566696167,0.0,0.0,0.0,0.0,0.0,0.0,0.0,0.0,0.0,0.0,0.0,0.0
1761396927711915787,17918,1761396927711382161,,joint1,joint2,joint3,joint4,joint5,joint6,-0.00031403140746988356,-0.2497749775648117,-0.09658966213464737,-0.012875287793576717,-0.2141014039516449,0.835951566696167,0.0,0.0,0.0,0.0,0.0,0.0,0.0,0.0,0.0,0.0,0.0,0.0
1761396927731935587,17919,1761396927731383402,,joint1,joint2,joint3,joint4,joint5,joint6,-0.00031403140746988356,-0.2497749775648117,-0.09966997057199478,-0.012875287793576717,-0.2141014039516449,0.835951566696167,0.0,0.0,0.0,0.0,0.0,0.0,0.0,0.0,0.0,0.0,0.0,0.0
1761396927752468439,17920,1761396927751394354,,joint1,joint2,joint3,joint4,joint5,joint6,-0.00031403140746988356,-0.2497749775648117,-0.09966997057199478,-0.012875287793576717,-0.2141014039516449,0.835951566696167,0.0,0.0,0.0,0.0,0.0,0.0,0.0,0.0,0.0,0.0,0.0,0.0
1761396927772338499,17921,1761396927771348691,,joint1,joint2,joint3,joint4,joint5,joint6,-0.00031403140746988356,-0.2497749775648117,-0.10627062618732452,-0.012875287793576717,-0.2141014039516449,0.835951566696167,0.0,0.0,0.0,0.0,0.0,0.0,0.0,0.0,0.0,0.0,0.0,0.0
1761396927792121738,17922,1761396927791333650,,joint1,joint2,joint3,joint4,joint5,joint6,-0.00031403140746988356,-0.2497749775648117,-0.10627062618732452,-0.012875287793576717,-0.2141014039516449,0.835951566696167,0.0,0.0,0.0,0.0,0.0,0.0,0.0,0.0,0.0,0.0,0.0,0.0
1761396927812357328,17923,1761396927811321606,,joint1,joint2,joint3,joint4,joint5,joint6,-0.00031403140746988356,-0.2497749775648117,-0.11287128925323486,-0.012875287793576717,-0.2141014039516449,0.835951566696167,0.0,0.0,0.0,0.0,0.0,0.0,0.0,0.0,0.0,0.0,0.0,0.0
1761396927831863200,17924,1761396927831391830,,joint1,joint2,joint3,joint4,joint5,joint6,-0.00031403140746988356,-0.2497749775648117,-0.12035203725099564,-0.012875287793576717,-0.2141014039516449,0.835951566696167,0.0,0.0,0.0,0.0,0.0,0.0,0.0,0.0,0.0,0.0,0.0,0.0
1761396927851824071,17925,1761396927851329876,,joint1,joint2,joint3,joint4,joint5,joint6,-0.00031403140746988356,-0.2497749775648117,-0.12035203725099564,-0.012875287793576717,-0.2141014039516449,0.835951566696167,0.0,0.0,0.0,0.0,0.0,0.0,0.0,0.0,0.0,0.0,0.0,0.0
1761396927871919012,17926,1761396927871390354,,joint1,joint2,joint3,joint4,joint5,joint6,-0.00031403140746988356,-0.2497749775648117,-0.12431243062019348,-0.012875287793576717,-0.2141014039516449,0.835951566696167,0.0,0.0,0.0,0.0,0.0,0.0,0.0,0.0,0.0,0.0,0.0,0.0
1761396927892152324,17927,1761396927891342981,,joint1,joint2,joint3,joint4,joint5,joint6,-0.00031403140746988356,-0.2497749775648117,-0.12431243062019348,-0.012875287793576717,-0.2141014039516449,0.835951566696167,0.0,0.0,0.0,0.0,0.0,0.0,0.0,0.0,0.0,0.0,0.0,0.0
1761396927911948617,17928,1761396927911382339,,joint1,joint2,joint3,joint4,joint5,joint6,-0.00031403140746988356,-0.2497749775648117,-0.13135313987731934,-0.012875287793576717,-0.2141014039516449,0.835951566696167,0.0,0.0,0.0,0.0,0.0,0.0,0.0,0.0,0.0,0.0,0.0,0.0
1761396927932133120,17929,1761396927931380704,,joint1,joint2,joint3,joint4,joint5,joint6,-0.00031403140746988356,-0.2497749775648117,-0.13135313987731934,-0.012875287793576717,-0.2141014039516449,0.835951566696167,0.0,0.0,0.0,0.0,0.0,0.0,0.0,0.0,0.0,0.0,0.0,0.0
1761396927952407753,17930,1761396927951379392,,joint1,joint2,joint3,joint4,joint5,joint6,-0.00031403140746988356,-0.2497749775648117,-0.13927392661571503,-0.012875287793576717,-0.2141014039516449,0.835951566696167,0.0,0.0,0.0,0.0,0.0,0.0,0.0,0.0,0.0,0.0,0.0,0.0
1761396927971823580,17931,1761396927971328893,,joint1,joint2,joint3,joint4,joint5,joint6,-0.00031403140746988356,-0.2497749775648117,-0.13927392661571503,-0.012875287793576717,-0.2141014039516449,0.835951566696167,0.0,0.0,0.0,0.0,0.0,0.0,0.0,0.0,0.0,0.0,0.0,0.0
1761396927992296135,17932,1761396927991341061,,joint1,joint2,joint3,joint4,joint5,joint6,-0.00031403140746988356,-0.2497749775648117,-0.14763475954532623,-0.012875287793576717,-0.2141014039516449,0.835951566696167,0.0,0.0,0.0,0.0,0.0,0.0,0.0,0.0,0.0,0.0,0.0,0.0
1761396928011853337,17933,1761396928011325745,,joint1,joint2,joint3,joint4,joint5,joint6,-0.00031403140746988356,-0.2497749775648117,-0.15643563866615295,-0.012875287793576717,-0.2141014039516449,0.835951566696167,0.0,0.0,0.0,0.0,0.0,0.0,0.0,0.0,0.0,0.0,0.0,0.0
1761396928032084686,17934,1761396928031389169,,joint1,joint2,joint3,joint4,joint5,joint6,-0.00031403140746988356,-0.2497749775648117,-0.15643563866615295,-0.012875287793576717,-0.2141014039516449,0.835951566696167,0.0,0.0,0.0,0.0,0.0,0.0,0.0,0.0,0.0,0.0,0.0,0.0
1761396928052012196,17935,1761396928051323655,,joint1,joint2,joint3,joint4,joint5,joint6,-0.00031403140746988356,-0.2497749775648117,-0.1603960394859314,-0.012875287793576717,-0.2141014039516449,0.835951566696167,0.0,0.0,0.0,0.0,0.0,0.0,0.0,0.0,0.0,0.0,0.0,0.0
1761396928072349065,17936,1761396928071376353,,joint1,joint2,joint3,joint4,joint5,joint6,-0.00031403140746988356,-0.2497749775648117,-0.1603960394859314,-0.012875287793576717,-0.2141014039516449,0.835951566696167,0.0,0.0,0.0,0.0,0.0,0.0,0.0,0.0,0.0,0.0,0.0,0.0
1761396928091861234,17937,1761396928091339286,,joint1,joint2,joint3,joint4,joint5,joint6,-0.00031403140746988356,-0.2497749775648117,-0.16919691860675812,-0.012875287793576717,-0.2141014039516449,0.835951566696167,0.0,0.0,0.0,0.0,0.0,0.0,0.0,0.0,0.0,0.0,0.0,0.0
1761396928112416801,17938,1761396928111329204,,joint1,joint2,joint3,joint4,joint5,joint6,-0.00031403140746988356,-0.2497749775648117,-0.16919691860675812,-0.012875287793576717,-0.2141014039516449,0.835951566696167,0.0,0.0,0.0,0.0,0.0,0.0,0.0,0.0,0.0,0.0,0.0,0.0
1761396928131972867,17939,1761396928131386338,,joint1,joint2,joint3,joint4,joint5,joint6,-0.00031403140746988356,-0.2497749775648117,-0.17843784391880035,-0.012875287793576717,-0.2141014039516449,0.835951566696167,0.0,0.0,0.0,0.0,0.0,0.0,0.0,0.0,0.0,0.0,0.0,0.0
1761396928152283880,17940,1761396928151327835,,joint1,joint2,joint3,joint4,joint5,joint6,-0.00031403140746988356,-0.2497749775648117,-0.17843784391880035,-0.012875287793576717,-0.2141014039516449,0.835951566696167,0.0,0.0,0.0,0.0,0.0,0.0,0.0,0.0,0.0,0.0,0.0,0.0
1761396928172205143,17941,1761396928171385870,,joint1,joint2,joint3,joint4,joint5,joint6,-0.00031403140746988356,-0.2497749775648117,-0.1876787692308426,-0.012875287793576717,-0.2141014039516449,0.835951566696167,0.0,0.0,0.0,0.0,0.0,0.0,0.0,0.0,0.0,0.0,0.0,0.0
1761396928192377255,17942,1761396928191341307,,joint1,joint2,joint3,joint4,joint5,joint6,-0.00031403140746988356,-0.2497749775648117,-0.19251924753189087,-0.012875287793576717,-0.2141014039516449,0.835951566696167,0.0,0.0,0.0,0.0,0.0,0.0,0.0,0.0,0.0,0.0,0.0,0.0
1761396928212125955,17943,1761396928211383448,,joint1,joint2,joint3,joint4,joint5,joint6,-0.00031403140746988356,-0.2497749775648117,-0.19251924753189087,-0.012875287793576717,-0.2141014039516449,0.835951566696167,0.0,0.0,0.0,0.0,0.0,0.0,0.0,0.0,0.0,0.0,0.0,0.0
1761396928232038008,17944,1761396928231386446,,joint1,joint2,joint3,joint4,joint5,joint6,-0.00031403140746988356,-0.2497749775648117,-0.20220021903514862,-0.012875287793576717,-0.2141014039516449,0.835951566696167,0.0,0.0,0.0,0.0,0.0,0.0,0.0,0.0,0.0,0.0,0.0,0.0
1761396928252258964,17945,1761396928251378124,,joint1,joint2,joint3,joint4,joint5,joint6,-0.00031403140746988356,-0.2497749775648117,-0.20220021903514862,-0.012875287793576717,-0.2141014039516449,0.835951566696167,0.0,0.0,0.0,0.0,0.0,0.0,0.0,0.0,0.0,0.0,0.0,0.0
1761396928271847111,17946,1761396928271386215,,joint1,joint2,joint3,joint4,joint5,joint6,-0.00031403140746988356,-0.2497749775648117,-0.2127612829208374,-0.012875287793576717,-0.2141014039516449,0.835951566696167,0.0,0.0,0.0,0.0,0.0,0.0,0.0,0.0,0.0,0.0,0.0,0.0
1761396928292092258,17947,1761396928291339167,,joint1,joint2,joint3,joint4,joint5,joint6,-0.00031403140746988356,-0.2497749775648117,-0.2127612829208374,-0.012875287793576717,-0.2141014039516449,0.835951566696167,0.0,0.0,0.0,0.0,0.0,0.0,0.0,0.0,0.0,0.0,0.0,0.0
1761396928312179072,17948,1761396928311381705,,joint1,joint2,joint3,joint4,joint5,joint6,-0.00031403140746988356,-0.2497749775648117,-0.2237623780965805,-0.012875287793576717,-0.2141014039516449,0.835951566696167,0.0,0.0,0.0,0.0,0.0,0.0,0.0,0.0,0.0,0.0,0.0,0.0
1761396928331869527,17949,1761396928331337950,,joint1,joint2,joint3,joint4,joint5,joint6,-0.00031403140746988356,-0.2497749775648117,-0.2237623780965805,-0.012875287793576717,-0.2141014039516449,0.835951566696167,0.0,0.0,0.0,0.0,0.0,0.0,0.0,0.0,0.0,0.0,0.0,0.0
1761396928352088393,17950,1761396928351377224,,joint1,joint2,joint3,joint4,joint5,joint6,-0.00031403140746988356,-0.2497749775648117,-0.2290429025888443,-0.012875287793576717,-0.2141014039516449,0.835951566696167,0.0,0.0,0.0,0.0,0.0,0.0,0.0,0.0,0.0,0.0,0.0,0.0
1761396928372378749,17951,1761396928371383597,,joint1,joint2,joint3,joint4,joint5,joint6,-0.00031403140746988356,-0.2497749775648117,-0.23960396647453308,-0.012875287793576717,-0.2141014039516449,0.835951566696167,0.0,0.0,0.0,0.0,0.0,0.0,0.0,0.0,0.0,0.0,0.0,0.0
1761396928392096472,17952,1761396928391388275,,joint1,joint2,joint3,joint4,joint5,joint6,-0.00031403140746988356,-0.2497749775648117,-0.23960396647453308,-0.012875287793576717,-0.2141014039516449,0.835951566696167,0.0,0.0,0.0,0.0,0.0,0.0,0.0,0.0,0.0,0.0,0.0,0.0
1761396928412132421,17953,1761396928411341344,,joint1,joint2,joint3,joint4,joint5,joint6,-0.00031403140746988356,-0.2497749775648117,-0.251485139131546,-0.012875287793576717,-0.2141014039516449,0.835951566696167,0.0,0.0,0.0,0.0,0.0,0.0,0.0,0.0,0.0,0.0,0.0,0.0
1761396928432309898,17954,1761396928431382895,,joint1,joint2,joint3,joint4,joint5,joint6,-0.00031403140746988356,-0.2497749775648117,-0.251485139131546,-0.012875287793576717,-0.2141014039516449,0.835951566696167,0.0,0.0,0.0,0.0,0.0,0.0,0.0,0.0,0.0,0.0,0.0,0.0
1761396928452294466,17955,1761396928451323222,,joint1,joint2,joint3,joint4,joint5,joint6,-0.00031403140746988356,-0.2497749775648117,-0.26292628049850464,-0.012875287793576717,-0.2141014039516449,0.835951566696167,0.0,0.0,0.0,0.0,0.0,0.0,0.0,0.0,0.0,0.0,0.0,0.0
1761396928471898710,17956,1761396928471390706,,joint1,joint2,joint3,joint4,joint5,joint6,-0.00031403140746988356,-0.2497749775648117,-0.26292628049850464,-0.012875287793576717,-0.2141014039516449,0.835951566696167,0.0,0.0,0.0,0.0,0.0,0.0,0.0,0.0,0.0,0.0,0.0,0.0
1761396928492047721,17957,1761396928491364138,,joint1,joint2,joint3,joint4,joint5,joint6,-0.00031403140746988356,-0.2497749775648117,-0.27480748295783997,-0.012875287793576717,-0.2141014039516449,0.835951566696167,0.0,0.0,0.0,0.0,0.0,0.0,0.0,0.0,0.0,0.0,0.0,0.0
1761396928512250209,17958,1761396928511322487,,joint1,joint2,joint3,joint4,joint5,joint6,-0.00031403140746988356,-0.2497749775648117,-0.27480748295783997,-0.012875287793576717,-0.2141014039516449,0.835951566696167,0.0,0.0,0.0,0.0,0.0,0.0,0.0,0.0,0.0,0.0,0.0,0.0
1761396928531938029,17959,1761396928531383295,,joint1,joint2,joint3,joint4,joint5,joint6,-0.00031403140746988356,-0.2497749775648117,-0.2805280387401581,-0.012875287793576717,-0.2141014039516449,0.835951566696167,0.0,0.0,0.0,0.0,0.0,0.0,0.0,0.0,0.0,0.0,0.0,0.0
1761396928552265231,17960,1761396928551338951,,joint1,joint2,joint3,joint4,joint5,joint6,-0.00031403140746988356,-0.2497749775648117,-0.29328933358192444,-0.012875287793576717,-0.2141014039516449,0.835951566696167,0.0,0.0,0.0,0.0,0.0,0.0,0.0,0.0,0.0,0.0,0.0,0.0
1761396928572279271,17961,1761396928571385166,,joint1,joint2,joint3,joint4,joint5,joint6,-0.00031403140746988356,-0.2497749775648117,-0.29328933358192444,-0.012875287793576717,-0.2141014039516449,0.835951566696167,0.0,0.0,0.0,0.0,0.0,0.0,0.0,0.0,0.0,0.0,0.0,0.0
1761396928592004196,17962,1761396928591364474,,joint1,joint2,joint3,joint4,joint5,joint6,-0.00031403140746988356,-0.2497749775648117,-0.3056105673313141,-0.012875287793576717,-0.2141014039516449,0.835951566696167,0.0,0.0,0.0,0.0,0.0,0.0,0.0,0.0,0.0,0.0,0.0,0.0
1761396928612017314,17963,1761396928611381465,,joint1,joint2,joint3,joint4,joint5,joint6,-0.00031403140746988356,-0.2497749775648117,-0.3056105673313141,-0.012875287793576717,-0.2141014039516449,0.835951566696167,0.0,0.0,0.0,0.0,0.0,0.0,0.0,0.0,0.0,0.0,0.0,0.0
1761396928631983224,17964,1761396928631382289,,joint1,joint2,joint3,joint4,joint5,joint6,-0.00031403140746988356,-0.2497749775648117,-0.31881189346313477,-0.012875287793576717,-0.2141014039516449,0.835951566696167,0.0,0.0,0.0,0.0,0.0,0.0,0.0,0.0,0.0,0.0,0.0,0.0
1761396928652354254,17965,1761396928651379060,,joint1,joint2,joint3,joint4,joint5,joint6,-0.00031403140746988356,-0.2497749775648117,-0.31881189346313477,-0.012875287793576717,-0.2141014039516449,0.835951566696167,0.0,0.0,0.0,0.0,0.0,0.0,0.0,0.0,0.0,0.0,0.0,0.0
1761396928672003681,17966,1761396928671384579,,joint1,joint2,joint3,joint4,joint5,joint6,-0.00031403140746988356,-0.2497749775648117,-0.3254125416278839,-0.012875287793576717,-0.2141014039516449,0.835951566696167,0.0,0.0,0.0,0.0,0.0,0.0,0.0,0.0,0.0,0.0,0.0,0.0
1761396928692374449,17967,1761396928691357075,,joint1,joint2,joint3,joint4,joint5,joint6,-0.00031403140746988356,-0.2497749775648117,-0.3254125416278839,-0.012875287793576717,-0.2141014039516449,0.835951566696167,0.0,0.0,0.0,0.0,0.0,0.0,0.0,0.0,0.0,0.0,0.0,0.0
1761396928712352709,17968,1761396928711338309,,joint1,joint2,joint3,joint4,joint5,joint6,-0.00031403140746988356,-0.2497749775648117,-0.3386138677597046,-0.012875287793576717,-0.2141014039516449,0.835951566696167,0.0,0.0,0.0,0.0,0.0,0.0,0.0,0.0,0.0,0.0,0.0,0.0
1761396928732153007,17969,1761396928731395953,,joint1,joint2,joint3,joint4,joint5,joint6,-0.00031403140746988356,-0.2497749775648117,-0.3522552251815796,-0.012875287793576717,-0.2141014039516449,0.835951566696167,0.0,0.0,0.0,0.0,0.0,0.0,0.0,0.0,0.0,0.0,0.0,0.0
1761396928751928288,17970,1761396928751387789,,joint1,joint2,joint3,joint4,joint5,joint6,-0.00031403140746988356,-0.2497749775648117,-0.3522552251815796,-0.012875287793576717,-0.2141014039516449,0.835951566696167,0.0,0.0,0.0,0.0,0.0,0.0,0.0,0.0,0.0,0.0,0.0,0.0
1761396928772079285,17971,1761396928771348744,,joint1,joint2,joint3,joint4,joint5,joint6,-0.00031403140746988356,-0.2497749775648117,-0.3663366436958313,-0.012875287793576717,-0.2141014039516449,0.835951566696167,0.0,0.0,0.0,0.0,0.0,0.0,0.0,0.0,0.0,0.0,0.0,0.0
1761396928792247460,17972,1761396928791325499,,joint1,joint2,joint3,joint4,joint5,joint6,-0.00031403140746988356,-0.2497749775648117,-0.3663366436958313,-0.012875287793576717,-0.2141014039516449,0.835951566696167,0.0,0.0,0.0,0.0,0.0,0.0,0.0,0.0,0.0,0.0,0.0,0.0
1761396928811905961,17973,1761396928811389424,,joint1,joint2,joint3,joint4,joint5,joint6,-0.00031403140746988356,-0.2497749775648117,-0.37337732315063477,-0.012875287793576717,-0.2141014039516449,0.835951566696167,0.0,0.0,0.0,0.0,0.0,0.0,0.0,0.0,0.0,0.0,0.0,0.0
1761396928831912091,17974,1761396928831385811,,joint1,joint2,joint3,joint4,joint5,joint6,-0.00031403140746988356,-0.2497749775648117,-0.37337732315063477,-0.012875287793576717,-0.2141014039516449,0.835951566696167,0.0,0.0,0.0,0.0,0.0,0.0,0.0,0.0,0.0,0.0,0.0,0.0
1761396928852211755,17975,1761396928851418404,,joint1,joint2,joint3,joint4,joint5,joint6,-0.00031403140746988356,-0.2497749775648117,-0.3878988027572632,-0.012875287793576717,-0.2141014039516449,0.835951566696167,0.0,0.0,0.0,0.0,0.0,0.0,0.0,0.0,0.0,0.0,0.0,0.0
1761396928872247503,17976,1761396928871374721,,joint1,joint2,joint3,joint4,joint5,joint6,-0.00031403140746988356,-0.2497749775648117,-0.40286028385162354,-0.012875287793576717,-0.2141014039516449,0.835951566696167,0.0,0.0,0.0,0.0,0.0,0.0,0.0,0.0,0.0,0.0,0.0,0.0
1761396928891867202,17977,1761396928891326314,,joint1,joint2,joint3,joint4,joint5,joint6,-0.00031403140746988356,-0.2497749775648117,-0.40286028385162354,-0.012875287793576717,-0.2141014039516449,0.835951566696167,0.0,0.0,0.0,0.0,0.0,0.0,0.0,0.0,0.0,0.0,0.0,0.0
1761396928912035547,17978,1761396928911385617,,joint1,joint2,joint3,joint4,joint5,joint6,-0.00031403140746988356,-0.2497749775648117,-0.4178217947483063,-0.012875287793576717,-0.2141014039516449,0.835951566696167,0.0,0.0,0.0,0.0,0.0,0.0,0.0,0.0,0.0,0.0,0.0,0.0
1761396928932298522,17979,1761396928931326925,,joint1,joint2,joint3,joint4,joint5,joint6,-0.00031403140746988356,-0.2497749775648117,-0.4178217947483063,-0.012875287793576717,-0.2141014039516449,0.835951566696167,0.0,0.0,0.0,0.0,0.0,0.0,0.0,0.0,0.0,0.0,0.0,0.0
1761396928952170219,17980,1761396928951381019,,joint1,joint2,joint3,joint4,joint5,joint6,-0.00031403140746988356,-0.2497749775648117,-0.43322333693504333,-0.012875287793576717,-0.2141014039516449,0.835951566696167,0.0,0.0,0.0,0.0,0.0,0.0,0.0,0.0,0.0,0.0,0.0,0.0
1761396928972296224,17981,1761396928971389032,,joint1,joint2,joint3,joint4,joint5,joint6,-0.00031403140746988356,-0.2497749775648117,-0.43322333693504333,-0.012875287793576717,-0.2141014039516449,0.835951566696167,0.0,0.0,0.0,0.0,0.0,0.0,0.0,0.0,0.0,0.0,0.0,0.0
1761396928992338607,17982,1761396928991393507,,joint1,joint2,joint3,joint4,joint5,joint6,-0.00031403140746988356,-0.2497749775648117,-0.44114410877227783,-0.012875287793576717,-0.2141014039516449,0.835951566696167,0.0,0.0,0.0,0.0,0.0,0.0,0.0,0.0,0.0,0.0,0.0,0.0
1761396929012180281,17983,1761396929011381106,,joint1,joint2,joint3,joint4,joint5,joint6,-0.00031403140746988356,-0.2497749775648117,-0.44114410877227783,-0.012875287793576717,-0.2141014039516449,0.835951566696167,0.0,0.0,0.0,0.0,0.0,0.0,0.0,0.0,0.0,0.0,0.0,0.0
1761396929032214068,17984,1761396929031335659,,joint1,joint2,joint3,joint4,joint5,joint6,-0.00031403140746988356,-0.2497749775648117,-0.4569857120513916,-0.012875287793576717,-0.2141014039516449,0.835951566696167,0.0,0.0,0.0,0.0,0.0,0.0,0.0,0.0,0.0,0.0,0.0,0.0
1761396929052345350,17985,1761396929051344917,,joint1,joint2,joint3,joint4,joint5,joint6,-0.00031403140746988356,-0.2497749775648117,-0.472827285528183,-0.012875287793576717,-0.2141014039516449,0.835951566696167,0.0,0.0,0.0,0.0,0.0,0.0,0.0,0.0,0.0,0.0,0.0,0.0
1761396929071837998,17986,1761396929071386727,,joint1,joint2,joint3,joint4,joint5,joint6,-0.00031403140746988356,-0.2497749775648117,-0.472827285528183,-0.012875287793576717,-0.2141014039516449,0.835951566696167,0.0,0.0,0.0,0.0,0.0,0.0,0.0,0.0,0.0,0.0,0.0,0.0
1761396929092037425,17987,1761396929091352137,,joint1,joint2,joint3,joint4,joint5,joint6,-0.00031403140746988356,-0.2497749775648117,-0.4895489513874054,-0.012875287793576717,-0.2141014039516449,0.835951566696167,0.0,0.0,0.0,0.0,0.0,0.0,0.0,0.0,0.0,0.0,0.0,0.0
1761396929112292322,17988,1761396929111331270,,joint1,joint2,joint3,joint4,joint5,joint6,-0.00031403140746988356,-0.2497749775648117,-0.4895489513874054,-0.012875287793576717,-0.2141014039516449,0.835951566696167,0.0,0.0,0.0,0.0,0.0,0.0,0.0,0.0,0.0,0.0,0.0,0.0
1761396929131871670,17989,1761396929131324332,,joint1,joint2,joint3,joint4,joint5,joint6,-0.00031403140746988356,-0.2497749775648117,-0.4979097843170166,-0.012875287793576717,-0.2141014039516449,0.835951566696167,0.0,0.0,0.0,0.0,0.0,0.0,0.0,0.0,0.0,0.0,0.0,0.0
1761396929151958982,17990,1761396929151382061,,joint1,joint2,joint3,joint4,joint5,joint6,-0.00031403140746988356,-0.2497749775648117,-0.4979097843170166,-0.012875287793576717,-0.2141014039516449,0.835951566696167,0.0,0.0,0.0,0.0,0.0,0.0,0.0,0.0,0.0,0.0,0.0,0.0
1761396929172192650,17991,1761396929171381376,,joint1,joint2,joint3,joint4,joint5,joint6,-0.00031403140746988356,-0.2497749775648117,-0.514631450176239,-0.012875287793576717,-0.2141014039516449,0.835951566696167,0.0,0.0,0.0,0.0,0.0,0.0,0.0,0.0,0.0,0.0,0.0,0.0
1761396929191900921,17992,1761396929191376391,,joint1,joint2,joint3,joint4,joint5,joint6,-0.00031403140746988356,-0.2497749775648117,-0.514631450176239,-0.012875287793576717,-0.2141014039516449,0.835951566696167,0.0,0.0,0.0,0.0,0.0,0.0,0.0,0.0,0.0,0.0,0.0,0.0
1761396929212201179,17993,1761396929211392183,,joint1,joint2,joint3,joint4,joint5,joint6,-0.00031403140746988356,-0.2497749775648117,-0.5317931771278381,-0.012875287793576717,-0.2141014039516449,0.835951566696167,0.0,0.0,0.0,0.0,0.0,0.0,0.0,0.0,0.0,0.0,0.0,0.0
1761396929232238118,17994,1761396929231323302,,joint1,joint2,joint3,joint4,joint5,joint6,-0.00031403140746988356,-0.2497749775648117,-0.5489549040794373,-0.012875287793576717,-0.2141014039516449,0.835951566696167,0.0,0.0,0.0,0.0,0.0,0.0,0.0,0.0,0.0,0.0,0.0,0.0
1761396929251918300,17995,1761396929251388331,,joint1,joint2,joint3,joint4,joint5,joint6,-0.00031403140746988356,-0.2497749775648117,-0.5489549040794373,-0.012875287793576717,-0.2141014039516449,0.835951566696167,0.0,0.0,0.0,0.0,0.0,0.0,0.0,0.0,0.0,0.0,0.0,0.0
1761396929272008249,17996,1761396929271374381,,joint1,joint2,joint3,joint4,joint5,joint6,-0.00031403140746988356,-0.2497749775648117,-0.5581958293914795,-0.012875287793576717,-0.2141014039516449,0.835951566696167,0.0,0.0,0.0,0.0,0.0,0.0,0.0,0.0,0.0,0.0,0.0,0.0
1761396929292044524,17997,1761396929291343870,,joint1,joint2,joint3,joint4,joint5,joint6,-0.00031403140746988356,-0.2497749775648117,-0.5581958293914795,-0.012875287793576717,-0.2141014039516449,0.835951566696167,0.0,0.0,0.0,0.0,0.0,0.0,0.0,0.0,0.0,0.0,0.0,0.0
1761396929312244563,17998,1761396929311383477,,joint1,joint2,joint3,joint4,joint5,joint6,-0.00031403140746988356,-0.2497749775648117,-0.5762376189231873,-0.012875287793576717,-0.2141014039516449,0.835951566696167,0.0,0.0,0.0,0.0,0.0,0.0,0.0,0.0,0.0,0.0,0.0,0.0
1761396929331890092,17999,1761396929331347300,,joint1,joint2,joint3,joint4,joint5,joint6,-0.00031403140746988356,-0.2497749775648117,-0.5762376189231873,-0.012875287793576717,-0.2141014039516449,0.835951566696167,0.0,0.0,0.0,0.0,0.0,0.0,0.0,0.0,0.0,0.0,0.0,0.0
1761396929352165198,18000,1761396929351348171,,joint1,joint2,joint3,joint4,joint5,joint6,-0.00031403140746988356,-0.2497749775648117,-0.594279408454895,-0.012875287793576717,-0.2141014039516449,0.835951566696167,0.0,0.0,0.0,0.0,0.0,0.0,0.0,0.0,0.0,0.0,0.0,0.0
1761396929371868148,18001,1761396929371347993,,joint1,joint2,joint3,joint4,joint5,joint6,-0.00031403140746988356,-0.2497749775648117,-0.594279408454895,-0.012875287793576717,-0.2141014039516449,0.835951566696167,0.0,0.0,0.0,0.0,0.0,0.0,0.0,0.0,0.0,0.0,0.0,0.0
1761396929392143241,18002,1761396929391326328,,joint1,joint2,joint3,joint4,joint5,joint6,-0.00031403140746988356,-0.2497749775648117,-0.6127612590789795,-0.012875287793576717,-0.2141014039516449,0.835951566696167,0.0,0.0,0.0,0.0,0.0,0.0,0.0,0.0,0.0,0.0,0.0,0.0
1761396929411921528,18003,1761396929411383551,,joint1,joint2,joint3,joint4,joint5,joint6,-0.00031403140746988356,-0.2497749775648117,-0.6321232318878174,-0.012875287793576717,-0.2141014039516449,0.835951566696167,0.0,0.0,0.0,0.0,0.0,0.0,0.0,0.0,0.0,0.0,0.0,0.0
1761396929432040445,18004,1761396929431339959,,joint1,joint2,joint3,joint4,joint5,joint6,-0.00031403140746988356,-0.2497749775648117,-0.6321232318878174,-0.012875287793576717,-0.2141014039516449,0.835951566696167,0.0,0.0,0.0,0.0,0.0,0.0,0.0,0.0,0.0,0.0,0.0,0.0
1761396929452014785,18005,1761396929451388161,,joint1,joint2,joint3,joint4,joint5,joint6,-0.00031403140746988356,-0.2497749775648117,-0.6413641571998596,-0.012875287793576717,-0.2141014039516449,0.835951566696167,0.0,0.0,0.0,0.0,0.0,0.0,0.0,0.0,0.0,0.0,0.0,0.0
1761396929472131232,18006,1761396929471333624,,joint1,joint2,joint3,joint4,joint5,joint6,-0.00031403140746988356,-0.2497749775648117,-0.6413641571998596,-0.012875287793576717,-0.2141014039516449,0.835951566696167,0.0,0.0,0.0,0.0,0.0,0.0,0.0,0.0,0.0,0.0,0.0,0.0
1761396929491873237,18007,1761396929491328074,,joint1,joint2,joint3,joint4,joint5,joint6,-0.00031403140746988356,-0.2497749775648117,-0.6607260704040527,-0.012875287793576717,-0.2141014039516449,0.835951566696167,0.0,0.0,0.0,0.0,0.0,0.0,0.0,0.0,0.0,0.0,0.0,0.0
1761396929511944602,18008,1761396929511341335,,joint1,joint2,joint3,joint4,joint5,joint6,-0.00031403140746988356,-0.2497749775648117,-0.6607260704040527,-0.012875287793576717,-0.2141014039516449,0.835951566696167,0.0,0.0,0.0,0.0,0.0,0.0,0.0,0.0,0.0,0.0,0.0,0.0
1761396929532151166,18009,1761396929531331007,,joint1,joint2,joint3,joint4,joint5,joint6,-0.00031403140746988356,-0.2497749775648117,-0.6805280447006226,-0.012875287793576717,-0.2141014039516449,0.835951566696167,0.0,0.0,0.0,0.0,0.0,0.0,0.0,0.0,0.0,0.0,0.0,0.0
1761396929551893903,18010,1761396929551347320,,joint1,joint2,joint3,joint4,joint5,joint6,-0.00031403140746988356,-0.2497749775648117,-0.6805280447006226,-0.012875287793576717,-0.2141014039516449,0.835951566696167,0.0,0.0,0.0,0.0,0.0,0.0,0.0,0.0,0.0,0.0,0.0,0.0
1761396929571826190,18011,1761396929571325815,,joint1,joint2,joint3,joint4,joint5,joint6,-0.00031403140746988356,-0.2497749775648117,-0.7003300189971924,-0.012875287793576717,-0.2141014039516449,0.835951566696167,0.0,0.0,0.0,0.0,0.0,0.0,0.0,0.0,0.0,0.0,0.0,0.0
1761396929591826607,18012,1761396929591354735,,joint1,joint2,joint3,joint4,joint5,joint6,-0.00031403140746988356,-0.2497749775648117,-0.7003300189971924,-0.012875287793576717,-0.2141014039516449,0.835951566696167,0.0,0.0,0.0,0.0,0.0,0.0,0.0,0.0,0.0,0.0,0.0,0.0
1761396929612166834,18013,1761396929611381432,,joint1,joint2,joint3,joint4,joint5,joint6,-0.00031403140746988356,-0.2497749775648117,-0.7003300189971924,-0.012875287793576717,-0.2141014039516449,0.835951566696167,0.0,0.0,0.0,0.0,0.0,0.0,0.0,0.0,0.0,0.0,0.0,0.0
1761396929632333838,18014,1761396929631375434,,joint1,joint2,joint3,joint4,joint5,joint6,-0.00031403140746988356,-0.2497749775648117,-0.7003300189971924,-0.012875287793576717,-0.2141014039516449,0.835951566696167,0.0,0.0,0.0,0.0,0.0,0.0,0.0,0.0,0.0,0.0,0.0,0.0
1761396929651852022,18015,1761396929651330414,,joint1,joint2,joint3,joint4,joint5,joint6,-0.00031403140746988356,-0.2497749775648117,-0.7003300189971924,-0.012875287793576717,-0.2141014039516449,0.835951566696167,0.0,0.0,0.0,0.0,0.0,0.0,0.0,0.0,0.0,0.0,0.0,0.0
1761396929671866690,18016,1761396929671381196,,joint1,joint2,joint3,joint4,joint5,joint6,-0.00031403140746988356,-0.2497749775648117,-0.7003300189971924,-0.012875287793576717,-0.2141014039516449,0.835951566696167,0.0,0.0,0.0,0.0,0.0,0.0,0.0,0.0,0.0,0.0,0.0,0.0
1761396929691886621,18017,1761396929691391127,,joint1,joint2,joint3,joint4,joint5,joint6,-0.00031403140746988356,-0.2497749775648117,-0.7003300189971924,-0.012875287793576717,-0.2141014039516449,0.835951566696167,0.0,0.0,0.0,0.0,0.0,0.0,0.0,0.0,0.0,0.0,0.0,0.0
1761396929712211273,18018,1761396929711330748,,joint1,joint2,joint3,joint4,joint5,joint6,-0.00031403140746988356,-0.2497749775648117,-0.7003300189971924,-0.012875287793576717,-0.2141014039516449,0.835951566696167,0.0,0.0,0.0,0.0,0.0,0.0,0.0,0.0,0.0,0.0,0.0,0.0
1761396929732291369,18019,1761396929731334543,,joint1,joint2,joint3,joint4,joint5,joint6,-0.00031403140746988356,-0.2497749775648117,-0.7003300189971924,-0.012875287793576717,-0.2141014039516449,0.835951566696167,0.0,0.0,0.0,0.0,0.0,0.0,0.0,0.0,0.0,0.0,0.0,0.0
1761396929751930491,18020,1761396929751381722,,joint1,joint2,joint3,joint4,joint5,joint6,-0.00031403140746988356,-0.2497749775648117,-0.7003300189971924,-0.012875287793576717,-0.2141014039516449,0.835951566696167,0.0,0.0,0.0,0.0,0.0,0.0,0.0,0.0,0.0,0.0,0.0,0.0
1761396929772225816,18021,1761396929771327538,,joint1,joint2,joint3,joint4,joint5,joint6,-0.00031403140746988356,-0.2497749775648117,-0.7003300189971924,-0.012875287793576717,-0.2141014039516449,0.835951566696167,0.0,0.0,0.0,0.0,0.0,0.0,0.0,0.0,0.0,0.0,0.0,0.0
1761396929791932183,18022,1761396929791383951,,joint1,joint2,joint3,joint4,joint5,joint6,-0.00031403140746988356,-0.2497749775648117,-0.7003300189971924,-0.012875287793576717,-0.2141014039516449,0.835951566696167,0.0,0.0,0.0,0.0,0.0,0.0,0.0,0.0,0.0,0.0,0.0,0.0
1761396929811858002,18023,1761396929811369540,,joint1,joint2,joint3,joint4,joint5,joint6,-0.00031403140746988356,-0.2497749775648117,-0.7003300189971924,-0.012875287793576717,-0.2141014039516449,0.835951566696167,0.0,0.0,0.0,0.0,0.0,0.0,0.0,0.0,0.0,0.0,0.0,0.0
1761396929832339565,18024,1761396929831364996,,joint1,joint2,joint3,joint4,joint5,joint6,-0.00031403140746988356,-0.2497749775648117,-0.7003300189971924,-0.012875287793576717,-0.2141014039516449,0.835951566696167,0.0,0.0,0.0,0.0,0.0,0.0,0.0,0.0,0.0,0.0,0.0,0.0
1761396929852081497,18025,1761396929851327546,,joint1,joint2,joint3,joint4,joint5,joint6,-0.00031403140746988356,-0.2497749775648117,-0.7003300189971924,-0.012875287793576717,-0.2141014039516449,0.835951566696167,0.0,0.0,0.0,0.0,0.0,0.0,0.0,0.0,0.0,0.0,0.0,0.0
1761396929871922927,18026,1761396929871382053,,joint1,joint2,joint3,joint4,joint5,joint6,-0.00031403140746988356,-0.2497749775648117,-0.7003300189971924,-0.012875287793576717,-0.2141014039516449,0.835951566696167,0.0,0.0,0.0,0.0,0.0,0.0,0.0,0.0,0.0,0.0,0.0,0.0
1761396929891896749,18027,1761396929891375781,,joint1,joint2,joint3,joint4,joint5,joint6,-0.00031403140746988356,-0.2497749775648117,-0.7003300189971924,-0.012875287793576717,-0.2141014039516449,0.835951566696167,0.0,0.0,0.0,0.0,0.0,0.0,0.0,0.0,0.0,0.0,0.0,0.0
1761396929912250092,18028,1761396929911322218,,joint1,joint2,joint3,joint4,joint5,joint6,-0.00031403140746988356,-0.2497749775648117,-0.7003300189971924,-0.012875287793576717,-0.2141014039516449,0.835951566696167,0.0,0.0,0.0,0.0,0.0,0.0,0.0,0.0,0.0,0.0,0.0,0.0
1761396929932334207,18029,1761396929931332462,,joint1,joint2,joint3,joint4,joint5,joint6,-0.00031403140746988356,-0.2497749775648117,-0.7003300189971924,-0.012875287793576717,-0.2141014039516449,0.835951566696167,0.0,0.0,0.0,0.0,0.0,0.0,0.0,0.0,0.0,0.0,0.0,0.0
1761396929952057162,18030,1761396929951384350,,joint1,joint2,joint3,joint4,joint5,joint6,-0.00031403140746988356,-0.2497749775648117,-0.7003300189971924,-0.012875287793576717,-0.2141014039516449,0.835951566696167,0.0,0.0,0.0,0.0,0.0,0.0,0.0,0.0,0.0,0.0,0.0,0.0
1761396929971912572,18031,1761396929971386936,,joint1,joint2,joint3,joint4,joint5,joint6,-0.00031403140746988356,-0.2497749775648117,-0.7003300189971924,-0.012875287793576717,-0.2141014039516449,0.835951566696167,0.0,0.0,0.0,0.0,0.0,0.0,0.0,0.0,0.0,0.0,0.0,0.0
1761396929992275179,18032,1761396929991374313,,joint1,joint2,joint3,joint4,joint5,joint6,-0.00031403140746988356,-0.2497749775648117,-0.7003300189971924,-0.012875287793576717,-0.2141014039516449,0.835951566696167,0.0,0.0,0.0,0.0,0.0,0.0,0.0,0.0,0.0,0.0,0.0,0.0
1761396930011924999,18033,1761396930011381476,,joint1,joint2,joint3,joint4,joint5,joint6,-0.00031403140746988356,-0.2497749775648117,-0.7003300189971924,-0.012875287793576717,-0.2141014039516449,0.835951566696167,0.0,0.0,0.0,0.0,0.0,0.0,0.0,0.0,0.0,0.0,0.0,0.0
1761396930032153014,18034,1761396930031380008,,joint1,joint2,joint3,joint4,joint5,joint6,-0.00031403140746988356,-0.2497749775648117,-0.7003300189971924,-0.012875287793576717,-0.2141014039516449,0.835951566696167,0.0,0.0,0.0,0.0,0.0,0.0,0.0,0.0,0.0,0.0,0.0,0.0
1761396930052218970,18035,1761396930051380157,,joint1,joint2,joint3,joint4,joint5,joint6,-0.00031403140746988356,-0.2497749775648117,-0.7003300189971924,-0.012875287793576717,-0.2141014039516449,0.835951566696167,0.0,0.0,0.0,0.0,0.0,0.0,0.0,0.0,0.0,0.0,0.0,0.0
1761396930071872523,18036,1761396930071321474,,joint1,joint2,joint3,joint4,joint5,joint6,-0.00031403140746988356,-0.2497749775648117,-0.7003300189971924,-0.012875287793576717,-0.2141014039516449,0.835951566696167,0.0,0.0,0.0,0.0,0.0,0.0,0.0,0.0,0.0,0.0,0.0,0.0
1761396930092172649,18037,1761396930091335864,,joint1,joint2,joint3,joint4,joint5,joint6,-0.00031403140746988356,-0.2497749775648117,-0.7003300189971924,-0.012875287793576717,-0.2141014039516449,0.835951566696167,0.0,0.0,0.0,0.0,0.0,0.0,0.0,0.0,0.0,0.0,0.0,0.0
1761396930111979728,18038,1761396930111374259,,joint1,joint2,joint3,joint4,joint5,joint6,-0.00031403140746988356,-0.2497749775648117,-0.7003300189971924,-0.012875287793576717,-0.2141014039516449,0.835951566696167,0.0,0.0,0.0,0.0,0.0,0.0,0.0,0.0,0.0,0.0,0.0,0.0
1761396930132289622,18039,1761396930131335704,,joint1,joint2,joint3,joint4,joint5,joint6,-0.00031403140746988356,-0.2497749775648117,-0.7003300189971924,-0.012875287793576717,-0.2141014039516449,0.835951566696167,0.0,0.0,0.0,0.0,0.0,0.0,0.0,0.0,0.0,0.0,0.0,0.0
1761396930152426149,18040,1761396930151375012,,joint1,joint2,joint3,joint4,joint5,joint6,-0.00031403140746988356,-0.2497749775648117,-0.7003300189971924,-0.012875287793576717,-0.2141014039516449,0.835951566696167,0.0,0.0,0.0,0.0,0.0,0.0,0.0,0.0,0.0,0.0,0.0,0.0
1761396930171974216,18041,1761396930171385249,,joint1,joint2,joint3,joint4,joint5,joint6,-0.00031403140746988356,-0.2497749775648117,-0.6998900175094604,-0.012875287793576717,-0.2141014039516449,0.835951566696167,0.0,0.0,0.0,0.0,0.0,0.0,0.0,0.0,0.0,0.0,0.0,0.0
1761396930192221683,18042,1761396930191381623,,joint1,joint2,joint3,joint4,joint5,joint6,-0.00031403140746988356,-0.2497749775648117,-0.6998900175094604,-0.012875287793576717,-0.2141014039516449,0.835951566696167,0.0,0.0,0.0,0.0,0.0,0.0,0.0,0.0,0.0,0.0,0.0,0.0
1761396930211870044,18043,1761396930211329804,,joint1,joint2,joint3,joint4,joint5,joint6,-0.00031403140746988356,-0.2497749775648117,-0.699009895324707,-0.012875287793576717,-0.2141014039516449,0.835951566696167,0.0,0.0,0.0,0.0,0.0,0.0,0.0,0.0,0.0,0.0,0.0,0.0
1761396930232195238,18044,1761396930231335596,,joint1,joint2,joint3,joint4,joint5,joint6,-0.00031403140746988356,-0.2497749775648117,-0.699009895324707,-0.012875287793576717,-0.2141014039516449,0.835951566696167,0.0,0.0,0.0,0.0,0.0,0.0,0.0,0.0,0.0,0.0,0.0,0.0
1761396930253436554,18045,1761396930251336365,,joint1,joint2,joint3,joint4,joint5,joint6,-0.00031403140746988356,-0.2497749775648117,-0.6981298327445984,-0.012875287793576717,-0.2141014039516449,0.835951566696167,0.0,0.0,0.0,0.0,0.0,0.0,0.0,0.0,0.0,0.0,0.0,0.0
1761396930272217819,18046,1761396930271337101,,joint1,joint2,joint3,joint4,joint5,joint6,-0.00031403140746988356,-0.2497749775648117,-0.6981298327445984,-0.012875287793576717,-0.2141014039516449,0.835951566696167,0.0,0.0,0.0,0.0,0.0,0.0,0.0,0.0,0.0,0.0,0.0,0.0
1761396930291724619,18047,1761396930291371371,,joint1,joint2,joint3,joint4,joint5,joint6,-0.00031403140746988356,-0.2497749775648117,-0.697249710559845,-0.012875287793576717,-0.2141014039516449,0.835951566696167,0.0,0.0,0.0,0.0,0.0,0.0,0.0,0.0,0.0,0.0,0.0,0.0
1761396930312316370,18048,1761396930311361510,,joint1,joint2,joint3,joint4,joint5,joint6,-0.00031403140746988356,-0.2497749775648117,-0.6959295868873596,-0.012875287793576717,-0.2141014039516449,0.835951566696167,0.0,0.0,0.0,0.0,0.0,0.0,0.0,0.0,0.0,0.0,0.0,0.0
1761396930331869734,18049,1761396930331380178,,joint1,joint2,joint3,joint4,joint5,joint6,-0.00031403140746988356,-0.2497749775648117,-0.6959295868873596,-0.012875287793576717,-0.2141014039516449,0.835951566696167,0.0,0.0,0.0,0.0,0.0,0.0,0.0,0.0,0.0,0.0,0.0,0.0
1761396930352010330,18050,1761396930351394229,,joint1,joint2,joint3,joint4,joint5,joint6,-0.00031403140746988356,-0.2497749775648117,-0.6946094632148743,-0.012875287793576717,-0.2141014039516449,0.835951566696167,0.0,0.0,0.0,0.0,0.0,0.0,0.0,0.0,0.0,0.0,0.0,0.0
1761396930371975262,18051,1761396930371381656,,joint1,joint2,joint3,joint4,joint5,joint6,-0.00031403140746988356,-0.2497749775648117,-0.6946094632148743,-0.012875287793576717,-0.2141014039516449,0.835951566696167,0.0,0.0,0.0,0.0,0.0,0.0,0.0,0.0,0.0,0.0,0.0,0.0
1761396930392259988,18052,1761396930391329691,,joint1,joint2,joint3,joint4,joint5,joint6,-0.00031403140746988356,-0.2497749775648117,-0.6932893395423889,-0.012875287793576717,-0.2141014039516449,0.835951566696167,0.0,0.0,0.0,0.0,0.0,0.0,0.0,0.0,0.0,0.0,0.0,0.0
1761396930411922739,18053,1761396930411383512,,joint1,joint2,joint3,joint4,joint5,joint6,-0.00031403140746988356,-0.2497749775648117,-0.6932893395423889,-0.012875287793576717,-0.2141014039516449,0.835951566696167,0.0,0.0,0.0,0.0,0.0,0.0,0.0,0.0,0.0,0.0,0.0,0.0
1761396930432139390,18054,1761396930431326373,,joint1,joint2,joint3,joint4,joint5,joint6,-0.00031403140746988356,-0.2497749775648117,-0.6910890936851501,-0.012875287793576717,-0.2141014039516449,0.835951566696167,0.0,0.0,0.0,0.0,0.0,0.0,0.0,0.0,0.0,0.0,0.0,0.0
1761396930452420197,18055,1761396930451325834,,joint1,joint2,joint3,joint4,joint5,joint6,-0.00031403140746988356,-0.2497749775648117,-0.6910890936851501,-0.012875287793576717,-0.2141014039516449,0.835951566696167,0.0,0.0,0.0,0.0,0.0,0.0,0.0,0.0,0.0,0.0,0.0,0.0
1761396930472280846,18056,1761396930471330985,,joint1,joint2,joint3,joint4,joint5,joint6,-0.00031403140746988356,-0.2497749775648117,-0.6888889074325562,-0.012875287793576717,-0.2141014039516449,0.835951566696167,0.0,0.0,0.0,0.0,0.0,0.0,0.0,0.0,0.0,0.0,0.0,0.0
1761396930492255680,18057,1761396930491329778,,joint1,joint2,joint3,joint4,joint5,joint6,-0.00031403140746988356,-0.2497749775648117,-0.6858085989952087,-0.012875287793576717,-0.2141014039516449,0.835951566696167,0.0,0.0,0.0,0.0,0.0,0.0,0.0,0.0,0.0,0.0,0.0,0.0
1761396930511920384,18058,1761396930511385400,,joint1,joint2,joint3,joint4,joint5,joint6,-0.00031403140746988356,-0.2497749775648117,-0.6858085989952087,-0.012875287793576717,-0.2141014039516449,0.835951566696167,0.0,0.0,0.0,0.0,0.0,0.0,0.0,0.0,0.0,0.0,0.0,0.0
1761396930531898999,18059,1761396930531332158,,joint1,joint2,joint3,joint4,joint5,joint6,-0.00031403140746988356,-0.2497749775648117,-0.6844884753227234,-0.012875287793576717,-0.2141014039516449,0.835951566696167,0.0,0.0,0.0,0.0,0.0,0.0,0.0,0.0,0.0,0.0,0.0,0.0
1761396930551876394,18060,1761396930551381352,,joint1,joint2,joint3,joint4,joint5,joint6,-0.00031403140746988356,-0.2497749775648117,-0.6844884753227234,-0.012875287793576717,-0.2141014039516449,0.835951566696167,0.0,0.0,0.0,0.0,0.0,0.0,0.0,0.0,0.0,0.0,0.0,0.0
1761396930572347309,18061,1761396930571373594,,joint1,joint2,joint3,joint4,joint5,joint6,-0.00031403140746988356,-0.2497749775648117,-0.681408166885376,-0.012875287793576717,-0.2141014039516449,0.835951566696167,0.0,0.0,0.0,0.0,0.0,0.0,0.0,0.0,0.0,0.0,0.0,0.0
1761396930592229477,18062,1761396930591383224,,joint1,joint2,joint3,joint4,joint5,joint6,-0.00031403140746988356,-0.2497749775648117,-0.681408166885376,-0.012875287793576717,-0.2141014039516449,0.835951566696167,0.0,0.0,0.0,0.0,0.0,0.0,0.0,0.0,0.0,0.0,0.0,0.0
1761396930612381585,18063,1761396930611383614,,joint1,joint2,joint3,joint4,joint5,joint6,-0.00031403140746988356,-0.2497749775648117,-0.6778877973556519,-0.012875287793576717,-0.2141014039516449,0.835951566696167,0.0,0.0,0.0,0.0,0.0,0.0,0.0,0.0,0.0,0.0,0.0,0.0
1761396930631956521,18064,1761396930631337968,,joint1,joint2,joint3,joint4,joint5,joint6,-0.00031403140746988356,-0.2497749775648117,-0.6778877973556519,-0.012875287793576717,-0.2141014039516449,0.835951566696167,0.0,0.0,0.0,0.0,0.0,0.0,0.0,0.0,0.0,0.0,0.0,0.0
1761396930652007012,18065,1761396930651386512,,joint1,joint2,joint3,joint4,joint5,joint6,-0.00031403140746988356,-0.2497749775648117,-0.673927366733551,-0.012875287793576717,-0.2141014039516449,0.835951566696167,0.0,0.0,0.0,0.0,0.0,0.0,0.0,0.0,0.0,0.0,0.0,0.0
1761396930671852719,18066,1761396930671337878,,joint1,joint2,joint3,joint4,joint5,joint6,-0.00031403140746988356,-0.2497749775648117,-0.6721672415733337,-0.012875287793576717,-0.2141014039516449,0.835951566696167,0.0,0.0,0.0,0.0,0.0,0.0,0.0,0.0,0.0,0.0,0.0,0.0
1761396930692360323,18067,1761396930691383699,,joint1,joint2,joint3,joint4,joint5,joint6,-0.00031403140746988356,-0.2497749775648117,-0.6721672415733337,-0.012875287793576717,-0.2141014039516449,0.835951566696167,0.0,0.0,0.0,0.0,0.0,0.0,0.0,0.0,0.0,0.0,0.0,0.0
1761396930711742961,18068,1761396930711376328,,joint1,joint2,joint3,joint4,joint5,joint6,-0.00031403140746988356,-0.2497749775648117,-0.6677667498588562,-0.012875287793576717,-0.2141014039516449,0.835951566696167,0.0,0.0,0.0,0.0,0.0,0.0,0.0,0.0,0.0,0.0,0.0,0.0
1761396930731909927,18069,1761396930731362166,,joint1,joint2,joint3,joint4,joint5,joint6,-0.00031403140746988356,-0.2497749775648117,-0.6677667498588562,-0.012875287793576717,-0.2141014039516449,0.835951566696167,0.0,0.0,0.0,0.0,0.0,0.0,0.0,0.0,0.0,0.0,0.0,0.0
1761396930752191136,18070,1761396930751382973,,joint1,joint2,joint3,joint4,joint5,joint6,-0.00031403140746988356,-0.2497749775648117,-0.6629263162612915,-0.012875287793576717,-0.2141014039516449,0.835951566696167,0.0,0.0,0.0,0.0,0.0,0.0,0.0,0.0,0.0,0.0,0.0,0.0
1761396930772308136,18071,1761396930771329672,,joint1,joint2,joint3,joint4,joint5,joint6,-0.00031403140746988356,-0.2497749775648117,-0.6629263162612915,-0.012875287793576717,-0.2141014039516449,0.835951566696167,0.0,0.0,0.0,0.0,0.0,0.0,0.0,0.0,0.0,0.0,0.0,0.0
1761396930792114705,18072,1761396930791381284,,joint1,joint2,joint3,joint4,joint5,joint6,-0.00031403140746988356,-0.2497749775648117,-0.658525824546814,-0.012875287793576717,-0.2141014039516449,0.835951566696167,0.0,0.0,0.0,0.0,0.0,0.0,0.0,0.0,0.0,0.0,0.0,0.0
1761396930812463123,18073,1761396930811371144,,joint1,joint2,joint3,joint4,joint5,joint6,-0.00031403140746988356,-0.2497749775648117,-0.658525824546814,-0.012875287793576717,-0.2141014039516449,0.835951566696167,0.0,0.0,0.0,0.0,0.0,0.0,0.0,0.0,0.0,0.0,0.0,0.0
1761396930832190139,18074,1761396930831382536,,joint1,joint2,joint3,joint4,joint5,joint6,-0.00031403140746988356,-0.2497749775648117,-0.6532453298568726,-0.012875287793576717,-0.2141014039516449,0.835951566696167,0.0,0.0,0.0,0.0,0.0,0.0,0.0,0.0,0.0,0.0,0.0,0.0
1761396930852206728,18075,1761396930851373633,,joint1,joint2,joint3,joint4,joint5,joint6,-0.00031403140746988356,-0.2497749775648117,-0.6506050825119019,-0.012875287793576717,-0.2141014039516449,0.835951566696167,0.0,0.0,0.0,0.0,0.0,0.0,0.0,0.0,0.0,0.0,0.0,0.0
1761396930872126049,18076,1761396930871358051,,joint1,joint2,joint3,joint4,joint5,joint6,-0.00031403140746988356,-0.2497749775648117,-0.6506050825119019,-0.012875287793576717,-0.2141014039516449,0.835951566696167,0.0,0.0,0.0,0.0,0.0,0.0,0.0,0.0,0.0,0.0,0.0,0.0
1761396930892364522,18077,1761396930891357689,,joint1,joint2,joint3,joint4,joint5,joint6,-0.00031403140746988356,-0.2497749775648117,-0.6453245282173157,-0.012875287793576717,-0.2141014039516449,0.835951566696167,0.0,0.0,0.0,0.0,0.0,0.0,0.0,0.0,0.0,0.0,0.0,0.0
1761396930912153276,18078,1761396930911341317,,joint1,joint2,joint3,joint4,joint5,joint6,-0.00031403140746988356,-0.2497749775648117,-0.6453245282173157,-0.012875287793576717,-0.2141014039516449,0.835951566696167,0.0,0.0,0.0,0.0,0.0,0.0,0.0,0.0,0.0,0.0,0.0,0.0
1761396930932291493,18079,1761396930931320723,,joint1,joint2,joint3,joint4,joint5,joint6,-0.00031403140746988356,-0.2497749775648117,-0.6391639113426208,-0.012875287793576717,-0.2141014039516449,0.835951566696167,0.0,0.0,0.0,0.0,0.0,0.0,0.0,0.0,0.0,0.0,0.0,0.0
1761396930952268911,18080,1761396930951321231,,joint1,joint2,joint3,joint4,joint5,joint6,-0.00031403140746988356,-0.2497749775648117,-0.6391639113426208,-0.012875287793576717,-0.2141014039516449,0.835951566696167,0.0,0.0,0.0,0.0,0.0,0.0,0.0,0.0,0.0,0.0,0.0,0.0
1761396930972179037,18081,1761396930971327378,,joint1,joint2,joint3,joint4,joint5,joint6,-0.00031403140746988356,-0.2497749775648117,-0.6334433555603027,-0.012875287793576717,-0.2141014039516449,0.835951566696167,0.0,0.0,0.0,0.0,0.0,0.0,0.0,0.0,0.0,0.0,0.0,0.0
1761396930991825653,18082,1761396930991328410,,joint1,joint2,joint3,joint4,joint5,joint6,-0.00031403140746988356,-0.2497749775648117,-0.6334433555603027,-0.012875287793576717,-0.2141014039516449,0.835951566696167,0.0,0.0,0.0,0.0,0.0,0.0,0.0,0.0,0.0,0.0,0.0,0.0
1761396931012130761,18083,1761396931011381720,,joint1,joint2,joint3,joint4,joint5,joint6,-0.00031403140746988356,-0.2497749775648117,-0.6303630471229553,-0.012875287793576717,-0.2141014039516449,0.835951566696167,0.0,0.0,0.0,0.0,0.0,0.0,0.0,0.0,0.0,0.0,0.0,0.0
1761396931032193891,18084,1761396931031326131,,joint1,joint2,joint3,joint4,joint5,joint6,-0.00031403140746988356,-0.2497749775648117,-0.6237623691558838,-0.012875287793576717,-0.2141014039516449,0.835951566696167,0.0,0.0,0.0,0.0,0.0,0.0,0.0,0.0,0.0,0.0,0.0,0.0
1761396931052003764,18085,1761396931051325000,,joint1,joint2,joint3,joint4,joint5,joint6,-0.00031403140746988356,-0.2497749775648117,-0.6237623691558838,-0.012875287793576717,-0.2141014039516449,0.835951566696167,0.0,0.0,0.0,0.0,0.0,0.0,0.0,0.0,0.0,0.0,0.0,0.0
1761396931072143818,18086,1761396931071337639,,joint1,joint2,joint3,joint4,joint5,joint6,-0.00031403140746988356,-0.2497749775648117,-0.6167216897010803,-0.012875287793576717,-0.2141014039516449,0.835951566696167,0.0,0.0,0.0,0.0,0.0,0.0,0.0,0.0,0.0,0.0,0.0,0.0
1761396931091920331,18087,1761396931091384451,,joint1,joint2,joint3,joint4,joint5,joint6,-0.00031403140746988356,-0.2497749775648117,-0.6167216897010803,-0.012875287793576717,-0.2141014039516449,0.835951566696167,0.0,0.0,0.0,0.0,0.0,0.0,0.0,0.0,0.0,0.0,0.0,0.0
1761396931112006167,18088,1761396931111384222,,joint1,joint2,joint3,joint4,joint5,joint6,-0.00031403140746988356,-0.2497749775648117,-0.6096809506416321,-0.012875287793576717,-0.2141014039516449,0.835951566696167,0.0,0.0,0.0,0.0,0.0,0.0,0.0,0.0,0.0,0.0,0.0,0.0
1761396931132113931,18089,1761396931131383870,,joint1,joint2,joint3,joint4,joint5,joint6,-0.00031403140746988356,-0.2497749775648117,-0.6096809506416321,-0.012875287793576717,-0.2141014039516449,0.835951566696167,0.0,0.0,0.0,0.0,0.0,0.0,0.0,0.0,0.0,0.0,0.0,0.0
1761396931151856561,18090,1761396931151340513,,joint1,joint2,joint3,joint4,joint5,joint6,-0.00031403140746988356,-0.2497749775648117,-0.6061606407165527,-0.012875287793576717,-0.2141014039516449,0.835951566696167,0.0,0.0,0.0,0.0,0.0,0.0,0.0,0.0,0.0,0.0,0.0,0.0
1761396931172151556,18091,1761396931171384275,,joint1,joint2,joint3,joint4,joint5,joint6,-0.00031403140746988356,-0.2497749775648117,-0.6061606407165527,-0.012875287793576717,-0.2141014039516449,0.835951566696167,0.0,0.0,0.0,0.0,0.0,0.0,0.0,0.0,0.0,0.0,0.0,0.0
1761396931192111115,18092,1761396931191388227,,joint1,joint2,joint3,joint4,joint5,joint6,-0.00031403140746988356,-0.2497749775648117,-0.5982398390769958,-0.012875287793576717,-0.2141014039516449,0.835951566696167,0.0,0.0,0.0,0.0,0.0,0.0,0.0,0.0,0.0,0.0,0.0,0.0
1761396931212277763,18093,1761396931211389355,,joint1,joint2,joint3,joint4,joint5,joint6,-0.00031403140746988356,-0.2497749775648117,-0.590319037437439,-0.012875287793576717,-0.2141014039516449,0.835951566696167,0.0,0.0,0.0,0.0,0.0,0.0,0.0,0.0,0.0,0.0,0.0,0.0
1761396931232234685,18094,1761396931231344344,,joint1,joint2,joint3,joint4,joint5,joint6,-0.00031403140746988356,-0.2497749775648117,-0.590319037437439,-0.012875287793576717,-0.2141014039516449,0.835951566696167,0.0,0.0,0.0,0.0,0.0,0.0,0.0,0.0,0.0,0.0,0.0,0.0
1761396931252326100,18095,1761396931251380300,,joint1,joint2,joint3,joint4,joint5,joint6,-0.00031403140746988356,-0.2497749775648117,-0.5815181732177734,-0.012875287793576717,-0.2141014039516449,0.835951566696167,0.0,0.0,0.0,0.0,0.0,0.0,0.0,0.0,0.0,0.0,0.0,0.0
1761396931272053198,18096,1761396931271344829,,joint1,joint2,joint3,joint4,joint5,joint6,-0.00031403140746988356,-0.2497749775648117,-0.5815181732177734,-0.012875287793576717,-0.2141014039516449,0.835951566696167,0.0,0.0,0.0,0.0,0.0,0.0,0.0,0.0,0.0,0.0,0.0,0.0
1761396931292249483,18097,1761396931291377509,,joint1,joint2,joint3,joint4,joint5,joint6,-0.00031403140746988356,-0.2497749775648117,-0.5735973715782166,-0.012875287793576717,-0.2141014039516449,0.835951566696167,0.0,0.0,0.0,0.0,0.0,0.0,0.0,0.0,0.0,0.0,0.0,0.0
1761396931312176991,18098,1761396931311381980,,joint1,joint2,joint3,joint4,joint5,joint6,-0.00031403140746988356,-0.2497749775648117,-0.5735973715782166,-0.012875287793576717,-0.2141014039516449,0.835951566696167,0.0,0.0,0.0,0.0,0.0,0.0,0.0,0.0,0.0,0.0,0.0,0.0
1761396931331843805,18099,1761396931331326781,,joint1,joint2,joint3,joint4,joint5,joint6,-0.00031403140746988356,-0.2497749775648117,-0.5696369409561157,-0.012875287793576717,-0.2141014039516449,0.835951566696167,0.0,0.0,0.0,0.0,0.0,0.0,0.0,0.0,0.0,0.0,0.0,0.0
1761396931351980245,18100,1761396931351386532,,joint1,joint2,joint3,joint4,joint5,joint6,-0.00031403140746988356,-0.2497749775648117,-0.5696369409561157,-0.012875287793576717,-0.2141014039516449,0.835951566696167,0.0,0.0,0.0,0.0,0.0,0.0,0.0,0.0,0.0,0.0,0.0,0.0
1761396931371929319,18101,1761396931371378262,,joint1,joint2,joint3,joint4,joint5,joint6,-0.00031403140746988356,-0.2497749775648117,-0.5599560141563416,-0.012875287793576717,-0.2141014039516449,0.835951566696167,0.0,0.0,0.0,0.0,0.0,0.0,0.0,0.0,0.0,0.0,0.0,0.0
1761396931392322082,18102,1761396931391419541,,joint1,joint2,joint3,joint4,joint5,joint6,-0.00031403140746988356,-0.2497749775648117,-0.5507150888442993,-0.012875287793576717,-0.2141014039516449,0.835951566696167,0.0,0.0,0.0,0.0,0.0,0.0,0.0,0.0,0.0,0.0,0.0,0.0
1761396931412125826,18103,1761396931411349276,,joint1,joint2,joint3,joint4,joint5,joint6,-0.00031403140746988356,-0.2497749775648117,-0.5507150888442993,-0.012875287793576717,-0.2141014039516449,0.835951566696167,0.0,0.0,0.0,0.0,0.0,0.0,0.0,0.0,0.0,0.0,0.0,0.0
1761396931432294371,18104,1761396931431384064,,joint1,joint2,joint3,joint4,joint5,joint6,-0.00031403140746988356,-0.2497749775648117,-0.5414741635322571,-0.012875287793576717,-0.2141014039516449,0.835951566696167,0.0,0.0,0.0,0.0,0.0,0.0,0.0,0.0,0.0,0.0,0.0,0.0
1761396931452006605,18105,1761396931451386844,,joint1,joint2,joint3,joint4,joint5,joint6,-0.00031403140746988356,-0.2497749775648117,-0.5414741635322571,-0.012875287793576717,-0.2141014039516449,0.835951566696167,0.0,0.0,0.0,0.0,0.0,0.0,0.0,0.0,0.0,0.0,0.0,0.0
1761396931472377989,18106,1761396931471353435,,joint1,joint2,joint3,joint4,joint5,joint6,-0.00031403140746988356,-0.2497749775648117,-0.5366336703300476,-0.012875287793576717,-0.2141014039516449,0.835951566696167,0.0,0.0,0.0,0.0,0.0,0.0,0.0,0.0,0.0,0.0,0.0,0.0
1761396931492335285,18107,1761396931491380270,,joint1,joint2,joint3,joint4,joint5,joint6,-0.00031403140746988356,-0.2497749775648117,-0.5366336703300476,-0.012875287793576717,-0.2141014039516449,0.835951566696167,0.0,0.0,0.0,0.0,0.0,0.0,0.0,0.0,0.0,0.0,0.0,0.0
1761396931511972933,18108,1761396931511381353,,joint1,joint2,joint3,joint4,joint5,joint6,-0.00031403140746988356,-0.2497749775648117,-0.5269526839256287,-0.012875287793576717,-0.2141014039516449,0.835951566696167,0.0,0.0,0.0,0.0,0.0,0.0,0.0,0.0,0.0,0.0,0.0,0.0
1761396931532185851,18109,1761396931531333850,,joint1,joint2,joint3,joint4,joint5,joint6,-0.00031403140746988356,-0.2497749775648117,-0.5269526839256287,-0.012875287793576717,-0.2141014039516449,0.835951566696167,0.0,0.0,0.0,0.0,0.0,0.0,0.0,0.0,0.0,0.0,0.0,0.0
1761396931551976127,18110,1761396931551408060,,joint1,joint2,joint3,joint4,joint5,joint6,-0.00031403140746988356,-0.2497749775648117,-0.5168316960334778,-0.012875287793576717,-0.2141014039516449,0.835951566696167,0.0,0.0,0.0,0.0,0.0,0.0,0.0,0.0,0.0,0.0,0.0,0.0
1761396931571927224,18111,1761396931571388850,,joint1,joint2,joint3,joint4,joint5,joint6,-0.00031403140746988356,-0.2497749775648117,-0.5058305859565735,-0.012875287793576717,-0.2141014039516449,0.835951566696167,0.0,0.0,0.0,0.0,0.0,0.0,0.0,0.0,0.0,0.0,0.0,0.0
1761396931592334850,18112,1761396931591324450,,joint1,joint2,joint3,joint4,joint5,joint6,-0.00031403140746988356,-0.2497749775648117,-0.5058305859565735,-0.012875287793576717,-0.2141014039516449,0.835951566696167,0.0,0.0,0.0,0.0,0.0,0.0,0.0,0.0,0.0,0.0,0.0,0.0
1761396931612160782,18113,1761396931611421222,,joint1,joint2,joint3,joint4,joint5,joint6,-0.00031403140746988356,-0.2497749775648117,-0.5001100301742554,-0.012875287793576717,-0.2141014039516449,0.835951566696167,0.0,0.0,0.0,0.0,0.0,0.0,0.0,0.0,0.0,0.0,0.0,0.0
1761396931632128544,18114,1761396931631358676,,joint1,joint2,joint3,joint4,joint5,joint6,-0.00031403140746988356,-0.2497749775648117,-0.5001100301742554,-0.012875287793576717,-0.2141014039516449,0.835951566696167,0.0,0.0,0.0,0.0,0.0,0.0,0.0,0.0,0.0,0.0,0.0,0.0
1761396931652255830,18115,1761396931651354663,,joint1,joint2,joint3,joint4,joint5,joint6,-0.00031403140746988356,-0.2497749775648117,-0.4895489513874054,-0.012875287793576717,-0.2141014039516449,0.835951566696167,0.0,0.0,0.0,0.0,0.0,0.0,0.0,0.0,0.0,0.0,0.0,0.0
1761396931672248949,18116,1761396931671340775,,joint1,joint2,joint3,joint4,joint5,joint6,-0.00031403140746988356,-0.2497749775648117,-0.4895489513874054,-0.012875287793576717,-0.2141014039516449,0.835951566696167,0.0,0.0,0.0,0.0,0.0,0.0,0.0,0.0,0.0,0.0,0.0,0.0
1761396931692411737,18117,1761396931691388571,,joint1,joint2,joint3,joint4,joint5,joint6,-0.00031403140746988356,-0.2497749775648117,-0.4781078100204468,-0.012875287793576717,-0.2141014039516449,0.835951566696167,0.0,0.0,0.0,0.0,0.0,0.0,0.0,0.0,0.0,0.0,0.0,0.0
1761396931712260715,18118,1761396931711345882,,joint1,joint2,joint3,joint4,joint5,joint6,-0.00031403140746988356,-0.2497749775648117,-0.4781078100204468,-0.012875287793576717,-0.2141014039516449,0.835951566696167,0.0,0.0,0.0,0.0,0.0,0.0,0.0,0.0,0.0,0.0,0.0,0.0
1761396931731941862,18119,1761396931731393208,,joint1,joint2,joint3,joint4,joint5,joint6,-0.00031403140746988356,-0.2497749775648117,-0.46622663736343384,-0.012875287793576717,-0.2141014039516449,0.835951566696167,0.0,0.0,0.0,0.0,0.0,0.0,0.0,0.0,0.0,0.0,0.0,0.0
1761396931752196129,18120,1761396931751380779,,joint1,joint2,joint3,joint4,joint5,joint6,-0.00031403140746988356,-0.2497749775648117,-0.460066020488739,-0.012875287793576717,-0.2141014039516449,0.835951566696167,0.0,0.0,0.0,0.0,0.0,0.0,0.0,0.0,0.0,0.0,0.0,0.0
1761396931772141455,18121,1761396931771345920,,joint1,joint2,joint3,joint4,joint5,joint6,-0.00031403140746988356,-0.2497749775648117,-0.460066020488739,-0.012875287793576717,-0.2141014039516449,0.835951566696167,0.0,0.0,0.0,0.0,0.0,0.0,0.0,0.0,0.0,0.0,0.0,0.0
1761396931792357643,18122,1761396931791374474,,joint1,joint2,joint3,joint4,joint5,joint6,-0.00031403140746988356,-0.2497749775648117,-0.4481848180294037,-0.012875287793576717,-0.2141014039516449,0.835951566696167,0.0,0.0,0.0,0.0,0.0,0.0,0.0,0.0,0.0,0.0,0.0,0.0
1761396931812210109,18123,1761396931811380704,,joint1,joint2,joint3,joint4,joint5,joint6,-0.00031403140746988356,-0.2497749775648117,-0.4481848180294037,-0.012875287793576717,-0.2141014039516449,0.835951566696167,0.0,0.0,0.0,0.0,0.0,0.0,0.0,0.0,0.0,0.0,0.0,0.0
1761396931832076420,18124,1761396931831397549,,joint1,joint2,joint3,joint4,joint5,joint6,-0.00031403140746988356,-0.2497749775648117,-0.43586358428001404,-0.012875287793576717,-0.2141014039516449,0.835951566696167,0.0,0.0,0.0,0.0,0.0,0.0,0.0,0.0,0.0,0.0,0.0,0.0
1761396931852417265,18125,1761396931851383728,,joint1,joint2,joint3,joint4,joint5,joint6,-0.00031403140746988356,-0.2497749775648117,-0.43586358428001404,-0.012875287793576717,-0.2141014039516449,0.835951566696167,0.0,0.0,0.0,0.0,0.0,0.0,0.0,0.0,0.0,0.0,0.0,0.0
1761396931871970933,18126,1761396931871342186,,joint1,joint2,joint3,joint4,joint5,joint6,-0.00031403140746988356,-0.2497749775648117,-0.42310231924057007,-0.012875287793576717,-0.2141014039516449,0.835951566696167,0.0,0.0,0.0,0.0,0.0,0.0,0.0,0.0,0.0,0.0,0.0,0.0
1761396931892275131,18127,1761396931891328024,,joint1,joint2,joint3,joint4,joint5,joint6,-0.00031403140746988356,-0.2497749775648117,-0.42310231924057007,-0.012875287793576717,-0.2141014039516449,0.835951566696167,0.0,0.0,0.0,0.0,0.0,0.0,0.0,0.0,0.0,0.0,0.0,0.0
1761396931912107518,18128,1761396931911380831,,joint1,joint2,joint3,joint4,joint5,joint6,-0.00031403140746988356,-0.2497749775648117,-0.4103410243988037,-0.012875287793576717,-0.2141014039516449,0.835951566696167,0.0,0.0,0.0,0.0,0.0,0.0,0.0,0.0,0.0,0.0,0.0,0.0
1761396931932210985,18129,1761396931931386234,,joint1,joint2,joint3,joint4,joint5,joint6,-0.00031403140746988356,-0.2497749775648117,-0.40374037623405457,-0.012875287793576717,-0.2141014039516449,0.835951566696167,0.0,0.0,0.0,0.0,0.0,0.0,0.0,0.0,0.0,0.0,0.0,0.0
1761396931952340699,18130,1761396931951383708,,joint1,joint2,joint3,joint4,joint5,joint6,-0.00031403140746988356,-0.2497749775648117,-0.40374037623405457,-0.012875287793576717,-0.2141014039516449,0.835951566696167,0.0,0.0,0.0,0.0,0.0,0.0,0.0,0.0,0.0,0.0,0.0,0.0
1761396931972531671,18131,1761396931971374015,,joint1,joint2,joint3,joint4,joint5,joint6,-0.00031403140746988356,-0.2497749775648117,-0.39009901881217957,-0.012875287793576717,-0.2141014039516449,0.835951566696167,0.0,0.0,0.0,0.0,0.0,0.0,0.0,0.0,0.0,0.0,0.0,0.0
1761396931992255342,18132,1761396931991383054,,joint1,joint2,joint3,joint4,joint5,joint6,-0.00031403140746988356,-0.2497749775648117,-0.39009901881217957,-0.012875287793576717,-0.2141014039516449,0.835951566696167,0.0,0.0,0.0,0.0,0.0,0.0,0.0,0.0,0.0,0.0,0.0,0.0
1761396932012378215,18133,1761396932011376118,,joint1,joint2,joint3,joint4,joint5,joint6,-0.00031403140746988356,-0.2497749775648117,-0.3764576315879822,-0.012875287793576717,-0.2141014039516449,0.835951566696167,0.0,0.0,0.0,0.0,0.0,0.0,0.0,0.0,0.0,0.0,0.0,0.0
1761396932032149976,18134,1761396932031332293,,joint1,joint2,joint3,joint4,joint5,joint6,-0.00031403140746988356,-0.2497749775648117,-0.3764576315879822,-0.012875287793576717,-0.2141014039516449,0.835951566696167,0.0,0.0,0.0,0.0,0.0,0.0,0.0,0.0,0.0,0.0,0.0,0.0
1761396932052349131,18135,1761396932051385187,,joint1,joint2,joint3,joint4,joint5,joint6,-0.00031403140746988356,-0.2497749775648117,-0.3628162741661072,-0.012875287793576717,-0.2141014039516449,0.835951566696167,0.0,0.0,0.0,0.0,0.0,0.0,0.0,0.0,0.0,0.0,0.0,0.0
1761396932072107711,18136,1761396932071378968,,joint1,joint2,joint3,joint4,joint5,joint6,-0.00031403140746988356,-0.2497749775648117,-0.3628162741661072,-0.012875287793576717,-0.2141014039516449,0.835951566696167,0.0,0.0,0.0,0.0,0.0,0.0,0.0,0.0,0.0,0.0,0.0,0.0
1761396932092357431,18137,1761396932091329508,,joint1,joint2,joint3,joint4,joint5,joint6,-0.00031403140746988356,-0.2497749775648117,-0.355335533618927,-0.012875287793576717,-0.2141014039516449,0.835951566696167,0.0,0.0,0.0,0.0,0.0,0.0,0.0,0.0,0.0,0.0,0.0,0.0
1761396932112197019,18138,1761396932111330219,,joint1,joint2,joint3,joint4,joint5,joint6,-0.00031403140746988356,-0.2497749775648117,-0.3412541151046753,-0.012875287793576717,-0.2141014039516449,0.835951566696167,0.0,0.0,0.0,0.0,0.0,0.0,0.0,0.0,0.0,0.0,0.0,0.0
1761396932132121303,18139,1761396932131384177,,joint1,joint2,joint3,joint4,joint5,joint6,-0.00031403140746988356,-0.2497749775648117,-0.3412541151046753,-0.012875287793576717,-0.2141014039516449,0.835951566696167,0.0,0.0,0.0,0.0,0.0,0.0,0.0,0.0,0.0,0.0,0.0,0.0
1761396932152153303,18140,1761396932151381514,,joint1,joint2,joint3,joint4,joint5,joint6,-0.00031403140746988356,-0.2497749775648117,-0.32629263401031494,-0.012875287793576717,-0.2141014039516449,0.835951566696167,0.0,0.0,0.0,0.0,0.0,0.0,0.0,0.0,0.0,0.0,0.0,0.0
1761396932172343378,18141,1761396932171372897,,joint1,joint2,joint3,joint4,joint5,joint6,-0.00031403140746988356,-0.2497749775648117,-0.32629263401031494,-0.012875287793576717,-0.2141014039516449,0.835951566696167,0.0,0.0,0.0,0.0,0.0,0.0,0.0,0.0,0.0,0.0,0.0,0.0
1761396932191881742,18142,1761396932191381687,,joint1,joint2,joint3,joint4,joint5,joint6,-0.00031403140746988356,-0.2497749775648117,-0.3113311231136322,-0.012875287793576717,-0.2141014039516449,0.835951566696167,0.0,0.0,0.0,0.0,0.0,0.0,0.0,0.0,0.0,0.0,0.0,0.0
1761396932212186936,18143,1761396932211382192,,joint1,joint2,joint3,joint4,joint5,joint6,-0.00031403140746988356,-0.2497749775648117,-0.3113311231136322,-0.012875287793576717,-0.2141014039516449,0.835951566696167,0.0,0.0,0.0,0.0,0.0,0.0,0.0,0.0,0.0,0.0,0.0,0.0
1761396932232184302,18144,1761396932231340993,,joint1,joint2,joint3,joint4,joint5,joint6,-0.00031403140746988356,-0.2497749775648117,-0.3034103512763977,-0.012875287793576717,-0.2141014039516449,0.835951566696167,0.0,0.0,0.0,0.0,0.0,0.0,0.0,0.0,0.0,0.0,0.0,0.0
1761396932252113123,18145,1761396932251340177,,joint1,joint2,joint3,joint4,joint5,joint6,-0.00031403140746988356,-0.2497749775648117,-0.3034103512763977,-0.012875287793576717,-0.2141014039516449,0.835951566696167,0.0,0.0,0.0,0.0,0.0,0.0,0.0,0.0,0.0,0.0,0.0,0.0
1761396932272138275,18146,1761396932271335399,,joint1,joint2,joint3,joint4,joint5,joint6,-0.00031403140746988356,-0.2497749775648117,-0.28800880908966064,-0.012875287793576717,-0.2141014039516449,0.835951566696167,0.0,0.0,0.0,0.0,0.0,0.0,0.0,0.0,0.0,0.0,0.0,0.0
1761396932292368491,18147,1761396932291374732,,joint1,joint2,joint3,joint4,joint5,joint6,-0.00031403140746988356,-0.2497749775648117,-0.27172717452049255,-0.012875287793576717,-0.2141014039516449,0.835951566696167,0.0,0.0,0.0,0.0,0.0,0.0,0.0,0.0,0.0,0.0,0.0,0.0
1761396932312438761,18148,1761396932311371531,,joint1,joint2,joint3,joint4,joint5,joint6,-0.00031403140746988356,-0.2497749775648117,-0.27172717452049255,-0.012875287793576717,-0.2141014039516449,0.835951566696167,0.0,0.0,0.0,0.0,0.0,0.0,0.0,0.0,0.0,0.0,0.0,0.0
1761396932331930386,18149,1761396932331382317,,joint1,joint2,joint3,joint4,joint5,joint6,-0.00031403140746988356,-0.2497749775648117,-0.25588560104370117,-0.012875287793576717,-0.2141014039516449,0.835951566696167,0.0,0.0,0.0,0.0,0.0,0.0,0.0,0.0,0.0,0.0,0.0,0.0
1761396932351916119,18150,1761396932351334143,,joint1,joint2,joint3,joint4,joint5,joint6,-0.00031403140746988356,-0.2497749775648117,-0.25588560104370117,-0.012875287793576717,-0.2141014039516449,0.835951566696167,0.0,0.0,0.0,0.0,0.0,0.0,0.0,0.0,0.0,0.0,0.0,0.0
1761396932372087166,18151,1761396932371341313,,joint1,joint2,joint3,joint4,joint5,joint6,-0.00031403140746988356,-0.2497749775648117,-0.23960396647453308,-0.012875287793576717,-0.2141014039516449,0.835951566696167,0.0,0.0,0.0,0.0,0.0,0.0,0.0,0.0,0.0,0.0,0.0,0.0
1761396932392085466,18152,1761396932391382152,,joint1,joint2,joint3,joint4,joint5,joint6,-0.00031403140746988356,-0.2497749775648117,-0.23960396647453308,-0.012875287793576717,-0.2141014039516449,0.835951566696167,0.0,0.0,0.0,0.0,0.0,0.0,0.0,0.0,0.0,0.0,0.0,0.0
1761396932411862316,18153,1761396932411382387,,joint1,joint2,joint3,joint4,joint5,joint6,-0.00031403140746988356,-0.2497749775648117,-0.23080308735370636,-0.012875287793576717,-0.2141014039516449,0.835951566696167,0.0,0.0,0.0,0.0,0.0,0.0,0.0,0.0,0.0,0.0,0.0,0.0
1761396932431801865,18154,1761396932431326767,,joint1,joint2,joint3,joint4,joint5,joint6,-0.00031403140746988356,-0.2497749775648117,-0.21408140659332275,-0.012875287793576717,-0.2141014039516449,0.835951566696167,0.0,0.0,0.0,0.0,0.0,0.0,0.0,0.0,0.0,0.0,0.0,0.0
1761396932452174802,18155,1761396932451326205,,joint1,joint2,joint3,joint4,joint5,joint6,-0.00031403140746988356,-0.2497749775648117,-0.21408140659332275,-0.012875287793576717,-0.2141014039516449,0.835951566696167,0.0,0.0,0.0,0.0,0.0,0.0,0.0,0.0,0.0,0.0,0.0,0.0
1761396932472010870,18156,1761396932471343458,,joint1,joint2,joint3,joint4,joint5,joint6,-0.00031403140746988356,-0.2497749775648117,-0.19735974073410034,-0.012875287793576717,-0.2141014039516449,0.835951566696167,0.0,0.0,0.0,0.0,0.0,0.0,0.0,0.0,0.0,0.0,0.0,0.0
1761396932492339659,18157,1761396932491329261,,joint1,joint2,joint3,joint4,joint5,joint6,-0.00031403140746988356,-0.2497749775648117,-0.19735974073410034,-0.012875287793576717,-0.2141014039516449,0.835951566696167,0.0,0.0,0.0,0.0,0.0,0.0,0.0,0.0,0.0,0.0,0.0,0.0
1761396932512165625,18158,1761396932511384383,,joint1,joint2,joint3,joint4,joint5,joint6,-0.00031403140746988356,-0.2497749775648117,-0.1797579824924469,-0.012875287793576717,-0.2141014039516449,0.835951566696167,0.0,0.0,0.0,0.0,0.0,0.0,0.0,0.0,0.0,0.0,0.0,0.0
1761396932531859978,18159,1761396932531383700,,joint1,joint2,joint3,joint4,joint5,joint6,-0.00031403140746988356,-0.2497749775648117,-0.1797579824924469,-0.012875287793576717,-0.2141014039516449,0.835951566696167,0.0,0.0,0.0,0.0,0.0,0.0,0.0,0.0,0.0,0.0,0.0,0.0
1761396932552066082,18160,1761396932551384479,,joint1,joint2,joint3,joint4,joint5,joint6,-0.00031403140746988356,-0.2497749775648117,-0.17095708847045898,-0.012875287793576717,-0.2141014039516449,0.835951566696167,0.0,0.0,0.0,0.0,0.0,0.0,0.0,0.0,0.0,0.0,0.0,0.0
1761396932572277566,18161,1761396932571390835,,joint1,joint2,joint3,joint4,joint5,joint6,-0.00031403140746988356,-0.2497749775648117,-0.17095708847045898,-0.012875287793576717,-0.2141014039516449,0.835951566696167,0.0,0.0,0.0,0.0,0.0,0.0,0.0,0.0,0.0,0.0,0.0,0.0
1761396932592211527,18162,1761396932591381920,,joint1,joint2,joint3,joint4,joint5,joint6,-0.00031403140746988356,-0.2497749775648117,-0.15291529893875122,-0.012875287793576717,-0.2141014039516449,0.835951566696167,0.0,0.0,0.0,0.0,0.0,0.0,0.0,0.0,0.0,0.0,0.0,0.0
1761396932612033052,18163,1761396932611319663,,joint1,joint2,joint3,joint4,joint5,joint6,-0.00031403140746988356,-0.2497749775648117,-0.13487349450588226,-0.012875287793576717,-0.2141014039516449,0.835951566696167,0.0,0.0,0.0,0.0,0.0,0.0,0.0,0.0,0.0,0.0,0.0,0.0
1761396932632300441,18164,1761396932631329805,,joint1,joint2,joint3,joint4,joint5,joint6,-0.00031403140746988356,-0.2497749775648117,-0.13487349450588226,-0.012875287793576717,-0.2141014039516449,0.835951566696167,0.0,0.0,0.0,0.0,0.0,0.0,0.0,0.0,0.0,0.0,0.0,0.0
1761396932652360983,18165,1761396932651385770,,joint1,joint2,joint3,joint4,joint5,joint6,-0.00031403140746988356,-0.2497749775648117,-0.1163916364312172,-0.012875287793576717,-0.2141014039516449,0.835951566696167,0.0,0.0,0.0,0.0,0.0,0.0,0.0,0.0,0.0,0.0,0.0,0.0
1761396932672184266,18166,1761396932671330826,,joint1,joint2,joint3,joint4,joint5,joint6,-0.00031403140746988356,-0.2497749775648117,-0.1163916364312172,-0.012875287793576717,-0.2141014039516449,0.835951566696167,0.0,0.0,0.0,0.0,0.0,0.0,0.0,0.0,0.0,0.0,0.0,0.0
1761396932691924275,18167,1761396932691380723,,joint1,joint2,joint3,joint4,joint5,joint6,-0.00031403140746988356,-0.2497749775648117,-0.10715071856975555,-0.012875287793576717,-0.2141014039516449,0.835951566696167,0.0,0.0,0.0,0.0,0.0,0.0,0.0,0.0,0.0,0.0,0.0,0.0
1761396932712172656,18168,1761396932711335574,,joint1,joint2,joint3,joint4,joint5,joint6,-0.00031403140746988356,-0.2497749775648117,-0.10715071856975555,-0.012875287793576717,-0.2141014039516449,0.835951566696167,0.0,0.0,0.0,0.0,0.0,0.0,0.0,0.0,0.0,0.0,0.0,0.0
1761396932732006473,18169,1761396932731348597,,joint1,joint2,joint3,joint4,joint5,joint6,-0.00031403140746988356,-0.2497749775648117,-0.08822882175445557,-0.012875287793576717,-0.2141014039516449,0.835951566696167,0.0,0.0,0.0,0.0,0.0,0.0,0.0,0.0,0.0,0.0,0.0,0.0
1761396932751911809,18170,1761396932751328898,,joint1,joint2,joint3,joint4,joint5,joint6,-0.00031403140746988356,-0.2497749775648117,-0.08822882175445557,-0.012875287793576717,-0.2141014039516449,0.835951566696167,0.0,0.0,0.0,0.0,0.0,0.0,0.0,0.0,0.0,0.0,0.0,0.0
1761396932772126732,18171,1761396932771384064,,joint1,joint2,joint3,joint4,joint5,joint6,-0.00031403140746988356,-0.2497749775648117,-0.06886688619852066,-0.012875287793576717,-0.2141014039516449,0.835951566696167,0.0,0.0,0.0,0.0,0.0,0.0,0.0,0.0,0.0,0.0,0.0,0.0
1761396932792289808,18172,1761396932791340425,,joint1,joint2,joint3,joint4,joint5,joint6,-0.00031403140746988356,-0.2497749775648117,-0.05918591842055321,-0.012875287793576717,-0.2141014039516449,0.835951566696167,0.0,0.0,0.0,0.0,0.0,0.0,0.0,0.0,0.0,0.0,0.0,0.0
1761396932811899413,18173,1761396932811340569,,joint1,joint2,joint3,joint4,joint5,joint6,-0.00031403140746988356,-0.2497749775648117,-0.05918591842055321,-0.012875287793576717,-0.2141014039516449,0.835951566696167,0.0,0.0,0.0,0.0,0.0,0.0,0.0,0.0,0.0,0.0,0.0,0.0
1761396932831905184,18174,1761396932831380363,,joint1,joint2,joint3,joint4,joint5,joint6,-0.00031403140746988356,-0.2497749775648117,-0.05918591842055321,-0.012875287793576717,-0.2141014039516449,0.835951566696167,0.0,0.0,0.0,0.0,0.0,0.0,0.0,0.0,0.0,0.0,0.0,0.0
1761396932852274898,18175,1761396932851321250,,joint1,joint2,joint3,joint4,joint5,joint6,-0.00031403140746988356,-0.2497749775648117,-0.05918591842055321,-0.012875287793576717,-0.2141014039516449,0.835951566696167,0.0,0.0,0.0,0.0,0.0,0.0,0.0,0.0,0.0,0.0,0.0,0.0
1761396932871982861,18176,1761396932871321496,,joint1,joint2,joint3,joint4,joint5,joint6,-0.00031403140746988356,-0.2497749775648117,-0.05918591842055321,-0.012875287793576717,-0.2141014039516449,0.835951566696167,0.0,0.0,0.0,0.0,0.0,0.0,0.0,0.0,0.0,0.0,0.0,0.0
1761396932892033237,18177,1761396932891352547,,joint1,joint2,joint3,joint4,joint5,joint6,-0.00031403140746988356,-0.2497749775648117,-0.05918591842055321,-0.012875287793576717,-0.2141014039516449,0.835951566696167,0.0,0.0,0.0,0.0,0.0,0.0,0.0,0.0,0.0,0.0,0.0,0.0
1761396932912073540,18178,1761396932911357510,,joint1,joint2,joint3,joint4,joint5,joint6,-0.00031403140746988356,-0.2497749775648117,-0.05918591842055321,-0.012875287793576717,-0.2141014039516449,0.835951566696167,0.0,0.0,0.0,0.0,0.0,0.0,0.0,0.0,0.0,0.0,0.0,0.0
1761396932932064625,18179,1761396932931359400,,joint1,joint2,joint3,joint4,joint5,joint6,-0.00031403140746988356,-0.2497749775648117,-0.05918591842055321,-0.012875287793576717,-0.2141014039516449,0.835951566696167,0.0,0.0,0.0,0.0,0.0,0.0,0.0,0.0,0.0,0.0,0.0,0.0
1761396932951896096,18180,1761396932951380606,,joint1,joint2,joint3,joint4,joint5,joint6,-0.00031403140746988356,-0.2497749775648117,-0.05918591842055321,-0.012875287793576717,-0.2141014039516449,0.835951566696167,0.0,0.0,0.0,0.0,0.0,0.0,0.0,0.0,0.0,0.0,0.0,0.0
1761396932972298642,18181,1761396932971325211,,joint1,joint2,joint3,joint4,joint5,joint6,-0.00031403140746988356,-0.2497749775648117,-0.05918591842055321,-0.012875287793576717,-0.2141014039516449,0.835951566696167,0.0,0.0,0.0,0.0,0.0,0.0,0.0,0.0,0.0,0.0,0.0,0.0
1761396932991959406,18182,1761396932991387541,,joint1,joint2,joint3,joint4,joint5,joint6,-0.00031403140746988356,-0.2497749775648117,-0.05918591842055321,-0.012875287793576717,-0.2141014039516449,0.835951566696167,0.0,0.0,0.0,0.0,0.0,0.0,0.0,0.0,0.0,0.0,0.0,0.0
1761396933011858448,18183,1761396933011348782,,joint1,joint2,joint3,joint4,joint5,joint6,-0.00031403140746988356,-0.2497749775648117,-0.05918591842055321,-0.012875287793576717,-0.2141014039516449,0.835951566696167,0.0,0.0,0.0,0.0,0.0,0.0,0.0,0.0,0.0,0.0,0.0,0.0
1761396933032138265,18184,1761396933031328879,,joint1,joint2,joint3,joint4,joint5,joint6,-0.00031403140746988356,-0.2497749775648117,-0.05918591842055321,-0.012875287793576717,-0.2141014039516449,0.835951566696167,0.0,0.0,0.0,0.0,0.0,0.0,0.0,0.0,0.0,0.0,0.0,0.0
1761396933052147659,18185,1761396933051384683,,joint1,joint2,joint3,joint4,joint5,joint6,-0.00031403140746988356,-0.2497749775648117,-0.05918591842055321,-0.012875287793576717,-0.2141014039516449,0.835951566696167,0.0,0.0,0.0,0.0,0.0,0.0,0.0,0.0,0.0,0.0,0.0,0.0
1761396933072148675,18186,1761396933071358109,,joint1,joint2,joint3,joint4,joint5,joint6,-0.00031403140746988356,-0.2497749775648117,-0.05918591842055321,-0.012875287793576717,-0.2141014039516449,0.835951566696167,0.0,0.0,0.0,0.0,0.0,0.0,0.0,0.0,0.0,0.0,0.0,0.0
1761396933091924319,18187,1761396933091379978,,joint1,joint2,joint3,joint4,joint5,joint6,-0.00031403140746988356,-0.2497749775648117,-0.05918591842055321,-0.012875287793576717,-0.2141014039516449,0.835951566696167,0.0,0.0,0.0,0.0,0.0,0.0,0.0,0.0,0.0,0.0,0.0,0.0
1761396933111962657,18188,1761396933111377205,,joint1,joint2,joint3,joint4,joint5,joint6,-0.00031403140746988356,-0.2497749775648117,-0.05918591842055321,-0.012875287793576717,-0.2141014039516449,0.835951566696167,0.0,0.0,0.0,0.0,0.0,0.0,0.0,0.0,0.0,0.0,0.0,0.0
1761396933131865248,18189,1761396933131386904,,joint1,joint2,joint3,joint4,joint5,joint6,-0.00031403140746988356,-0.2497749775648117,-0.05918591842055321,-0.012875287793576717,-0.2141014039516449,0.835951566696167,0.0,0.0,0.0,0.0,0.0,0.0,0.0,0.0,0.0,0.0,0.0,0.0
1761396933151841222,18190,1761396933151344663,,joint1,joint2,joint3,joint4,joint5,joint6,-0.00031403140746988356,-0.2497749775648117,-0.05918591842055321,-0.012875287793576717,-0.2141014039516449,0.835951566696167,0.0,0.0,0.0,0.0,0.0,0.0,0.0,0.0,0.0,0.0,0.0,0.0
1761396933172317377,18191,1761396933171327223,,joint1,joint2,joint3,joint4,joint5,joint6,-0.00031403140746988356,-0.2497749775648117,-0.05918591842055321,-0.012875287793576717,-0.2141014039516449,0.835951566696167,0.0,0.0,0.0,0.0,0.0,0.0,0.0,0.0,0.0,0.0,0.0,0.0
1761396933192254516,18192,1761396933191324509,,joint1,joint2,joint3,joint4,joint5,joint6,-0.00031403140746988356,-0.2497749775648117,-0.05918591842055321,-0.012875287793576717,-0.2141014039516449,0.835951566696167,0.0,0.0,0.0,0.0,0.0,0.0,0.0,0.0,0.0,0.0,0.0,0.0
1761396933211923002,18193,1761396933211382453,,joint1,joint2,joint3,joint4,joint5,joint6,-0.00031403140746988356,-0.2497749775648117,-0.05918591842055321,-0.012875287793576717,-0.2141014039516449,0.835951566696167,0.0,0.0,0.0,0.0,0.0,0.0,0.0,0.0,0.0,0.0,0.0,0.0
1761396933232129978,18194,1761396933231381855,,joint1,joint2,joint3,joint4,joint5,joint6,-0.00031403140746988356,-0.2497749775648117,-0.05918591842055321,-0.012875287793576717,-0.2141014039516449,0.835951566696167,0.0,0.0,0.0,0.0,0.0,0.0,0.0,0.0,0.0,0.0,0.0,0.0
1761396933251894210,18195,1761396933251382129,,joint1,joint2,joint3,joint4,joint5,joint6,-0.00031403140746988356,-0.2497749775648117,-0.05918591842055321,-0.012875287793576717,-0.2141014039516449,0.835951566696167,0.0,0.0,0.0,0.0,0.0,0.0,0.0,0.0,0.0,0.0,0.0,0.0
1761396933271994214,18196,1761396933271381048,,joint1,joint2,joint3,joint4,joint5,joint6,-0.00031403140746988356,-0.2497749775648117,-0.05918591842055321,-0.012875287793576717,-0.2141014039516449,0.835951566696167,0.0,0.0,0.0,0.0,0.0,0.0,0.0,0.0,0.0,0.0,0.0,0.0
1761396933292391470,18197,1761396933291382799,,joint1,joint2,joint3,joint4,joint5,joint6,-0.00031403140746988356,-0.2497749775648117,-0.05918591842055321,-0.012875287793576717,-0.2141014039516449,0.835951566696167,0.0,0.0,0.0,0.0,0.0,0.0,0.0,0.0,0.0,0.0,0.0,0.0
1761396933312168954,18198,1761396933311381481,,joint1,joint2,joint3,joint4,joint5,joint6,-0.00031403140746988356,-0.2497749775648117,-0.05918591842055321,-0.012875287793576717,-0.2141014039516449,0.835951566696167,0.0,0.0,0.0,0.0,0.0,0.0,0.0,0.0,0.0,0.0,0.0,0.0
1761396933331889190,18199,1761396933331330488,,joint1,joint2,joint3,joint4,joint5,joint6,-0.00031403140746988356,-0.2497749775648117,-0.05918591842055321,-0.012875287793576717,-0.2141014039516449,0.835951566696167,0.0,0.0,0.0,0.0,0.0,0.0,0.0,0.0,0.0,0.0,0.0,0.0
1761396933352195768,18200,1761396933351380931,,joint1,joint2,joint3,joint4,joint5,joint6,-0.00031403140746988356,-0.2497749775648117,-0.05918591842055321,-0.012875287793576717,-0.2141014039516449,0.835951566696167,0.0,0.0,0.0,0.0,0.0,0.0,0.0,0.0,0.0,0.0,0.0,0.0
1761396933371966252,18201,1761396933371381835,,joint1,joint2,joint3,joint4,joint5,joint6,-0.00031403140746988356,-0.2497749775648117,-0.05918591842055321,-0.012875287793576717,-0.2141014039516449,0.835951566696167,0.0,0.0,0.0,0.0,0.0,0.0,0.0,0.0,0.0,0.0,0.0,0.0
1761396933392310860,18202,1761396933391381860,,joint1,joint2,joint3,joint4,joint5,joint6,-0.00031403140746988356,-0.2497749775648117,-0.05918591842055321,-0.012875287793576717,-0.2141014039516449,0.835951566696167,0.0,0.0,0.0,0.0,0.0,0.0,0.0,0.0,0.0,0.0,0.0,0.0
1761396933411916111,18203,1761396933411383775,,joint1,joint2,joint3,joint4,joint5,joint6,-0.00031403140746988356,-0.2497749775648117,-0.05918591842055321,-0.012875287793576717,-0.2141014039516449,0.835951566696167,0.0,0.0,0.0,0.0,0.0,0.0,0.0,0.0,0.0,0.0,0.0,0.0
1761396933431890036,18204,1761396933431382224,,joint1,joint2,joint3,joint4,joint5,joint6,-0.00031403140746988356,-0.2497749775648117,-0.05918591842055321,-0.012875287793576717,-0.2141014039516449,0.835951566696167,0.0,0.0,0.0,0.0,0.0,0.0,0.0,0.0,0.0,0.0,0.0,0.0
1761396933451974443,18205,1761396933451383008,,joint1,joint2,joint3,joint4,joint5,joint6,-0.00031403140746988356,-0.2497749775648117,-0.05918591842055321,-0.012875287793576717,-0.2141014039516449,0.835951566696167,0.0,0.0,0.0,0.0,0.0,0.0,0.0,0.0,0.0,0.0,0.0,0.0
1761396933472367406,18206,1761396933471333593,,joint1,joint2,joint3,joint4,joint5,joint6,-0.00031403140746988356,-0.2497749775648117,-0.05918591842055321,-0.012875287793576717,-0.2141014039516449,0.835951566696167,0.0,0.0,0.0,0.0,0.0,0.0,0.0,0.0,0.0,0.0,0.0,0.0
1761396933492087153,18207,1761396933491329561,,joint1,joint2,joint3,joint4,joint5,joint6,-0.00031403140746988356,-0.2497749775648117,-0.05918591842055321,-0.012875287793576717,-0.2141014039516449,0.835951566696167,0.0,0.0,0.0,0.0,0.0,0.0,0.0,0.0,0.0,0.0,0.0,0.0
1761396933511889911,18208,1761396933511383104,,joint1,joint2,joint3,joint4,joint5,joint6,-0.00031403140746988356,-0.2497749775648117,-0.05918591842055321,-0.012875287793576717,-0.2141014039516449,0.835951566696167,0.0,0.0,0.0,0.0,0.0,0.0,0.0,0.0,0.0,0.0,0.0,0.0
1761396933532231223,18209,1761396933531387234,,joint1,joint2,joint3,joint4,joint5,joint6,-0.00031403140746988356,-0.2497749775648117,-0.05918591842055321,-0.012875287793576717,-0.2141014039516449,0.835951566696167,0.0,0.0,0.0,0.0,0.0,0.0,0.0,0.0,0.0,0.0,0.0,0.0
1761396933551860244,18210,1761396933551370142,,joint1,joint2,joint3,joint4,joint5,joint6,-0.00031403140746988356,-0.2497749775648117,-0.05918591842055321,-0.012875287793576717,-0.2141014039516449,0.835951566696167,0.0,0.0,0.0,0.0,0.0,0.0,0.0,0.0,0.0,0.0,0.0,0.0
1761396933572122383,18211,1761396933571330232,,joint1,joint2,joint3,joint4,joint5,joint6,-0.00031403140746988356,-0.2497749775648117,-0.05918591842055321,-0.012875287793576717,-0.2141014039516449,0.835951566696167,0.0,0.0,0.0,0.0,0.0,0.0,0.0,0.0,0.0,0.0,0.0,0.0
1761396933592129197,18212,1761396933591329152,,joint1,joint2,joint3,joint4,joint5,joint6,-0.00031403140746988356,-0.2497749775648117,-0.05918591842055321,-0.012875287793576717,-0.2141014039516449,0.835951566696167,0.0,0.0,0.0,0.0,0.0,0.0,0.0,0.0,0.0,0.0,0.0,0.0
1761396933611898635,18213,1761396933611384658,,joint1,joint2,joint3,joint4,joint5,joint6,-0.00031403140746988356,-0.2497749775648117,-0.05918591842055321,-0.012875287793576717,-0.2141014039516449,0.835951566696167,0.0,0.0,0.0,0.0,0.0,0.0,0.0,0.0,0.0,0.0,0.0,0.0
1761396933631972528,18214,1761396933631386612,,joint1,joint2,joint3,joint4,joint5,joint6,-0.00031403140746988356,-0.2497749775648117,-0.05918591842055321,-0.012875287793576717,-0.2141014039516449,0.835951566696167,0.0,0.0,0.0,0.0,0.0,0.0,0.0,0.0,0.0,0.0,0.0,0.0
1761396933651945531,18215,1761396933651387163,,joint1,joint2,joint3,joint4,joint5,joint6,-0.00031403140746988356,-0.2497749775648117,-0.05918591842055321,-0.012875287793576717,-0.2141014039516449,0.835951566696167,0.0,0.0,0.0,0.0,0.0,0.0,0.0,0.0,0.0,0.0,0.0,0.0
1761396933672210913,18216,1761396933671382404,,joint1,joint2,joint3,joint4,joint5,joint6,-0.00031403140746988356,-0.2497749775648117,-0.05918591842055321,-0.012875287793576717,-0.2141014039516449,0.835951566696167,0.0,0.0,0.0,0.0,0.0,0.0,0.0,0.0,0.0,0.0,0.0,0.0
1761396933692212967,18217,1761396933691379321,,joint1,joint2,joint3,joint4,joint5,joint6,-0.00031403140746988356,-0.2497749775648117,-0.05918591842055321,-0.012875287793576717,-0.2141014039516449,0.835951566696167,0.0,0.0,0.0,0.0,0.0,0.0,0.0,0.0,0.0,0.0,0.0,0.0
1761396933712071858,18218,1761396933711344823,,joint1,joint2,joint3,joint4,joint5,joint6,-0.00031403140746988356,-0.2497749775648117,-0.05918591842055321,-0.012875287793576717,-0.2141014039516449,0.835951566696167,0.0,0.0,0.0,0.0,0.0,0.0,0.0,0.0,0.0,0.0,0.0,0.0
1761396933731903996,18219,1761396933731392712,,joint1,joint2,joint3,joint4,joint5,joint6,-0.00031403140746988356,-0.2497749775648117,-0.05918591842055321,-0.012875287793576717,-0.2141014039516449,0.835951566696167,0.0,0.0,0.0,0.0,0.0,0.0,0.0,0.0,0.0,0.0,0.0,0.0
1761396933752248495,18220,1761396933751381117,,joint1,joint2,joint3,joint4,joint5,joint6,-0.00031403140746988356,-0.2497749775648117,-0.05918591842055321,-0.012875287793576717,-0.2141014039516449,0.835951566696167,0.0,0.0,0.0,0.0,0.0,0.0,0.0,0.0,0.0,0.0,0.0,0.0
1761396933772201601,18221,1761396933771381497,,joint1,joint2,joint3,joint4,joint5,joint6,-0.00031403140746988356,-0.2497749775648117,-0.05918591842055321,-0.012875287793576717,-0.2141014039516449,0.835951566696167,0.0,0.0,0.0,0.0,0.0,0.0,0.0,0.0,0.0,0.0,0.0,0.0
1761396933792437667,18222,1761396933791392582,,joint1,joint2,joint3,joint4,joint5,joint6,-0.00031403140746988356,-0.2497749775648117,-0.05918591842055321,-0.012875287793576717,-0.2141014039516449,0.835951566696167,0.0,0.0,0.0,0.0,0.0,0.0,0.0,0.0,0.0,0.0,0.0,0.0
1761396933811855677,18223,1761396933811346020,,joint1,joint2,joint3,joint4,joint5,joint6,-0.00031403140746988356,-0.2497749775648117,-0.05918591842055321,-0.012875287793576717,-0.2141014039516449,0.835951566696167,0.0,0.0,0.0,0.0,0.0,0.0,0.0,0.0,0.0,0.0,0.0,0.0
1761396933831907744,18224,1761396933831328434,,joint1,joint2,joint3,joint4,joint5,joint6,-0.00031403140746988356,-0.2497749775648117,-0.05918591842055321,-0.012875287793576717,-0.2141014039516449,0.835951566696167,0.0,0.0,0.0,0.0,0.0,0.0,0.0,0.0,0.0,0.0,0.0,0.0
1761396933852137100,18225,1761396933851381463,,joint1,joint2,joint3,joint4,joint5,joint6,-0.00031403140746988356,-0.2497749775648117,-0.05918591842055321,-0.012875287793576717,-0.2141014039516449,0.835951566696167,0.0,0.0,0.0,0.0,0.0,0.0,0.0,0.0,0.0,0.0,0.0,0.0
1761396933872156136,18226,1761396933871323008,,joint1,joint2,joint3,joint4,joint5,joint6,-0.00031403140746988356,-0.2497749775648117,-0.05918591842055321,-0.012875287793576717,-0.2141014039516449,0.835951566696167,0.0,0.0,0.0,0.0,0.0,0.0,0.0,0.0,0.0,0.0,0.0,0.0
1761396933892190718,18227,1761396933891381129,,joint1,joint2,joint3,joint4,joint5,joint6,-0.00031403140746988356,-0.2497749775648117,-0.05918591842055321,-0.012875287793576717,-0.2141014039516449,0.835951566696167,0.0,0.0,0.0,0.0,0.0,0.0,0.0,0.0,0.0,0.0,0.0,0.0
1761396933912358865,18228,1761396933911343429,,joint1,joint2,joint3,joint4,joint5,joint6,-0.00031403140746988356,-0.2497749775648117,-0.05918591842055321,-0.012875287793576717,-0.2141014039516449,0.835951566696167,0.0,0.0,0.0,0.0,0.0,0.0,0.0,0.0,0.0,0.0,0.0,0.0
1761396933931902839,18229,1761396933931382427,,joint1,joint2,joint3,joint4,joint5,joint6,-0.00031403140746988356,-0.2497749775648117,-0.05918591842055321,-0.012875287793576717,-0.2141014039516449,0.835951566696167,0.0,0.0,0.0,0.0,0.0,0.0,0.0,0.0,0.0,0.0,0.0,0.0
1761396933952272649,18230,1761396933951333720,,joint1,joint2,joint3,joint4,joint5,joint6,-0.00031403140746988356,-0.2497749775648117,-0.05918591842055321,-0.012875287793576717,-0.2141014039516449,0.835951566696167,0.0,0.0,0.0,0.0,0.0,0.0,0.0,0.0,0.0,0.0,0.0,0.0
1761396933971954011,18231,1761396933971369124,,joint1,joint2,joint3,joint4,joint5,joint6,-0.00031403140746988356,-0.2497749775648117,-0.05918591842055321,-0.012875287793576717,-0.2141014039516449,0.835951566696167,0.0,0.0,0.0,0.0,0.0,0.0,0.0,0.0,0.0,0.0,0.0,0.0
1761396933991896867,18232,1761396933991330934,,joint1,joint2,joint3,joint4,joint5,joint6,-0.00031403140746988356,-0.2497749775648117,-0.05918591842055321,-0.012875287793576717,-0.2141014039516449,0.835951566696167,0.0,0.0,0.0,0.0,0.0,0.0,0.0,0.0,0.0,0.0,0.0,0.0
1761396934012026246,18233,1761396934011381017,,joint1,joint2,joint3,joint4,joint5,joint6,-0.00031403140746988356,-0.2497749775648117,-0.05918591842055321,-0.012875287793576717,-0.2141014039516449,0.835951566696167,0.0,0.0,0.0,0.0,0.0,0.0,0.0,0.0,0.0,0.0,0.0,0.0
1761396934031910928,18234,1761396934031387724,,joint1,joint2,joint3,joint4,joint5,joint6,-0.00031403140746988356,-0.24627462029457092,-0.05918591842055321,-0.012875287793576717,-0.2141014039516449,0.835951566696167,0.0,0.0,0.0,0.0,0.0,0.0,0.0,0.0,0.0,0.0,0.0,0.0
1761396934052169968,18235,1761396934051376951,,joint1,joint2,joint3,joint4,joint5,joint6,-0.00031403140746988356,-0.24677467346191406,-0.05918591842055321,-0.012875287793576717,-0.2141014039516449,0.835951566696167,0.0,0.0,0.0,0.0,0.0,0.0,0.0,0.0,0.0,0.0,0.0,0.0
1761396934071853297,18236,1761396934071380518,,joint1,joint2,joint3,joint4,joint5,joint6,-0.00031403140746988356,-0.24677467346191406,-0.05918591842055321,-0.012875287793576717,-0.2141014039516449,0.835951566696167,0.0,0.0,0.0,0.0,0.0,0.0,0.0,0.0,0.0,0.0,0.0,0.0
1761396934092116310,18237,1761396934091372948,,joint1,joint2,joint3,joint4,joint5,joint6,-0.00031403140746988356,-0.24677467346191406,-0.05918591842055321,-0.012875287793576717,-0.2141014039516449,0.835951566696167,0.0,0.0,0.0,0.0,0.0,0.0,0.0,0.0,0.0,0.0,0.0,0.0
1761396934111936586,18238,1761396934111383444,,joint1,joint2,joint3,joint4,joint5,joint6,-0.00031403140746988356,-0.24677467346191406,-0.05918591842055321,-0.012875287793576717,-0.2141014039516449,0.835951566696167,0.0,0.0,0.0,0.0,0.0,0.0,0.0,0.0,0.0,0.0,0.0,0.0
1761396934132160653,18239,1761396934131351624,,joint1,joint2,joint3,joint4,joint5,joint6,-0.00031403140746988356,-0.2472747266292572,-0.05918591842055321,-0.012875287793576717,-0.2141014039516449,0.835951566696167,0.0,0.0,0.0,0.0,0.0,0.0,0.0,0.0,0.0,0.0,0.0,0.0
1761396934151914744,18240,1761396934151380564,,joint1,joint2,joint3,joint4,joint5,joint6,-0.00031403140746988356,-0.2472747266292572,-0.05918591842055321,-0.012875287793576717,-0.2141014039516449,0.835951566696167,0.0,0.0,0.0,0.0,0.0,0.0,0.0,0.0,0.0,0.0,0.0,0.0
1761396934172444161,18241,1761396934171349312,,joint1,joint2,joint3,joint4,joint5,joint6,-0.00031403140746988356,-0.24827483296394348,-0.05918591842055321,-0.012875287793576717,-0.2141014039516449,0.835951566696167,0.0,0.0,0.0,0.0,0.0,0.0,0.0,0.0,0.0,0.0,0.0,0.0
1761396934192211784,18242,1761396934191331782,,joint1,joint2,joint3,joint4,joint5,joint6,-0.00031403140746988356,-0.24827483296394348,-0.05918591842055321,-0.012875287793576717,-0.2141014039516449,0.835951566696167,0.0,0.0,0.0,0.0,0.0,0.0,0.0,0.0,0.0,0.0,0.0,0.0
1761396934212082282,18243,1761396934211336342,,joint1,joint2,joint3,joint4,joint5,joint6,-0.00031403140746988356,-0.2497749775648117,-0.05918591842055321,-0.012875287793576717,-0.2141014039516449,0.835951566696167,0.0,0.0,0.0,0.0,0.0,0.0,0.0,0.0,0.0,0.0,0.0,0.0
1761396934232296318,18244,1761396934231382943,,joint1,joint2,joint3,joint4,joint5,joint6,-0.00031403140746988356,-0.2507750689983368,-0.05918591842055321,-0.012875287793576717,-0.2141014039516449,0.835951566696167,0.0,0.0,0.0,0.0,0.0,0.0,0.0,0.0,0.0,0.0,0.0,0.0
1761396934251883848,18245,1761396934251393212,,joint1,joint2,joint3,joint4,joint5,joint6,-0.00031403140746988356,-0.2507750689983368,-0.05918591842055321,-0.012875287793576717,-0.2141014039516449,0.835951566696167,0.0,0.0,0.0,0.0,0.0,0.0,0.0,0.0,0.0,0.0,0.0,0.0
1761396934271879343,18246,1761396934271340710,,joint1,joint2,joint3,joint4,joint5,joint6,-0.00031403140746988356,-0.25277528166770935,-0.05918591842055321,-0.012875287793576717,-0.2141014039516449,0.835951566696167,0.0,0.0,0.0,0.0,0.0,0.0,0.0,0.0,0.0,0.0,0.0,0.0
1761396934292111743,18247,1761396934291379918,,joint1,joint2,joint3,joint4,joint5,joint6,-0.00031403140746988356,-0.25277528166770935,-0.05918591842055321,-0.012875287793576717,-0.2141014039516449,0.835951566696167,0.0,0.0,0.0,0.0,0.0,0.0,0.0,0.0,0.0,0.0,0.0,0.0
1761396934312261484,18248,1761396934311319754,,joint1,joint2,joint3,joint4,joint5,joint6,-0.00031403140746988356,-0.25527551770210266,-0.05918591842055321,-0.012875287793576717,-0.2141014039516449,0.835951566696167,0.0,0.0,0.0,0.0,0.0,0.0,0.0,0.0,0.0,0.0,0.0,0.0
1761396934332233070,18249,1761396934331391779,,joint1,joint2,joint3,joint4,joint5,joint6,-0.00031403140746988356,-0.25527551770210266,-0.05918591842055321,-0.012875287793576717,-0.2141014039516449,0.835951566696167,0.0,0.0,0.0,0.0,0.0,0.0,0.0,0.0,0.0,0.0,0.0,0.0
1761396934353163623,18250,1761396934351426349,,joint1,joint2,joint3,joint4,joint5,joint6,-0.00031403140746988356,-0.2582758367061615,-0.05918591842055321,-0.012875287793576717,-0.2141014039516449,0.835951566696167,0.0,0.0,0.0,0.0,0.0,0.0,0.0,0.0,0.0,0.0,0.0,0.0
1761396934371843229,18251,1761396934371351554,,joint1,joint2,joint3,joint4,joint5,joint6,-0.00031403140746988356,-0.2582758367061615,-0.05918591842055321,-0.012875287793576717,-0.2141014039516449,0.835951566696167,0.0,0.0,0.0,0.0,0.0,0.0,0.0,0.0,0.0,0.0,0.0,0.0
1761396934391684457,18252,1761396934391370949,,joint1,joint2,joint3,joint4,joint5,joint6,-0.00031403140746988356,-0.25977596640586853,-0.05918591842055321,-0.012875287793576717,-0.2141014039516449,0.835951566696167,0.0,0.0,0.0,0.0,0.0,0.0,0.0,0.0,0.0,0.0,0.0,0.0
1761396934411828140,18253,1761396934411327432,,joint1,joint2,joint3,joint4,joint5,joint6,-0.00031403140746988356,-0.2632763385772705,-0.05918591842055321,-0.012875287793576717,-0.2141014039516449,0.835951566696167,0.0,0.0,0.0,0.0,0.0,0.0,0.0,0.0,0.0,0.0,0.0,0.0
1761396934432363986,18254,1761396934431331073,,joint1,joint2,joint3,joint4,joint5,joint6,-0.00031403140746988356,-0.2632763385772705,-0.05918591842055321,-0.012875287793576717,-0.2141014039516449,0.835951566696167,0.0,0.0,0.0,0.0,0.0,0.0,0.0,0.0,0.0,0.0,0.0,0.0
1761396934452286764,18255,1761396934451388519,,joint1,joint2,joint3,joint4,joint5,joint6,-0.00031403140746988356,-0.2667766809463501,-0.05918591842055321,-0.012875287793576717,-0.2141014039516449,0.835951566696167,0.0,0.0,0.0,0.0,0.0,0.0,0.0,0.0,0.0,0.0,0.0,0.0
1761396934472510317,18256,1761396934471394614,,joint1,joint2,joint3,joint4,joint5,joint6,-0.00031403140746988356,-0.2667766809463501,-0.05918591842055321,-0.012875287793576717,-0.2141014039516449,0.835951566696167,0.0,0.0,0.0,0.0,0.0,0.0,0.0,0.0,0.0,0.0,0.0,0.0
1761396934492289932,18257,1761396934491367624,,joint1,joint2,joint3,joint4,joint5,joint6,-0.00031403140746988356,-0.2702770233154297,-0.05918591842055321,-0.012875287793576717,-0.2141014039516449,0.835951566696167,0.0,0.0,0.0,0.0,0.0,0.0,0.0,0.0,0.0,0.0,0.0,0.0
1761396934512289171,18258,1761396934511376406,,joint1,joint2,joint3,joint4,joint5,joint6,-0.00031403140746988356,-0.2702770233154297,-0.05918591842055321,-0.012875287793576717,-0.2141014039516449,0.835951566696167,0.0,0.0,0.0,0.0,0.0,0.0,0.0,0.0,0.0,0.0,0.0,0.0
1761396934532213709,18259,1761396934531353593,,joint1,joint2,joint3,joint4,joint5,joint6,-0.00031403140746988356,-0.2752775251865387,-0.05918591842055321,-0.012875287793576717,-0.2141014039516449,0.835951566696167,0.0,0.0,0.0,0.0,0.0,0.0,0.0,0.0,0.0,0.0,0.0,0.0
1761396934552201502,18260,1761396934551332527,,joint1,joint2,joint3,joint4,joint5,joint6,-0.00031403140746988356,-0.2752775251865387,-0.05918591842055321,-0.012875287793576717,-0.2141014039516449,0.835951566696167,0.0,0.0,0.0,0.0,0.0,0.0,0.0,0.0,0.0,0.0,0.0,0.0
1761396934571905843,18261,1761396934571380379,,joint1,joint2,joint3,joint4,joint5,joint6,-0.00031403140746988356,-0.27727773785591125,-0.05918591842055321,-0.012875287793576717,-0.2141014039516449,0.835951566696167,0.0,0.0,0.0,0.0,0.0,0.0,0.0,0.0,0.0,0.0,0.0,0.0
1761396934592241970,18262,1761396934591384501,,joint1,joint2,joint3,joint4,joint5,joint6,-0.00031403140746988356,-0.2817781865596771,-0.05918591842055321,-0.012875287793576717,-0.2141014039516449,0.835951566696167,0.0,0.0,0.0,0.0,0.0,0.0,0.0,0.0,0.0,0.0,0.0,0.0
1761396934611895866,18263,1761396934611382973,,joint1,joint2,joint3,joint4,joint5,joint6,-0.00031403140746988356,-0.2817781865596771,-0.05918591842055321,-0.012875287793576717,-0.2141014039516449,0.835951566696167,0.0,0.0,0.0,0.0,0.0,0.0,0.0,0.0,0.0,0.0,0.0,0.0
1761396934632129493,18264,1761396934631329560,,joint1,joint2,joint3,joint4,joint5,joint6,-0.00031403140746988356,-0.28677868843078613,-0.05918591842055321,-0.012875287793576717,-0.2141014039516449,0.835951566696167,0.0,0.0,0.0,0.0,0.0,0.0,0.0,0.0,0.0,0.0,0.0,0.0
1761396934652419195,18265,1761396934651390774,,joint1,joint2,joint3,joint4,joint5,joint6,-0.00031403140746988356,-0.28677868843078613,-0.05918591842055321,-0.012875287793576717,-0.2141014039516449,0.835951566696167,0.0,0.0,0.0,0.0,0.0,0.0,0.0,0.0,0.0,0.0,0.0,0.0
1761396934671897855,18266,1761396934671383229,,joint1,joint2,joint3,joint4,joint5,joint6,-0.00031403140746988356,-0.2922792136669159,-0.05918591842055321,-0.012875287793576717,-0.2141014039516449,0.835951566696167,0.0,0.0,0.0,0.0,0.0,0.0,0.0,0.0,0.0,0.0,0.0,0.0
1761396934691860927,18267,1761396934691380418,,joint1,joint2,joint3,joint4,joint5,joint6,-0.00031403140746988356,-0.2922792136669159,-0.05918591842055321,-0.012875287793576717,-0.2141014039516449,0.835951566696167,0.0,0.0,0.0,0.0,0.0,0.0,0.0,0.0,0.0,0.0,0.0,0.0
1761396934711880855,18268,1761396934711381108,,joint1,joint2,joint3,joint4,joint5,joint6,-0.00031403140746988356,-0.29577958583831787,-0.05918591842055321,-0.012875287793576717,-0.2141014039516449,0.835951566696167,0.0,0.0,0.0,0.0,0.0,0.0,0.0,0.0,0.0,0.0,0.0,0.0
1761396934732313544,18269,1761396934731333448,,joint1,joint2,joint3,joint4,joint5,joint6,-0.00031403140746988356,-0.29577958583831787,-0.05918591842055321,-0.012875287793576717,-0.2141014039516449,0.835951566696167,0.0,0.0,0.0,0.0,0.0,0.0,0.0,0.0,0.0,0.0,0.0,0.0
1761396934752298229,18270,1761396934751383817,,joint1,joint2,joint3,joint4,joint5,joint6,-0.00031403140746988356,-0.30178016424179077,-0.05918591842055321,-0.012875287793576717,-0.2141014039516449,0.835951566696167,0.0,0.0,0.0,0.0,0.0,0.0,0.0,0.0,0.0,0.0,0.0,0.0
1761396934772129759,18271,1761396934771320480,,joint1,joint2,joint3,joint4,joint5,joint6,-0.00031403140746988356,-0.3082808256149292,-0.05918591842055321,-0.012875287793576717,-0.2141014039516449,0.835951566696167,0.0,0.0,0.0,0.0,0.0,0.0,0.0,0.0,0.0,0.0,0.0,0.0
1761396934791921417,18272,1761396934791383639,,joint1,joint2,joint3,joint4,joint5,joint6,-0.00031403140746988356,-0.3082808256149292,-0.05918591842055321,-0.012875287793576717,-0.2141014039516449,0.835951566696167,0.0,0.0,0.0,0.0,0.0,0.0,0.0,0.0,0.0,0.0,0.0,0.0
1761396934811935643,18273,1761396934811386088,,joint1,joint2,joint3,joint4,joint5,joint6,-0.00031403140746988356,-0.31528154015541077,-0.05918591842055321,-0.012875287793576717,-0.2141014039516449,0.835951566696167,0.0,0.0,0.0,0.0,0.0,0.0,0.0,0.0,0.0,0.0,0.0,0.0
1761396934832200400,18274,1761396934831383461,,joint1,joint2,joint3,joint4,joint5,joint6,-0.00031403140746988356,-0.31528154015541077,-0.05918591842055321,-0.012875287793576717,-0.2141014039516449,0.835951566696167,0.0,0.0,0.0,0.0,0.0,0.0,0.0,0.0,0.0,0.0,0.0,0.0
1761396934851874982,18275,1761396934851384931,,joint1,joint2,joint3,joint4,joint5,joint6,-0.00031403140746988356,-0.31878188252449036,-0.05918591842055321,-0.012875287793576717,-0.2141014039516449,0.835951566696167,0.0,0.0,0.0,0.0,0.0,0.0,0.0,0.0,0.0,0.0,0.0,0.0
1761396934872178174,18276,1761396934871381828,,joint1,joint2,joint3,joint4,joint5,joint6,-0.00031403140746988356,-0.31878188252449036,-0.05918591842055321,-0.012875287793576717,-0.2141014039516449,0.835951566696167,0.0,0.0,0.0,0.0,0.0,0.0,0.0,0.0,0.0,0.0,0.0,0.0
1761396934892229154,18277,1761396934891389614,,joint1,joint2,joint3,joint4,joint5,joint6,-0.00031403140746988356,-0.3262826204299927,-0.05918591842055321,-0.012875287793576717,-0.2141014039516449,0.835951566696167,0.0,0.0,0.0,0.0,0.0,0.0,0.0,0.0,0.0,0.0,0.0,0.0
1761396934911955173,18278,1761396934911392312,,joint1,joint2,joint3,joint4,joint5,joint6,-0.00031403140746988356,-0.3262826204299927,-0.05918591842055321,-0.012875287793576717,-0.2141014039516449,0.835951566696167,0.0,0.0,0.0,0.0,0.0,0.0,0.0,0.0,0.0,0.0,0.0,0.0
1761396934931908678,18279,1761396934931387092,,joint1,joint2,joint3,joint4,joint5,joint6,-0.00031403140746988356,-0.3337833881378174,-0.05918591842055321,-0.012875287793576717,-0.2141014039516449,0.835951566696167,0.0,0.0,0.0,0.0,0.0,0.0,0.0,0.0,0.0,0.0,0.0,0.0
1761396934951865114,18280,1761396934951342452,,joint1,joint2,joint3,joint4,joint5,joint6,-0.00031403140746988356,-0.34178417921066284,-0.05918591842055321,-0.012875287793576717,-0.2141014039516449,0.835951566696167,0.0,0.0,0.0,0.0,0.0,0.0,0.0,0.0,0.0,0.0,0.0,0.0
1761396934972005184,18281,1761396934971385864,,joint1,joint2,joint3,joint4,joint5,joint6,-0.00031403140746988356,-0.34178417921066284,-0.05918591842055321,-0.012875287793576717,-0.2141014039516449,0.835951566696167,0.0,0.0,0.0,0.0,0.0,0.0,0.0,0.0,0.0,0.0,0.0,0.0
1761396934991617290,18282,1761396934991345643,,joint1,joint2,joint3,joint4,joint5,joint6,-0.00031403140746988356,-0.3497849702835083,-0.05918591842055321,-0.012875287793576717,-0.2141014039516449,0.835951566696167,0.0,0.0,0.0,0.0,0.0,0.0,0.0,0.0,0.0,0.0,0.0,0.0
1761396935011947671,18283,1761396935011384186,,joint1,joint2,joint3,joint4,joint5,joint6,-0.00031403140746988356,-0.3497849702835083,-0.05918591842055321,-0.012875287793576717,-0.2141014039516449,0.835951566696167,0.0,0.0,0.0,0.0,0.0,0.0,0.0,0.0,0.0,0.0,0.0,0.0
1761396935032180324,18284,1761396935031340942,,joint1,joint2,joint3,joint4,joint5,joint6,-0.00031403140746988356,-0.35428541898727417,-0.05918591842055321,-0.012875287793576717,-0.2141014039516449,0.835951566696167,0.0,0.0,0.0,0.0,0.0,0.0,0.0,0.0,0.0,0.0,0.0,0.0
1761396935052403620,18285,1761396935051387966,,joint1,joint2,joint3,joint4,joint5,joint6,-0.00031403140746988356,-0.35428541898727417,-0.05918591842055321,-0.012875287793576717,-0.2141014039516449,0.835951566696167,0.0,0.0,0.0,0.0,0.0,0.0,0.0,0.0,0.0,0.0,0.0,0.0
1761396935072094290,18286,1761396935071357059,,joint1,joint2,joint3,joint4,joint5,joint6,-0.00031403140746988356,-0.36378636956214905,-0.05918591842055321,-0.012875287793576717,-0.2141014039516449,0.835951566696167,0.0,0.0,0.0,0.0,0.0,0.0,0.0,0.0,0.0,0.0,0.0,0.0
1761396935092255075,18287,1761396935091367653,,joint1,joint2,joint3,joint4,joint5,joint6,-0.00031403140746988356,-0.36378636956214905,-0.05918591842055321,-0.012875287793576717,-0.2141014039516449,0.835951566696167,0.0,0.0,0.0,0.0,0.0,0.0,0.0,0.0,0.0,0.0,0.0,0.0
1761396935112446344,18288,1761396935111389167,,joint1,joint2,joint3,joint4,joint5,joint6,-0.00031403140746988356,-0.37228724360466003,-0.05918591842055321,-0.012875287793576717,-0.2141014039516449,0.835951566696167,0.0,0.0,0.0,0.0,0.0,0.0,0.0,0.0,0.0,0.0,0.0,0.0
1761396935132131918,18289,1761396935131382440,,joint1,joint2,joint3,joint4,joint5,joint6,-0.00031403140746988356,-0.38228821754455566,-0.05918591842055321,-0.012875287793576717,-0.2141014039516449,0.835951566696167,0.0,0.0,0.0,0.0,0.0,0.0,0.0,0.0,0.0,0.0,0.0,0.0
1761396935152406579,18290,1761396935151337008,,joint1,joint2,joint3,joint4,joint5,joint6,-0.00031403140746988356,-0.38228821754455566,-0.05918591842055321,-0.012875287793576717,-0.2141014039516449,0.835951566696167,0.0,0.0,0.0,0.0,0.0,0.0,0.0,0.0,0.0,0.0,0.0,0.0
1761396935171862376,18291,1761396935171336931,,joint1,joint2,joint3,joint4,joint5,joint6,-0.00031403140746988356,-0.38678866624832153,-0.05918591842055321,-0.012875287793576717,-0.2141014039516449,0.835951566696167,0.0,0.0,0.0,0.0,0.0,0.0,0.0,0.0,0.0,0.0,0.0,0.0
1761396935192090401,18292,1761396935191354881,,joint1,joint2,joint3,joint4,joint5,joint6,-0.00031403140746988356,-0.38678866624832153,-0.05918591842055321,-0.012875287793576717,-0.2141014039516449,0.835951566696167,0.0,0.0,0.0,0.0,0.0,0.0,0.0,0.0,0.0,0.0,0.0,0.0
1761396935212034580,18293,1761396935211381136,,joint1,joint2,joint3,joint4,joint5,joint6,-0.00031403140746988356,-0.3972897231578827,-0.05918591842055321,-0.012875287793576717,-0.2141014039516449,0.835951566696167,0.0,0.0,0.0,0.0,0.0,0.0,0.0,0.0,0.0,0.0,0.0,0.0
1761396935231794876,18294,1761396935231329591,,joint1,joint2,joint3,joint4,joint5,joint6,-0.00031403140746988356,-0.3972897231578827,-0.05918591842055321,-0.012875287793576717,-0.2141014039516449,0.835951566696167,0.0,0.0,0.0,0.0,0.0,0.0,0.0,0.0,0.0,0.0,0.0,0.0
1761396935252301524,18295,1761396935251384610,,joint1,joint2,joint3,joint4,joint5,joint6,-0.00031403140746988356,-0.40279027819633484,-0.05918591842055321,-0.012875287793576717,-0.2141014039516449,0.835951566696167,0.0,0.0,0.0,0.0,0.0,0.0,0.0,0.0,0.0,0.0,0.0,0.0
1761396935271921343,18296,1761396935271372815,,joint1,joint2,joint3,joint4,joint5,joint6,-0.00031403140746988356,-0.40279027819633484,-0.05918591842055321,-0.012875287793576717,-0.2141014039516449,0.835951566696167,0.0,0.0,0.0,0.0,0.0,0.0,0.0,0.0,0.0,0.0,0.0,0.0
1761396935291914920,18297,1761396935291332612,,joint1,joint2,joint3,joint4,joint5,joint6,-0.00031403140746988356,-0.40279027819633484,-0.05918591842055321,-0.012875287793576717,-0.2141014039516449,0.835951566696167,0.0,0.0,0.0,0.0,0.0,0.0,0.0,0.0,0.0,0.0,0.0,0.0
1761396935312347118,18298,1761396935311320959,,joint1,joint2,joint3,joint4,joint5,joint6,-0.00031403140746988356,-0.40279027819633484,-0.05918591842055321,-0.012875287793576717,-0.2141014039516449,0.835951566696167,0.0,0.0,0.0,0.0,0.0,0.0,0.0,0.0,0.0,0.0,0.0,0.0
1761396935332345558,18299,1761396935331386335,,joint1,joint2,joint3,joint4,joint5,joint6,-0.00031403140746988356,-0.40279027819633484,-0.05918591842055321,-0.012875287793576717,-0.2141014039516449,0.835951566696167,0.0,0.0,0.0,0.0,0.0,0.0,0.0,0.0,0.0,0.0,0.0,0.0
1761396935351942512,18300,1761396935351374508,,joint1,joint2,joint3,joint4,joint5,joint6,-0.00031403140746988356,-0.40279027819633484,-0.05918591842055321,-0.012875287793576717,-0.2141014039516449,0.835951566696167,0.0,0.0,0.0,0.0,0.0,0.0,0.0,0.0,0.0,0.0,0.0,0.0
1761396935372111083,18301,1761396935371335228,,joint1,joint2,joint3,joint4,joint5,joint6,-0.00031403140746988356,-0.40279027819633484,-0.05918591842055321,-0.012875287793576717,-0.2141014039516449,0.835951566696167,0.0,0.0,0.0,0.0,0.0,0.0,0.0,0.0,0.0,0.0,0.0,0.0
1761396935392044786,18302,1761396935391328471,,joint1,joint2,joint3,joint4,joint5,joint6,-0.00031403140746988356,-0.40279027819633484,-0.05918591842055321,-0.012875287793576717,-0.2141014039516449,0.835951566696167,0.0,0.0,0.0,0.0,0.0,0.0,0.0,0.0,0.0,0.0,0.0,0.0
1761396935411968252,18303,1761396935411373783,,joint1,joint2,joint3,joint4,joint5,joint6,-0.00031403140746988356,-0.40279027819633484,-0.05918591842055321,-0.012875287793576717,-0.2141014039516449,0.835951566696167,0.0,0.0,0.0,0.0,0.0,0.0,0.0,0.0,0.0,0.0,0.0,0.0
1761396935431937182,18304,1761396935431380891,,joint1,joint2,joint3,joint4,joint5,joint6,-0.00031403140746988356,-0.40279027819633484,-0.05918591842055321,-0.012875287793576717,-0.2141014039516449,0.835951566696167,0.0,0.0,0.0,0.0,0.0,0.0,0.0,0.0,0.0,0.0,0.0,0.0
1761396935451873683,18305,1761396935451376934,,joint1,joint2,joint3,joint4,joint5,joint6,-0.00031403140746988356,-0.40279027819633484,-0.05918591842055321,-0.012875287793576717,-0.2141014039516449,0.835951566696167,0.0,0.0,0.0,0.0,0.0,0.0,0.0,0.0,0.0,0.0,0.0,0.0
1761396935471831489,18306,1761396935471374769,,joint1,joint2,joint3,joint4,joint5,joint6,-0.00031403140746988356,-0.40279027819633484,-0.05918591842055321,-0.012875287793576717,-0.2141014039516449,0.835951566696167,0.0,0.0,0.0,0.0,0.0,0.0,0.0,0.0,0.0,0.0,0.0,0.0
1761396935492380824,18307,1761396935491416065,,joint1,joint2,joint3,joint4,joint5,joint6,-0.00031403140746988356,-0.40279027819633484,-0.05918591842055321,-0.012875287793576717,-0.2141014039516449,0.835951566696167,0.0,0.0,0.0,0.0,0.0,0.0,0.0,0.0,0.0,0.0,0.0,0.0
1761396935512083437,18308,1761396935511339184,,joint1,joint2,joint3,joint4,joint5,joint6,-0.00031403140746988356,-0.40279027819633484,-0.05918591842055321,-0.012875287793576717,-0.2141014039516449,0.835951566696167,0.0,0.0,0.0,0.0,0.0,0.0,0.0,0.0,0.0,0.0,0.0,0.0
1761396935531867806,18309,1761396935531395473,,joint1,joint2,joint3,joint4,joint5,joint6,-0.00031403140746988356,-0.40279027819633484,-0.05918591842055321,-0.012875287793576717,-0.2141014039516449,0.835951566696167,0.0,0.0,0.0,0.0,0.0,0.0,0.0,0.0,0.0,0.0,0.0,0.0
1761396935551965861,18310,1761396935551383695,,joint1,joint2,joint3,joint4,joint5,joint6,-0.00031403140746988356,-0.40279027819633484,-0.05918591842055321,-0.012875287793576717,-0.2141014039516449,0.835951566696167,0.0,0.0,0.0,0.0,0.0,0.0,0.0,0.0,0.0,0.0,0.0,0.0
1761396935571904824,18311,1761396935571380720,,joint1,joint2,joint3,joint4,joint5,joint6,-0.00031403140746988356,-0.40279027819633484,-0.05918591842055321,-0.012875287793576717,-0.2141014039516449,0.835951566696167,0.0,0.0,0.0,0.0,0.0,0.0,0.0,0.0,0.0,0.0,0.0,0.0
1761396935591939049,18312,1761396935591380436,,joint1,joint2,joint3,joint4,joint5,joint6,-0.00031403140746988356,-0.40279027819633484,-0.05918591842055321,-0.012875287793576717,-0.2141014039516449,0.835951566696167,0.0,0.0,0.0,0.0,0.0,0.0,0.0,0.0,0.0,0.0,0.0,0.0
1761396935612419744,18313,1761396935611329520,,joint1,joint2,joint3,joint4,joint5,joint6,-0.00031403140746988356,-0.40279027819633484,-0.05918591842055321,-0.012875287793576717,-0.2141014039516449,0.835951566696167,0.0,0.0,0.0,0.0,0.0,0.0,0.0,0.0,0.0,0.0,0.0,0.0
1761396935632100658,18314,1761396935631368427,,joint1,joint2,joint3,joint4,joint5,joint6,-0.00031403140746988356,-0.40279027819633484,-0.05918591842055321,-0.012875287793576717,-0.2141014039516449,0.835951566696167,0.0,0.0,0.0,0.0,0.0,0.0,0.0,0.0,0.0,0.0,0.0,0.0
1761396935652277677,18315,1761396935651387157,,joint1,joint2,joint3,joint4,joint5,joint6,-0.00031403140746988356,-0.40279027819633484,-0.05918591842055321,-0.012875287793576717,-0.2141014039516449,0.835951566696167,0.0,0.0,0.0,0.0,0.0,0.0,0.0,0.0,0.0,0.0,0.0,0.0
1761396935672111692,18316,1761396935671386327,,joint1,joint2,joint3,joint4,joint5,joint6,-0.00031403140746988356,-0.40279027819633484,-0.05918591842055321,-0.012875287793576717,-0.2141014039516449,0.835951566696167,0.0,0.0,0.0,0.0,0.0,0.0,0.0,0.0,0.0,0.0,0.0,0.0
1761396935692078208,18317,1761396935691381441,,joint1,joint2,joint3,joint4,joint5,joint6,-0.00031403140746988356,-0.40279027819633484,-0.05918591842055321,-0.012875287793576717,-0.2141014039516449,0.835951566696167,0.0,0.0,0.0,0.0,0.0,0.0,0.0,0.0,0.0,0.0,0.0,0.0
1761396935711891396,18318,1761396935711374937,,joint1,joint2,joint3,joint4,joint5,joint6,-0.00031403140746988356,-0.40279027819633484,-0.05918591842055321,-0.012875287793576717,-0.2141014039516449,0.835951566696167,0.0,0.0,0.0,0.0,0.0,0.0,0.0,0.0,0.0,0.0,0.0,0.0
1761396935732175581,18319,1761396935731394745,,joint1,joint2,joint3,joint4,joint5,joint6,-0.00031403140746988356,-0.40279027819633484,-0.05918591842055321,-0.012875287793576717,-0.2141014039516449,0.835951566696167,0.0,0.0,0.0,0.0,0.0,0.0,0.0,0.0,0.0,0.0,0.0,0.0
1761396935752342816,18320,1761396935751331632,,joint1,joint2,joint3,joint4,joint5,joint6,-0.00031403140746988356,-0.40279027819633484,-0.05918591842055321,-0.012875287793576717,-0.2141014039516449,0.835951566696167,0.0,0.0,0.0,0.0,0.0,0.0,0.0,0.0,0.0,0.0,0.0,0.0
1761396935772440328,18321,1761396935771387967,,joint1,joint2,joint3,joint4,joint5,joint6,-0.00031403140746988356,-0.40279027819633484,-0.05918591842055321,-0.012875287793576717,-0.2141014039516449,0.835951566696167,0.0,0.0,0.0,0.0,0.0,0.0,0.0,0.0,0.0,0.0,0.0,0.0
1761396935792172100,18322,1761396935791338845,,joint1,joint2,joint3,joint4,joint5,joint6,-0.00031403140746988356,-0.40279027819633484,-0.05918591842055321,-0.012875287793576717,-0.2141014039516449,0.835951566696167,0.0,0.0,0.0,0.0,0.0,0.0,0.0,0.0,0.0,0.0,0.0,0.0
1761396935812366208,18323,1761396935811379948,,joint1,joint2,joint3,joint4,joint5,joint6,-0.00031403140746988356,-0.40279027819633484,-0.05918591842055321,-0.012875287793576717,-0.2141014039516449,0.835951566696167,0.0,0.0,0.0,0.0,0.0,0.0,0.0,0.0,0.0,0.0,0.0,0.0
1761396935832312271,18324,1761396935831373900,,joint1,joint2,joint3,joint4,joint5,joint6,-0.00031403140746988356,-0.40279027819633484,-0.05918591842055321,-0.012875287793576717,-0.2141014039516449,0.835951566696167,0.0,0.0,0.0,0.0,0.0,0.0,0.0,0.0,0.0,0.0,0.0,0.0
1761396935852001515,18325,1761396935851334160,,joint1,joint2,joint3,joint4,joint5,joint6,-0.00031403140746988356,-0.40279027819633484,-0.05918591842055321,-0.012875287793576717,-0.2141014039516449,0.835951566696167,0.0,0.0,0.0,0.0,0.0,0.0,0.0,0.0,0.0,0.0,0.0,0.0
1761396935872322780,18326,1761396935871326354,,joint1,joint2,joint3,joint4,joint5,joint6,-0.00031403140746988356,-0.40279027819633484,-0.05918591842055321,-0.012875287793576717,-0.2141014039516449,0.835951566696167,0.0,0.0,0.0,0.0,0.0,0.0,0.0,0.0,0.0,0.0,0.0,0.0
1761396935891842691,18327,1761396935891394237,,joint1,joint2,joint3,joint4,joint5,joint6,-0.00031403140746988356,-0.40279027819633484,-0.05918591842055321,-0.012875287793576717,-0.2141014039516449,0.835951566696167,0.0,0.0,0.0,0.0,0.0,0.0,0.0,0.0,0.0,0.0,0.0,0.0
1761396935911848448,18328,1761396935911386477,,joint1,joint2,joint3,joint4,joint5,joint6,-0.00031403140746988356,-0.40279027819633484,-0.05918591842055321,-0.012875287793576717,-0.2141014039516449,0.835951566696167,0.0,0.0,0.0,0.0,0.0,0.0,0.0,0.0,0.0,0.0,0.0,0.0
1761396935932251377,18329,1761396935931382444,,joint1,joint2,joint3,joint4,joint5,joint6,-0.00031403140746988356,-0.40279027819633484,-0.05918591842055321,-0.012875287793576717,-0.2141014039516449,0.835951566696167,0.0,0.0,0.0,0.0,0.0,0.0,0.0,0.0,0.0,0.0,0.0,0.0
1761396935952332726,18330,1761396935951384980,,joint1,joint2,joint3,joint4,joint5,joint6,-0.00031403140746988356,-0.40279027819633484,-0.05918591842055321,-0.012875287793576717,-0.2141014039516449,0.835951566696167,0.0,0.0,0.0,0.0,0.0,0.0,0.0,0.0,0.0,0.0,0.0,0.0
1761396935972292329,18331,1761396935971334590,,joint1,joint2,joint3,joint4,joint5,joint6,-0.00031403140746988356,-0.40279027819633484,-0.05918591842055321,-0.012875287793576717,-0.2141014039516449,0.835951566696167,0.0,0.0,0.0,0.0,0.0,0.0,0.0,0.0,0.0,0.0,0.0,0.0
1761396935991828350,18332,1761396935991329164,,joint1,joint2,joint3,joint4,joint5,joint6,-0.00031403140746988356,-0.40279027819633484,-0.05918591842055321,-0.012875287793576717,-0.2141014039516449,0.835951566696167,0.0,0.0,0.0,0.0,0.0,0.0,0.0,0.0,0.0,0.0,0.0,0.0
1761396936012053898,18333,1761396936011381730,,joint1,joint2,joint3,joint4,joint5,joint6,-0.00031403140746988356,-0.40279027819633484,-0.05918591842055321,-0.012875287793576717,-0.2141014039516449,0.835951566696167,0.0,0.0,0.0,0.0,0.0,0.0,0.0,0.0,0.0,0.0,0.0,0.0
1761396936032024227,18334,1761396936031385693,,joint1,joint2,joint3,joint4,joint5,joint6,-0.00031403140746988356,-0.40279027819633484,-0.05918591842055321,-0.012875287793576717,-0.2141014039516449,0.835951566696167,0.0,0.0,0.0,0.0,0.0,0.0,0.0,0.0,0.0,0.0,0.0,0.0
1761396936052380051,18335,1761396936051382902,,joint1,joint2,joint3,joint4,joint5,joint6,-0.00031403140746988356,-0.40279027819633484,-0.05918591842055321,-0.012875287793576717,-0.2141014039516449,0.835951566696167,0.0,0.0,0.0,0.0,0.0,0.0,0.0,0.0,0.0,0.0,0.0,0.0
1761396936071933743,18336,1761396936071384862,,joint1,joint2,joint3,joint4,joint5,joint6,-0.00031403140746988356,-0.40279027819633484,-0.05918591842055321,-0.012875287793576717,-0.2141014039516449,0.835951566696167,0.0,0.0,0.0,0.0,0.0,0.0,0.0,0.0,0.0,0.0,0.0,0.0
1761396936092087028,18337,1761396936091379632,,joint1,joint2,joint3,joint4,joint5,joint6,-0.00031403140746988356,-0.40279027819633484,-0.05918591842055321,-0.012875287793576717,-0.2141014039516449,0.835951566696167,0.0,0.0,0.0,0.0,0.0,0.0,0.0,0.0,0.0,0.0,0.0,0.0
1761396936112405101,18338,1761396936111392076,,joint1,joint2,joint3,joint4,joint5,joint6,-0.00031403140746988356,-0.40279027819633484,-0.05918591842055321,-0.012875287793576717,-0.2141014039516449,0.835951566696167,0.0,0.0,0.0,0.0,0.0,0.0,0.0,0.0,0.0,0.0,0.0,0.0
1761396936132184561,18339,1761396936131329480,,joint1,joint2,joint3,joint4,joint5,joint6,-0.00031403140746988356,-0.40279027819633484,-0.05918591842055321,-0.012875287793576717,-0.2141014039516449,0.835951566696167,0.0,0.0,0.0,0.0,0.0,0.0,0.0,0.0,0.0,0.0,0.0,0.0
1761396936152156261,18340,1761396936151328985,,joint1,joint2,joint3,joint4,joint5,joint6,-0.00031403140746988356,-0.40279027819633484,-0.05918591842055321,-0.012875287793576717,-0.2141014039516449,0.835951566696167,0.0,0.0,0.0,0.0,0.0,0.0,0.0,0.0,0.0,0.0,0.0,0.0
1761396936172223458,18341,1761396936171389435,,joint1,joint2,joint3,joint4,joint5,joint6,-0.00031403140746988356,-0.40279027819633484,-0.05918591842055321,-0.012875287793576717,-0.2141014039516449,0.835951566696167,0.0,0.0,0.0,0.0,0.0,0.0,0.0,0.0,0.0,0.0,0.0,0.0
1761396936191926983,18342,1761396936191386327,,joint1,joint2,joint3,joint4,joint5,joint6,-0.00031403140746988356,-0.40279027819633484,-0.05918591842055321,-0.012875287793576717,-0.2141014039516449,0.835951566696167,0.0,0.0,0.0,0.0,0.0,0.0,0.0,0.0,0.0,0.0,0.0,0.0
1761396936211831896,18343,1761396936211373838,,joint1,joint2,joint3,joint4,joint5,joint6,-0.00031403140746988356,-0.40279027819633484,-0.05918591842055321,-0.012875287793576717,-0.2141014039516449,0.835951566696167,0.0,0.0,0.0,0.0,0.0,0.0,0.0,0.0,0.0,0.0,0.0,0.0
1761396936232020020,18344,1761396936231393713,,joint1,joint2,joint3,joint4,joint5,joint6,-0.00031403140746988356,-0.40279027819633484,-0.05918591842055321,-0.012875287793576717,-0.2141014039516449,0.835951566696167,0.0,0.0,0.0,0.0,0.0,0.0,0.0,0.0,0.0,0.0,0.0,0.0
1761396936252114079,18345,1761396936251339702,,joint1,joint2,joint3,joint4,joint5,joint6,-0.00031403140746988356,-0.40279027819633484,-0.05918591842055321,-0.012875287793576717,-0.2141014039516449,0.835951566696167,0.0,0.0,0.0,0.0,0.0,0.0,0.0,0.0,0.0,0.0,0.0,0.0
1761396936272136855,18346,1761396936271384668,,joint1,joint2,joint3,joint4,joint5,joint6,-0.00031403140746988356,-0.40279027819633484,-0.05918591842055321,-0.012875287793576717,-0.2141014039516449,0.835951566696167,0.0,0.0,0.0,0.0,0.0,0.0,0.0,0.0,0.0,0.0,0.0,0.0
1761396936292132611,18347,1761396936291382999,,joint1,joint2,joint3,joint4,joint5,joint6,-0.00031403140746988356,-0.40279027819633484,-0.05918591842055321,-0.012875287793576717,-0.2141014039516449,0.835951566696167,0.0,0.0,0.0,0.0,0.0,0.0,0.0,0.0,0.0,0.0,0.0,0.0
1761396936311940872,18348,1761396936311339114,,joint1,joint2,joint3,joint4,joint5,joint6,-0.00031403140746988356,-0.40279027819633484,-0.05918591842055321,-0.012875287793576717,-0.2141014039516449,0.835951566696167,0.0,0.0,0.0,0.0,0.0,0.0,0.0,0.0,0.0,0.0,0.0,0.0
1761396936331849515,18349,1761396936331380060,,joint1,joint2,joint3,joint4,joint5,joint6,-0.00031403140746988356,-0.40279027819633484,-0.05918591842055321,-0.012875287793576717,-0.2141014039516449,0.835951566696167,0.0,0.0,0.0,0.0,0.0,0.0,0.0,0.0,0.0,0.0,0.0,0.0
1761396936351981437,18350,1761396936351390300,,joint1,joint2,joint3,joint4,joint5,joint6,-0.00031403140746988356,-0.40279027819633484,-0.05918591842055321,-0.012875287793576717,-0.2141014039516449,0.835951566696167,0.0,0.0,0.0,0.0,0.0,0.0,0.0,0.0,0.0,0.0,0.0,0.0
1761396936372212798,18351,1761396936371330879,,joint1,joint2,joint3,joint4,joint5,joint6,-0.00031403140746988356,-0.40279027819633484,-0.05918591842055321,-0.012875287793576717,-0.2141014039516449,0.835951566696167,0.0,0.0,0.0,0.0,0.0,0.0,0.0,0.0,0.0,0.0,0.0,0.0
1761396936391838400,18352,1761396936391402215,,joint1,joint2,joint3,joint4,joint5,joint6,-0.00031403140746988356,-0.40279027819633484,-0.05918591842055321,-0.012875287793576717,-0.2141014039516449,0.835951566696167,0.0,0.0,0.0,0.0,0.0,0.0,0.0,0.0,0.0,0.0,0.0,0.0
1761396936412073644,18353,1761396936411380902,,joint1,joint2,joint3,joint4,joint5,joint6,-0.00031403140746988356,-0.40279027819633484,-0.05918591842055321,-0.012875287793576717,-0.2141014039516449,0.835951566696167,0.0,0.0,0.0,0.0,0.0,0.0,0.0,0.0,0.0,0.0,0.0,0.0
1761396936431909368,18354,1761396936431332445,,joint1,joint2,joint3,joint4,joint5,joint6,-0.00031403140746988356,-0.40279027819633484,-0.05918591842055321,-0.012875287793576717,-0.2141014039516449,0.835951566696167,0.0,0.0,0.0,0.0,0.0,0.0,0.0,0.0,0.0,0.0,0.0,0.0
1761396936451891992,18355,1761396936451385217,,joint1,joint2,joint3,joint4,joint5,joint6,-0.00031403140746988356,-0.40279027819633484,-0.05918591842055321,-0.012875287793576717,-0.2141014039516449,0.835951566696167,0.0,0.0,0.0,0.0,0.0,0.0,0.0,0.0,0.0,0.0,0.0,0.0
1761396936471970565,18356,1761396936471364968,,joint1,joint2,joint3,joint4,joint5,joint6,-0.00031403140746988356,-0.40279027819633484,-0.05918591842055321,-0.012875287793576717,-0.2141014039516449,0.835951566696167,0.0,0.0,0.0,0.0,0.0,0.0,0.0,0.0,0.0,0.0,0.0,0.0
1761396936491950960,18357,1761396936491378116,,joint1,joint2,joint3,joint4,joint5,joint6,-0.00031403140746988356,-0.40279027819633484,-0.05918591842055321,-0.012875287793576717,-0.2141014039516449,0.835951566696167,0.0,0.0,0.0,0.0,0.0,0.0,0.0,0.0,0.0,0.0,0.0,0.0
1761396936512414980,18358,1761396936511379195,,joint1,joint2,joint3,joint4,joint5,joint6,-0.00031403140746988356,-0.40279027819633484,-0.05918591842055321,-0.012875287793576717,-0.2141014039516449,0.835951566696167,0.0,0.0,0.0,0.0,0.0,0.0,0.0,0.0,0.0,0.0,0.0,0.0
1761396936531879773,18359,1761396936531386621,,joint1,joint2,joint3,joint4,joint5,joint6,-0.00031403140746988356,-0.40279027819633484,-0.05918591842055321,-0.012875287793576717,-0.2141014039516449,0.835951566696167,0.0,0.0,0.0,0.0,0.0,0.0,0.0,0.0,0.0,0.0,0.0,0.0
1761396936552161126,18360,1761396936551380299,,joint1,joint2,joint3,joint4,joint5,joint6,-0.00031403140746988356,-0.40279027819633484,-0.05918591842055321,-0.012875287793576717,-0.2141014039516449,0.835951566696167,0.0,0.0,0.0,0.0,0.0,0.0,0.0,0.0,0.0,0.0,0.0,0.0
1761396936571986733,18361,1761396936571389139,,joint1,joint2,joint3,joint4,joint5,joint6,-0.00031403140746988356,-0.40279027819633484,-0.05918591842055321,-0.012875287793576717,-0.2141014039516449,0.835951566696167,0.0,0.0,0.0,0.0,0.0,0.0,0.0,0.0,0.0,0.0,0.0,0.0
1761396936591961901,18362,1761396936591382371,,joint1,joint2,joint3,joint4,joint5,joint6,-0.00031403140746988356,-0.40279027819633484,-0.05918591842055321,-0.012875287793576717,-0.2141014039516449,0.835951566696167,0.0,0.0,0.0,0.0,0.0,0.0,0.0,0.0,0.0,0.0,0.0,0.0
1761396936611787898,18363,1761396936611341025,,joint1,joint2,joint3,joint4,joint5,joint6,-0.00031403140746988356,-0.40279027819633484,-0.05918591842055321,-0.012875287793576717,-0.2141014039516449,0.835951566696167,0.0,0.0,0.0,0.0,0.0,0.0,0.0,0.0,0.0,0.0,0.0,0.0
1761396936631931793,18364,1761396936631385349,,joint1,joint2,joint3,joint4,joint5,joint6,-0.00031403140746988356,-0.40279027819633484,-0.05918591842055321,-0.012875287793576717,-0.2141014039516449,0.835951566696167,0.0,0.0,0.0,0.0,0.0,0.0,0.0,0.0,0.0,0.0,0.0,0.0
1761396936652179509,18365,1761396936651341616,,joint1,joint2,joint3,joint4,joint5,joint6,-0.00031403140746988356,-0.40279027819633484,-0.05918591842055321,-0.012875287793576717,-0.2141014039516449,0.835951566696167,0.0,0.0,0.0,0.0,0.0,0.0,0.0,0.0,0.0,0.0,0.0,0.0
1761396936672017434,18366,1761396936671328709,,joint1,joint2,joint3,joint4,joint5,joint6,-0.00031403140746988356,-0.40279027819633484,-0.05918591842055321,-0.012875287793576717,-0.2141014039516449,0.835951566696167,0.0,0.0,0.0,0.0,0.0,0.0,0.0,0.0,0.0,0.0,0.0,0.0
1761396936692262657,18367,1761396936691362519,,joint1,joint2,joint3,joint4,joint5,joint6,-0.00031403140746988356,-0.40279027819633484,-0.05918591842055321,-0.012875287793576717,-0.2141014039516449,0.835951566696167,0.0,0.0,0.0,0.0,0.0,0.0,0.0,0.0,0.0,0.0,0.0,0.0
1761396936712371828,18368,1761396936711326197,,joint1,joint2,joint3,joint4,joint5,joint6,-0.00031403140746988356,-0.40279027819633484,-0.05918591842055321,-0.012875287793576717,-0.2141014039516449,0.835951566696167,0.0,0.0,0.0,0.0,0.0,0.0,0.0,0.0,0.0,0.0,0.0,0.0
1761396936732312389,18369,1761396936731333255,,joint1,joint2,joint3,joint4,joint5,joint6,-0.00031403140746988356,-0.40279027819633484,-0.05918591842055321,-0.012875287793576717,-0.2141014039516449,0.835951566696167,0.0,0.0,0.0,0.0,0.0,0.0,0.0,0.0,0.0,0.0,0.0,0.0
1761396936752102470,18370,1761396936751381141,,joint1,joint2,joint3,joint4,joint5,joint6,-0.00031403140746988356,-0.40279027819633484,-0.05918591842055321,-0.012875287793576717,-0.2141014039516449,0.835951566696167,0.0,0.0,0.0,0.0,0.0,0.0,0.0,0.0,0.0,0.0,0.0,0.0
1761396936772181509,18371,1761396936771395138,,joint1,joint2,joint3,joint4,joint5,joint6,-0.00031403140746988356,-0.40279027819633484,-0.05918591842055321,-0.012875287793576717,-0.2141014039516449,0.835951566696167,0.0,0.0,0.0,0.0,0.0,0.0,0.0,0.0,0.0,0.0,0.0,0.0
1761396936792364788,18372,1761396936791334853,,joint1,joint2,joint3,joint4,joint5,joint6,-0.00031403140746988356,-0.40279027819633484,-0.05918591842055321,-0.012875287793576717,-0.2141014039516449,0.835951566696167,0.0,0.0,0.0,0.0,0.0,0.0,0.0,0.0,0.0,0.0,0.0,0.0
1761396936812091981,18373,1761396936811387227,,joint1,joint2,joint3,joint4,joint5,joint6,-0.00031403140746988356,-0.40279027819633484,-0.05918591842055321,-0.012875287793576717,-0.2141014039516449,0.835951566696167,0.0,0.0,0.0,0.0,0.0,0.0,0.0,0.0,0.0,0.0,0.0,0.0
1761396936832209062,18374,1761396936831383937,,joint1,joint2,joint3,joint4,joint5,joint6,-0.00031403140746988356,-0.40279027819633484,-0.05918591842055321,-0.012875287793576717,-0.2141014039516449,0.835951566696167,0.0,0.0,0.0,0.0,0.0,0.0,0.0,0.0,0.0,0.0,0.0,0.0
1761396936852048507,18375,1761396936851329021,,joint1,joint2,joint3,joint4,joint5,joint6,-0.00031403140746988356,-0.40279027819633484,-0.05918591842055321,-0.012875287793576717,-0.2141014039516449,0.835951566696167,0.0,0.0,0.0,0.0,0.0,0.0,0.0,0.0,0.0,0.0,0.0,0.0
1761396936871818470,18376,1761396936871342859,,joint1,joint2,joint3,joint4,joint5,joint6,-0.00031403140746988356,-0.40279027819633484,-0.05918591842055321,-0.012875287793576717,-0.2141014039516449,0.835951566696167,0.0,0.0,0.0,0.0,0.0,0.0,0.0,0.0,0.0,0.0,0.0,0.0
1761396936892088013,18377,1761396936891381399,,joint1,joint2,joint3,joint4,joint5,joint6,-0.00031403140746988356,-0.40279027819633484,-0.05918591842055321,-0.012875287793576717,-0.2141014039516449,0.835951566696167,0.0,0.0,0.0,0.0,0.0,0.0,0.0,0.0,0.0,0.0,0.0,0.0
1761396936912148889,18378,1761396936911336271,,joint1,joint2,joint3,joint4,joint5,joint6,-0.00031403140746988356,-0.40279027819633484,-0.05918591842055321,-0.012875287793576717,-0.2141014039516449,0.835951566696167,0.0,0.0,0.0,0.0,0.0,0.0,0.0,0.0,0.0,0.0,0.0,0.0
1761396936932271486,18379,1761396936931380663,,joint1,joint2,joint3,joint4,joint5,joint6,-0.00031403140746988356,-0.40279027819633484,-0.05918591842055321,-0.012875287793576717,-0.2141014039516449,0.835951566696167,0.0,0.0,0.0,0.0,0.0,0.0,0.0,0.0,0.0,0.0,0.0,0.0
1761396936952093499,18380,1761396936951380879,,joint1,joint2,joint3,joint4,joint5,joint6,-0.00031403140746988356,-0.40279027819633484,-0.05918591842055321,-0.012875287793576717,-0.2141014039516449,0.835951566696167,0.0,0.0,0.0,0.0,0.0,0.0,0.0,0.0,0.0,0.0,0.0,0.0
1761396936972173423,18381,1761396936971334278,,joint1,joint2,joint3,joint4,joint5,joint6,-0.00031403140746988356,-0.40279027819633484,-0.05918591842055321,-0.012875287793576717,-0.2141014039516449,0.835951566696167,0.0,0.0,0.0,0.0,0.0,0.0,0.0,0.0,0.0,0.0,0.0,0.0
1761396936992197726,18382,1761396936991383222,,joint1,joint2,joint3,joint4,joint5,joint6,-0.00031403140746988356,-0.40279027819633484,-0.05918591842055321,-0.012875287793576717,-0.2141014039516449,0.835951566696167,0.0,0.0,0.0,0.0,0.0,0.0,0.0,0.0,0.0,0.0,0.0,0.0
1761396937012371599,18383,1761396937011387676,,joint1,joint2,joint3,joint4,joint5,joint6,-0.00031403140746988356,-0.40279027819633484,-0.05918591842055321,-0.012875287793576717,-0.2141014039516449,0.835951566696167,0.0,0.0,0.0,0.0,0.0,0.0,0.0,0.0,0.0,0.0,0.0,0.0
1761396937032002548,18384,1761396937031375785,,joint1,joint2,joint3,joint4,joint5,joint6,-0.00031403140746988356,-0.40279027819633484,-0.05918591842055321,-0.012875287793576717,-0.2141014039516449,0.835951566696167,0.0,0.0,0.0,0.0,0.0,0.0,0.0,0.0,0.0,0.0,0.0,0.0
1761396937052115828,18385,1761396937051386429,,joint1,joint2,joint3,joint4,joint5,joint6,-0.00031403140746988356,-0.40279027819633484,-0.05918591842055321,-0.012875287793576717,-0.2141014039516449,0.835951566696167,0.0,0.0,0.0,0.0,0.0,0.0,0.0,0.0,0.0,0.0,0.0,0.0
1761396937071940182,18386,1761396937071386520,,joint1,joint2,joint3,joint4,joint5,joint6,-0.00031403140746988356,-0.40279027819633484,-0.05918591842055321,-0.012875287793576717,-0.2141014039516449,0.835951566696167,0.0,0.0,0.0,0.0,0.0,0.0,0.0,0.0,0.0,0.0,0.0,0.0
1761396937092135093,18387,1761396937091344618,,joint1,joint2,joint3,joint4,joint5,joint6,-0.00031403140746988356,-0.40279027819633484,-0.05918591842055321,-0.012875287793576717,-0.2141014039516449,0.835951566696167,0.0,0.0,0.0,0.0,0.0,0.0,0.0,0.0,0.0,0.0,0.0,0.0
1761396937112119601,18388,1761396937111336265,,joint1,joint2,joint3,joint4,joint5,joint6,-0.00031403140746988356,-0.40279027819633484,-0.05918591842055321,-0.012875287793576717,-0.2141014039516449,0.835951566696167,0.0,0.0,0.0,0.0,0.0,0.0,0.0,0.0,0.0,0.0,0.0,0.0
1761396937132171603,18389,1761396937131320426,,joint1,joint2,joint3,joint4,joint5,joint6,-0.00031403140746988356,-0.40279027819633484,-0.05918591842055321,-0.012875287793576717,-0.2141014039516449,0.835951566696167,0.0,0.0,0.0,0.0,0.0,0.0,0.0,0.0,0.0,0.0,0.0,0.0
1761396937152079263,18390,1761396937151382130,,joint1,joint2,joint3,joint4,joint5,joint6,-0.00031403140746988356,-0.40279027819633484,-0.05918591842055321,-0.012875287793576717,-0.2141014039516449,0.835951566696167,0.0,0.0,0.0,0.0,0.0,0.0,0.0,0.0,0.0,0.0,0.0,0.0
1761396937171943365,18391,1761396937171380574,,joint1,joint2,joint3,joint4,joint5,joint6,-0.00031403140746988356,-0.40279027819633484,-0.05918591842055321,-0.012875287793576717,-0.2141014039516449,0.835951566696167,0.0,0.0,0.0,0.0,0.0,0.0,0.0,0.0,0.0,0.0,0.0,0.0
1761396937192284386,18392,1761396937191380882,,joint1,joint2,joint3,joint4,joint5,joint6,-0.00031403140746988356,-0.40279027819633484,-0.05918591842055321,-0.012875287793576717,-0.2141014039516449,0.835951566696167,0.0,0.0,0.0,0.0,0.0,0.0,0.0,0.0,0.0,0.0,0.0,0.0
1761396937212006309,18393,1761396937211335853,,joint1,joint2,joint3,joint4,joint5,joint6,-0.00031403140746988356,-0.40279027819633484,-0.05918591842055321,-0.012875287793576717,-0.2141014039516449,0.835951566696167,0.0,0.0,0.0,0.0,0.0,0.0,0.0,0.0,0.0,0.0,0.0,0.0
1761396937232262610,18394,1761396937231376386,,joint1,joint2,joint3,joint4,joint5,joint6,-0.00031403140746988356,-0.40279027819633484,-0.05918591842055321,-0.012875287793576717,-0.2141014039516449,0.835951566696167,0.0,0.0,0.0,0.0,0.0,0.0,0.0,0.0,0.0,0.0,0.0,0.0
1761396937252315914,18395,1761396937251323037,,joint1,joint2,joint3,joint4,joint5,joint6,-0.00031403140746988356,-0.40279027819633484,-0.05918591842055321,-0.012875287793576717,-0.2141014039516449,0.835951566696167,0.0,0.0,0.0,0.0,0.0,0.0,0.0,0.0,0.0,0.0,0.0,0.0
1761396937272253548,18396,1761396937271327782,,joint1,joint2,joint3,joint4,joint5,joint6,-0.00031403140746988356,-0.40279027819633484,-0.05918591842055321,-0.012875287793576717,-0.2141014039516449,0.835951566696167,0.0,0.0,0.0,0.0,0.0,0.0,0.0,0.0,0.0,0.0,0.0,0.0
1761396937291952032,18397,1761396937291310756,,joint1,joint2,joint3,joint4,joint5,joint6,-0.00031403140746988356,-0.40279027819633484,-0.05918591842055321,-0.012875287793576717,-0.2141014039516449,0.835951566696167,0.0,0.0,0.0,0.0,0.0,0.0,0.0,0.0,0.0,0.0,0.0,0.0
1761396937311862196,18398,1761396937311371210,,joint1,joint2,joint3,joint4,joint5,joint6,-0.00031403140746988356,-0.40279027819633484,-0.05918591842055321,-0.012875287793576717,-0.2141014039516449,0.835951566696167,0.0,0.0,0.0,0.0,0.0,0.0,0.0,0.0,0.0,0.0,0.0,0.0
1761396937331722000,18399,1761396937331330627,,joint1,joint2,joint3,joint4,joint5,joint6,-0.00031403140746988356,-0.40279027819633484,-0.05918591842055321,-0.012875287793576717,-0.2141014039516449,0.835951566696167,0.0,0.0,0.0,0.0,0.0,0.0,0.0,0.0,0.0,0.0,0.0,0.0
1761396937352160502,18400,1761396937351373379,,joint1,joint2,joint3,joint4,joint5,joint6,-0.00031403140746988356,-0.40279027819633484,-0.05918591842055321,-0.012875287793576717,-0.2141014039516449,0.835951566696167,0.0,0.0,0.0,0.0,0.0,0.0,0.0,0.0,0.0,0.0,0.0,0.0
1761396937371898663,18401,1761396937371326085,,joint1,joint2,joint3,joint4,joint5,joint6,-0.00031403140746988356,-0.40279027819633484,-0.05918591842055321,-0.012875287793576717,-0.2141014039516449,0.835951566696167,0.0,0.0,0.0,0.0,0.0,0.0,0.0,0.0,0.0,0.0,0.0,0.0
1761396937392074925,18402,1761396937391328737,,joint1,joint2,joint3,joint4,joint5,joint6,-0.00031403140746988356,-0.40279027819633484,-0.05918591842055321,-0.012875287793576717,-0.2141014039516449,0.835951566696167,0.0,0.0,0.0,0.0,0.0,0.0,0.0,0.0,0.0,0.0,0.0,0.0
1761396937412141435,18403,1761396937411382259,,joint1,joint2,joint3,joint4,joint5,joint6,-0.00031403140746988356,-0.40279027819633484,-0.05698569864034653,-0.012875287793576717,-0.2141014039516449,0.835951566696167,0.0,0.0,0.0,0.0,0.0,0.0,0.0,0.0,0.0,0.0,0.0,0.0
1761396937432078158,18404,1761396937431333394,,joint1,joint2,joint3,joint4,joint5,joint6,-0.00031403140746988356,-0.40279027819633484,-0.05698569864034653,-0.012875287793576717,-0.2141014039516449,0.835951566696167,0.0,0.0,0.0,0.0,0.0,0.0,0.0,0.0,0.0,0.0,0.0,0.0
1761396937451865586,18405,1761396937451384514,,joint1,joint2,joint3,joint4,joint5,joint6,-0.00031403140746988356,-0.40279027819633484,-0.05698569864034653,-0.012875287793576717,-0.2141014039516449,0.835951566696167,0.0,0.0,0.0,0.0,0.0,0.0,0.0,0.0,0.0,0.0,0.0,0.0
1761396937471888201,18406,1761396937471392390,,joint1,joint2,joint3,joint4,joint5,joint6,-0.00031403140746988356,-0.40279027819633484,-0.057425741106271744,-0.012875287793576717,-0.2141014039516449,0.835951566696167,0.0,0.0,0.0,0.0,0.0,0.0,0.0,0.0,0.0,0.0,0.0,0.0
1761396937492360897,18407,1761396937491353270,,joint1,joint2,joint3,joint4,joint5,joint6,-0.00031403140746988356,-0.40279027819633484,-0.057425741106271744,-0.012875287793576717,-0.2141014039516449,0.835951566696167,0.0,0.0,0.0,0.0,0.0,0.0,0.0,0.0,0.0,0.0,0.0,0.0
1761396937512269079,18408,1761396937511382847,,joint1,joint2,joint3,joint4,joint5,joint6,-0.00031403140746988356,-0.40279027819633484,-0.05786578729748726,-0.012875287793576717,-0.2141014039516449,0.835951566696167,0.0,0.0,0.0,0.0,0.0,0.0,0.0,0.0,0.0,0.0,0.0,0.0
1761396937531873220,18409,1761396937531365994,,joint1,joint2,joint3,joint4,joint5,joint6,-0.00031403140746988356,-0.40279027819633484,-0.05786578729748726,-0.012875287793576717,-0.2141014039516449,0.835951566696167,0.0,0.0,0.0,0.0,0.0,0.0,0.0,0.0,0.0,0.0,0.0,0.0
1761396937552088901,18410,1761396937551383488,,joint1,joint2,joint3,joint4,joint5,joint6,-0.00031403140746988356,-0.40279027819633484,-0.05874587595462799,-0.012875287793576717,-0.2141014039516449,0.835951566696167,0.0,0.0,0.0,0.0,0.0,0.0,0.0,0.0,0.0,0.0,0.0,0.0
1761396937572163451,18411,1761396937571334913,,joint1,joint2,joint3,joint4,joint5,joint6,-0.00031403140746988356,-0.40279027819633484,-0.05874587595462799,-0.012875287793576717,-0.2141014039516449,0.835951566696167,0.0,0.0,0.0,0.0,0.0,0.0,0.0,0.0,0.0,0.0,0.0,0.0
1761396937591893754,18412,1761396937591369360,,joint1,joint2,joint3,joint4,joint5,joint6,-0.00031403140746988356,-0.40279027819633484,-0.059625960886478424,-0.012875287793576717,-0.2141014039516449,0.835951566696167,0.0,0.0,0.0,0.0,0.0,0.0,0.0,0.0,0.0,0.0,0.0,0.0
1761396937611970036,18413,1761396937611386548,,joint1,joint2,joint3,joint4,joint5,joint6,-0.00031403140746988356,-0.40279027819633484,-0.06094609573483467,-0.012875287793576717,-0.2141014039516449,0.835951566696167,0.0,0.0,0.0,0.0,0.0,0.0,0.0,0.0,0.0,0.0,0.0,0.0
1761396937632295876,18414,1761396937631328539,,joint1,joint2,joint3,joint4,joint5,joint6,-0.00031403140746988356,-0.40279027819633484,-0.06094609573483467,-0.012875287793576717,-0.2141014039516449,0.835951566696167,0.0,0.0,0.0,0.0,0.0,0.0,0.0,0.0,0.0,0.0,0.0,0.0
1761396937651950883,18415,1761396937651380288,,joint1,joint2,joint3,joint4,joint5,joint6,-0.00031403140746988356,-0.40279027819633484,-0.06226622685790062,-0.012875287793576717,-0.2141014039516449,0.835951566696167,0.0,0.0,0.0,0.0,0.0,0.0,0.0,0.0,0.0,0.0,0.0,0.0
1761396937672108109,18416,1761396937671384004,,joint1,joint2,joint3,joint4,joint5,joint6,-0.00031403140746988356,-0.40279027819633484,-0.06226622685790062,-0.012875287793576717,-0.2141014039516449,0.835951566696167,0.0,0.0,0.0,0.0,0.0,0.0,0.0,0.0,0.0,0.0,0.0,0.0
1761396937692020846,18417,1761396937691386400,,joint1,joint2,joint3,joint4,joint5,joint6,-0.00031403140746988356,-0.40279027819633484,-0.06358636170625687,-0.012875287793576717,-0.2141014039516449,0.835951566696167,0.0,0.0,0.0,0.0,0.0,0.0,0.0,0.0,0.0,0.0,0.0,0.0
1761396937712218822,18418,1761396937711381435,,joint1,joint2,joint3,joint4,joint5,joint6,-0.00031403140746988356,-0.40279027819633484,-0.06358636170625687,-0.012875287793576717,-0.2141014039516449,0.835951566696167,0.0,0.0,0.0,0.0,0.0,0.0,0.0,0.0,0.0,0.0,0.0,0.0
1761396937732270455,18419,1761396937731383884,,joint1,joint2,joint3,joint4,joint5,joint6,-0.00031403140746988356,-0.40279027819633484,-0.06534653156995773,-0.012875287793576717,-0.2141014039516449,0.835951566696167,0.0,0.0,0.0,0.0,0.0,0.0,0.0,0.0,0.0,0.0,0.0,0.0
1761396937752005836,18420,1761396937751336439,,joint1,joint2,joint3,joint4,joint5,joint6,-0.00031403140746988356,-0.40279027819633484,-0.06534653156995773,-0.012875287793576717,-0.2141014039516449,0.835951566696167,0.0,0.0,0.0,0.0,0.0,0.0,0.0,0.0,0.0,0.0,0.0,0.0
1761396937772292417,18421,1761396937771329107,,joint1,joint2,joint3,joint4,joint5,joint6,-0.00031403140746988356,-0.40279027819633484,-0.06754675507545471,-0.012875287793576717,-0.2141014039516449,0.835951566696167,0.0,0.0,0.0,0.0,0.0,0.0,0.0,0.0,0.0,0.0,0.0,0.0
1761396937792365925,18422,1761396937791383770,,joint1,joint2,joint3,joint4,joint5,joint6,-0.00031403140746988356,-0.40279027819633484,-0.07018701732158661,-0.012875287793576717,-0.2141014039516449,0.835951566696167,0.0,0.0,0.0,0.0,0.0,0.0,0.0,0.0,0.0,0.0,0.0,0.0
1761396937811954592,18423,1761396937811382302,,joint1,joint2,joint3,joint4,joint5,joint6,-0.00031403140746988356,-0.40279027819633484,-0.07018701732158661,-0.012875287793576717,-0.2141014039516449,0.835951566696167,0.0,0.0,0.0,0.0,0.0,0.0,0.0,0.0,0.0,0.0,0.0,0.0
1761396937832097660,18424,1761396937831333525,,joint1,joint2,joint3,joint4,joint5,joint6,-0.00031403140746988356,-0.40279027819633484,-0.07194719463586807,-0.012875287793576717,-0.2141014039516449,0.835951566696167,0.0,0.0,0.0,0.0,0.0,0.0,0.0,0.0,0.0,0.0,0.0,0.0
1761396937852667477,18425,1761396937851381525,,joint1,joint2,joint3,joint4,joint5,joint6,-0.00031403140746988356,-0.40279027819633484,-0.07194719463586807,-0.012875287793576717,-0.2141014039516449,0.835951566696167,0.0,0.0,0.0,0.0,0.0,0.0,0.0,0.0,0.0,0.0,0.0,0.0
1761396937871888725,18426,1761396937871362788,,joint1,joint2,joint3,joint4,joint5,joint6,-0.00031403140746988356,-0.40279027819633484,-0.07502750307321548,-0.012875287793576717,-0.2141014039516449,0.835951566696167,0.0,0.0,0.0,0.0,0.0,0.0,0.0,0.0,0.0,0.0,0.0,0.0
1761396937892045511,18427,1761396937891385539,,joint1,joint2,joint3,joint4,joint5,joint6,-0.00031403140746988356,-0.40279027819633484,-0.07502750307321548,-0.012875287793576717,-0.2141014039516449,0.835951566696167,0.0,0.0,0.0,0.0,0.0,0.0,0.0,0.0,0.0,0.0,0.0,0.0
1761396937911878745,18428,1761396937911382905,,joint1,joint2,joint3,joint4,joint5,joint6,-0.00031403140746988356,-0.40279027819633484,-0.0781078115105629,-0.012875287793576717,-0.2141014039516449,0.835951566696167,0.0,0.0,0.0,0.0,0.0,0.0,0.0,0.0,0.0,0.0,0.0,0.0
1761396937932245307,18429,1761396937931320947,,joint1,joint2,joint3,joint4,joint5,joint6,-0.00031403140746988356,-0.40279027819633484,-0.0781078115105629,-0.012875287793576717,-0.2141014039516449,0.835951566696167,0.0,0.0,0.0,0.0,0.0,0.0,0.0,0.0,0.0,0.0,0.0,0.0
1761396937952455829,18430,1761396937951375110,,joint1,joint2,joint3,joint4,joint5,joint6,-0.00031403140746988356,-0.40279027819633484,-0.08162816613912582,-0.012875287793576717,-0.2141014039516449,0.835951566696167,0.0,0.0,0.0,0.0,0.0,0.0,0.0,0.0,0.0,0.0,0.0,0.0
1761396937972211821,18431,1761396937971344464,,joint1,joint2,joint3,joint4,joint5,joint6,-0.00031403140746988356,-0.40279027819633484,-0.0838283821940422,-0.012875287793576717,-0.2141014039516449,0.835951566696167,0.0,0.0,0.0,0.0,0.0,0.0,0.0,0.0,0.0,0.0,0.0,0.0
1761396937991972867,18432,1761396937991433368,,joint1,joint2,joint3,joint4,joint5,joint6,-0.00031403140746988356,-0.40279027819633484,-0.0838283821940422,-0.012875287793576717,-0.2141014039516449,0.835951566696167,0.0,0.0,0.0,0.0,0.0,0.0,0.0,0.0,0.0,0.0,0.0,0.0
1761396938012262604,18433,1761396938011385182,,joint1,joint2,joint3,joint4,joint5,joint6,-0.00031403140746988356,-0.40279027819633484,-0.08778877556324005,-0.012875287793576717,-0.2141014039516449,0.835951566696167,0.0,0.0,0.0,0.0,0.0,0.0,0.0,0.0,0.0,0.0,0.0,0.0
1761396938031933290,18434,1761396938031380179,,joint1,joint2,joint3,joint4,joint5,joint6,-0.00031403140746988356,-0.40279027819633484,-0.08778877556324005,-0.012875287793576717,-0.2141014039516449,0.835951566696167,0.0,0.0,0.0,0.0,0.0,0.0,0.0,0.0,0.0,0.0,0.0,0.0
1761396938052344631,18435,1761396938051320805,,joint1,joint2,joint3,joint4,joint5,joint6,-0.00031403140746988356,-0.40279027819633484,-0.09218922257423401,-0.012875287793576717,-0.2141014039516449,0.835951566696167,0.0,0.0,0.0,0.0,0.0,0.0,0.0,0.0,0.0,0.0,0.0,0.0
1761396938072111250,18436,1761396938071322031,,joint1,joint2,joint3,joint4,joint5,joint6,-0.00031403140746988356,-0.40279027819633484,-0.09218922257423401,-0.012875287793576717,-0.2141014039516449,0.835951566696167,0.0,0.0,0.0,0.0,0.0,0.0,0.0,0.0,0.0,0.0,0.0,0.0
1761396938092256711,18437,1761396938091324068,,joint1,joint2,joint3,joint4,joint5,joint6,-0.00031403140746988356,-0.40279027819633484,-0.09702970087528229,-0.012875287793576717,-0.2141014039516449,0.835951566696167,0.0,0.0,0.0,0.0,0.0,0.0,0.0,0.0,0.0,0.0,0.0,0.0
1761396938112203140,18438,1761396938111325625,,joint1,joint2,joint3,joint4,joint5,joint6,-0.00031403140746988356,-0.40279027819633484,-0.09702970087528229,-0.012875287793576717,-0.2141014039516449,0.835951566696167,0.0,0.0,0.0,0.0,0.0,0.0,0.0,0.0,0.0,0.0,0.0,0.0
1761396938131921459,18439,1761396938131380942,,joint1,joint2,joint3,joint4,joint5,joint6,-0.00031403140746988356,-0.40279027819633484,-0.10187018662691116,-0.012875287793576717,-0.2141014039516449,0.835951566696167,0.0,0.0,0.0,0.0,0.0,0.0,0.0,0.0,0.0,0.0,0.0,0.0
1761396938152698359,18440,1761396938151389190,,joint1,joint2,joint3,joint4,joint5,joint6,-0.00031403140746988356,-0.40279027819633484,-0.10451044887304306,-0.012875287793576717,-0.2141014039516449,0.835951566696167,0.0,0.0,0.0,0.0,0.0,0.0,0.0,0.0,0.0,0.0,0.0,0.0
1761396938171939062,18441,1761396938171380631,,joint1,joint2,joint3,joint4,joint5,joint6,-0.00031403140746988356,-0.40279027819633484,-0.10451044887304306,-0.012875287793576717,-0.2141014039516449,0.835951566696167,0.0,0.0,0.0,0.0,0.0,0.0,0.0,0.0,0.0,0.0,0.0,0.0
1761396938192299285,18442,1761396938191368897,,joint1,joint2,joint3,joint4,joint5,joint6,-0.00031403140746988356,-0.40279027819633484,-0.10979098081588745,-0.012875287793576717,-0.2141014039516449,0.835951566696167,0.0,0.0,0.0,0.0,0.0,0.0,0.0,0.0,0.0,0.0,0.0,0.0
1761396938211905647,18443,1761396938211380960,,joint1,joint2,joint3,joint4,joint5,joint6,-0.00031403140746988356,-0.40279027819633484,-0.10979098081588745,-0.012875287793576717,-0.2141014039516449,0.835951566696167,0.0,0.0,0.0,0.0,0.0,0.0,0.0,0.0,0.0,0.0,0.0,0.0
1761396938232285961,18444,1761396938231373868,,joint1,joint2,joint3,joint4,joint5,joint6,-0.00031403140746988356,-0.40279027819633484,-0.11595159769058228,-0.012875287793576717,-0.2141014039516449,0.835951566696167,0.0,0.0,0.0,0.0,0.0,0.0,0.0,0.0,0.0,0.0,0.0,0.0
1761396938252103979,18445,1761396938251373571,,joint1,joint2,joint3,joint4,joint5,joint6,-0.00031403140746988356,-0.40279027819633484,-0.11595159769058228,-0.012875287793576717,-0.2141014039516449,0.835951566696167,0.0,0.0,0.0,0.0,0.0,0.0,0.0,0.0,0.0,0.0,0.0,0.0
1761396938272114403,18446,1761396938271332053,,joint1,joint2,joint3,joint4,joint5,joint6,-0.00031403140746988356,-0.40279027819633484,-0.1221122145652771,-0.012875287793576717,-0.2141014039516449,0.835951566696167,0.0,0.0,0.0,0.0,0.0,0.0,0.0,0.0,0.0,0.0,0.0,0.0
1761396938291931472,18447,1761396938291374117,,joint1,joint2,joint3,joint4,joint5,joint6,-0.00031403140746988356,-0.40279027819633484,-0.1221122145652771,-0.012875287793576717,-0.2141014039516449,0.835951566696167,0.0,0.0,0.0,0.0,0.0,0.0,0.0,0.0,0.0,0.0,0.0,0.0
1761396938312113629,18448,1761396938311381383,,joint1,joint2,joint3,joint4,joint5,joint6,-0.00031403140746988356,-0.40279027819633484,-0.1251925230026245,-0.012875287793576717,-0.2141014039516449,0.835951566696167,0.0,0.0,0.0,0.0,0.0,0.0,0.0,0.0,0.0,0.0,0.0,0.0
1761396938332129307,18449,1761396938331356231,,joint1,joint2,joint3,joint4,joint5,joint6,-0.00031403140746988356,-0.40279027819633484,-0.13135313987731934,-0.012875287793576717,-0.2141014039516449,0.835951566696167,0.0,0.0,0.0,0.0,0.0,0.0,0.0,0.0,0.0,0.0,0.0,0.0
1761396938352313620,18450,1761396938351341621,,joint1,joint2,joint3,joint4,joint5,joint6,-0.00031403140746988356,-0.40279027819633484,-0.13135313987731934,-0.012875287793576717,-0.2141014039516449,0.835951566696167,0.0,0.0,0.0,0.0,0.0,0.0,0.0,0.0,0.0,0.0,0.0,0.0
1761396938372158412,18451,1761396938371382587,,joint1,joint2,joint3,joint4,joint5,joint6,-0.00031403140746988356,-0.40279027819633484,-0.138393834233284,-0.012875287793576717,-0.2141014039516449,0.835951566696167,0.0,0.0,0.0,0.0,0.0,0.0,0.0,0.0,0.0,0.0,0.0,0.0
1761396938392062955,18452,1761396938391346504,,joint1,joint2,joint3,joint4,joint5,joint6,-0.00031403140746988356,-0.40279027819633484,-0.138393834233284,-0.012875287793576717,-0.2141014039516449,0.835951566696167,0.0,0.0,0.0,0.0,0.0,0.0,0.0,0.0,0.0,0.0,0.0,0.0
1761396938412257141,18453,1761396938411339661,,joint1,joint2,joint3,joint4,joint5,joint6,-0.00031403140746988356,-0.40279027819633484,-0.14543454349040985,-0.012875287793576717,-0.2141014039516449,0.835951566696167,0.0,0.0,0.0,0.0,0.0,0.0,0.0,0.0,0.0,0.0,0.0,0.0
1761396938431862469,18454,1761396938431322650,,joint1,joint2,joint3,joint4,joint5,joint6,-0.00031403140746988356,-0.40279027819633484,-0.14543454349040985,-0.012875287793576717,-0.2141014039516449,0.835951566696167,0.0,0.0,0.0,0.0,0.0,0.0,0.0,0.0,0.0,0.0,0.0,0.0
1761396938451942699,18455,1761396938451380766,,joint1,joint2,joint3,joint4,joint5,joint6,-0.00031403140746988356,-0.40279027819633484,-0.14895489811897278,-0.012875287793576717,-0.2141014039516449,0.835951566696167,0.0,0.0,0.0,0.0,0.0,0.0,0.0,0.0,0.0,0.0,0.0,0.0
1761396938471884145,18456,1761396938471327486,,joint1,joint2,joint3,joint4,joint5,joint6,-0.00031403140746988356,-0.40279027819633484,-0.14895489811897278,-0.012875287793576717,-0.2141014039516449,0.835951566696167,0.0,0.0,0.0,0.0,0.0,0.0,0.0,0.0,0.0,0.0,0.0,0.0
1761396938492182222,18457,1761396938491321702,,joint1,joint2,joint3,joint4,joint5,joint6,-0.00031403140746988356,-0.40279027819633484,-0.15687568485736847,-0.012875287793576717,-0.2141014039516449,0.835951566696167,0.0,0.0,0.0,0.0,0.0,0.0,0.0,0.0,0.0,0.0,0.0,0.0
1761396938511840750,18458,1761396938511346412,,joint1,joint2,joint3,joint4,joint5,joint6,-0.00031403140746988356,-0.40279027819633484,-0.16479648649692535,-0.012875287793576717,-0.2141014039516449,0.835951566696167,0.0,0.0,0.0,0.0,0.0,0.0,0.0,0.0,0.0,0.0,0.0,0.0
1761396938532444010,18459,1761396938531419113,,joint1,joint2,joint3,joint4,joint5,joint6,-0.00031403140746988356,-0.40279027819633484,-0.16479648649692535,-0.012875287793576717,-0.2141014039516449,0.835951566696167,0.0,0.0,0.0,0.0,0.0,0.0,0.0,0.0,0.0,0.0,0.0,0.0
1761396938551841334,18460,1761396938551382723,,joint1,joint2,joint3,joint4,joint5,joint6,-0.00031403140746988356,-0.40279027819633484,-0.17271727323532104,-0.012875287793576717,-0.2141014039516449,0.835951566696167,0.0,0.0,0.0,0.0,0.0,0.0,0.0,0.0,0.0,0.0,0.0,0.0
1761396938572150737,18461,1761396938571329002,,joint1,joint2,joint3,joint4,joint5,joint6,-0.00031403140746988356,-0.40279027819633484,-0.17271727323532104,-0.012875287793576717,-0.2141014039516449,0.835951566696167,0.0,0.0,0.0,0.0,0.0,0.0,0.0,0.0,0.0,0.0,0.0,0.0
1761396938592399608,18462,1761396938591381567,,joint1,joint2,joint3,joint4,joint5,joint6,-0.00031403140746988356,-0.40279027819633484,-0.18063805997371674,-0.012875287793576717,-0.2141014039516449,0.835951566696167,0.0,0.0,0.0,0.0,0.0,0.0,0.0,0.0,0.0,0.0,0.0,0.0
1761396938611966991,18463,1761396938611380796,,joint1,joint2,joint3,joint4,joint5,joint6,-0.00031403140746988356,-0.40279027819633484,-0.18063805997371674,-0.012875287793576717,-0.2141014039516449,0.835951566696167,0.0,0.0,0.0,0.0,0.0,0.0,0.0,0.0,0.0,0.0,0.0,0.0
1761396938631988418,18464,1761396938631373367,,joint1,joint2,joint3,joint4,joint5,joint6,-0.00031403140746988356,-0.40279027819633484,-0.1854785531759262,-0.012875287793576717,-0.2141014039516449,0.835951566696167,0.0,0.0,0.0,0.0,0.0,0.0,0.0,0.0,0.0,0.0,0.0,0.0
1761396938652237249,18465,1761396938651379385,,joint1,joint2,joint3,joint4,joint5,joint6,-0.00031403140746988356,-0.40279027819633484,-0.1854785531759262,-0.012875287793576717,-0.2141014039516449,0.835951566696167,0.0,0.0,0.0,0.0,0.0,0.0,0.0,0.0,0.0,0.0,0.0,0.0
1761396938672261145,18466,1761396938671369209,,joint1,joint2,joint3,joint4,joint5,joint6,-0.00031403140746988356,-0.40279027819633484,-0.19427943229675293,-0.012875287793576717,-0.2141014039516449,0.835951566696167,0.0,0.0,0.0,0.0,0.0,0.0,0.0,0.0,0.0,0.0,0.0,0.0
1761396938691917325,18467,1761396938691373370,,joint1,joint2,joint3,joint4,joint5,joint6,-0.00031403140746988356,-0.40279027819633484,-0.20308031141757965,-0.012875287793576717,-0.2141014039516449,0.835951566696167,0.0,0.0,0.0,0.0,0.0,0.0,0.0,0.0,0.0,0.0,0.0,0.0
1761396938711888960,18468,1761396938711380576,,joint1,joint2,joint3,joint4,joint5,joint6,-0.00031403140746988356,-0.40279027819633484,-0.20308031141757965,-0.012875287793576717,-0.2141014039516449,0.835951566696167,0.0,0.0,0.0,0.0,0.0,0.0,0.0,0.0,0.0,0.0,0.0,0.0
1761396938731891678,18469,1761396938731384528,,joint1,joint2,joint3,joint4,joint5,joint6,-0.00031403140746988356,-0.40279027819633484,-0.2127612829208374,-0.012875287793576717,-0.2141014039516449,0.835951566696167,0.0,0.0,0.0,0.0,0.0,0.0,0.0,0.0,0.0,0.0,0.0,0.0
1761396938752114285,18470,1761396938751356568,,joint1,joint2,joint3,joint4,joint5,joint6,-0.00031403140746988356,-0.40279027819633484,-0.2127612829208374,-0.012875287793576717,-0.2141014039516449,0.835951566696167,0.0,0.0,0.0,0.0,0.0,0.0,0.0,0.0,0.0,0.0,0.0,0.0
1761396938772108019,18471,1761396938771329052,,joint1,joint2,joint3,joint4,joint5,joint6,-0.00031403140746988356,-0.40279027819633484,-0.21760176122188568,-0.012875287793576717,-0.2141014039516449,0.835951566696167,0.0,0.0,0.0,0.0,0.0,0.0,0.0,0.0,0.0,0.0,0.0,0.0
1761396938791893214,18472,1761396938791383063,,joint1,joint2,joint3,joint4,joint5,joint6,-0.00031403140746988356,-0.40279027819633484,-0.21760176122188568,-0.012875287793576717,-0.2141014039516449,0.835951566696167,0.0,0.0,0.0,0.0,0.0,0.0,0.0,0.0,0.0,0.0,0.0,0.0
1761396938812528954,18473,1761396938811386871,,joint1,joint2,joint3,joint4,joint5,joint6,-0.00031403140746988356,-0.40279027819633484,-0.22772277891635895,-0.012875287793576717,-0.2141014039516449,0.835951566696167,0.0,0.0,0.0,0.0,0.0,0.0,0.0,0.0,0.0,0.0,0.0,0.0
1761396938831841610,18474,1761396938831336076,,joint1,joint2,joint3,joint4,joint5,joint6,-0.00031403140746988356,-0.40279027819633484,-0.22772277891635895,-0.012875287793576717,-0.2141014039516449,0.835951566696167,0.0,0.0,0.0,0.0,0.0,0.0,0.0,0.0,0.0,0.0,0.0,0.0
1761396938851942881,18475,1761396938851338090,,joint1,joint2,joint3,joint4,joint5,joint6,-0.00031403140746988356,-0.40279027819633484,-0.23828382790088654,-0.012875287793576717,-0.2141014039516449,0.835951566696167,0.0,0.0,0.0,0.0,0.0,0.0,0.0,0.0,0.0,0.0,0.0,0.0
1761396938871960338,18476,1761396938871333395,,joint1,joint2,joint3,joint4,joint5,joint6,-0.00031403140746988356,-0.40279027819633484,-0.24884489178657532,-0.012875287793576717,-0.2141014039516449,0.835951566696167,0.0,0.0,0.0,0.0,0.0,0.0,0.0,0.0,0.0,0.0,0.0,0.0
1761396938892261769,18477,1761396938891337891,,joint1,joint2,joint3,joint4,joint5,joint6,-0.00031403140746988356,-0.40279027819633484,-0.24884489178657532,-0.012875287793576717,-0.2141014039516449,0.835951566696167,0.0,0.0,0.0,0.0,0.0,0.0,0.0,0.0,0.0,0.0,0.0,0.0
1761396938912156691,18478,1761396938911387350,,joint1,joint2,joint3,joint4,joint5,joint6,-0.00031403140746988356,-0.40279027819633484,-0.2541254162788391,-0.012875287793576717,-0.2141014039516449,0.835951566696167,0.0,0.0,0.0,0.0,0.0,0.0,0.0,0.0,0.0,0.0,0.0,0.0
1761396938932235288,18479,1761396938931355047,,joint1,joint2,joint3,joint4,joint5,joint6,-0.00031403140746988356,-0.40279027819633484,-0.2541254162788391,-0.012875287793576717,-0.2141014039516449,0.835951566696167,0.0,0.0,0.0,0.0,0.0,0.0,0.0,0.0,0.0,0.0,0.0,0.0
1761396938952422426,18480,1761396938951390500,,joint1,joint2,joint3,joint4,joint5,joint6,-0.00031403140746988356,-0.40279027819633484,-0.2651265263557434,-0.012875287793576717,-0.2141014039516449,0.835951566696167,0.0,0.0,0.0,0.0,0.0,0.0,0.0,0.0,0.0,0.0,0.0,0.0
1761396938972302403,18481,1761396938971376809,,joint1,joint2,joint3,joint4,joint5,joint6,-0.00031403140746988356,-0.40279027819633484,-0.2651265263557434,-0.012875287793576717,-0.2141014039516449,0.835951566696167,0.0,0.0,0.0,0.0,0.0,0.0,0.0,0.0,0.0,0.0,0.0,0.0
1761396938991984720,18482,1761396938991385543,,joint1,joint2,joint3,joint4,joint5,joint6,-0.00031403140746988356,-0.40279027819633484,-0.2761276066303253,-0.012875287793576717,-0.2141014039516449,0.835951566696167,0.0,0.0,0.0,0.0,0.0,0.0,0.0,0.0,0.0,0.0,0.0,0.0
1761396939011847732,18483,1761396939011384197,,joint1,joint2,joint3,joint4,joint5,joint6,-0.00031403140746988356,-0.40279027819633484,-0.2761276066303253,-0.012875287793576717,-0.2141014039516449,0.835951566696167,0.0,0.0,0.0,0.0,0.0,0.0,0.0,0.0,0.0,0.0,0.0,0.0
1761396939032303157,18484,1761396939031318581,,joint1,joint2,joint3,joint4,joint5,joint6,-0.00031403140746988356,-0.40279027819633484,-0.28800880908966064,-0.012875287793576717,-0.2141014039516449,0.835951566696167,0.0,0.0,0.0,0.0,0.0,0.0,0.0,0.0,0.0,0.0,0.0,0.0
1761396939051910429,18485,1761396939051381920,,joint1,joint2,joint3,joint4,joint5,joint6,-0.00031403140746988356,-0.40279027819633484,-0.2998899817466736,-0.012875287793576717,-0.2141014039516449,0.835951566696167,0.0,0.0,0.0,0.0,0.0,0.0,0.0,0.0,0.0,0.0,0.0,0.0
1761396939072115232,18486,1761396939071325194,,joint1,joint2,joint3,joint4,joint5,joint6,-0.00031403140746988356,-0.40279027819633484,-0.2998899817466736,-0.012875287793576717,-0.2141014039516449,0.835951566696167,0.0,0.0,0.0,0.0,0.0,0.0,0.0,0.0,0.0,0.0,0.0,0.0
1761396939092126211,18487,1761396939091383160,,joint1,joint2,joint3,joint4,joint5,joint6,-0.00031403140746988356,-0.40279027819633484,-0.3056105673313141,-0.012875287793576717,-0.2141014039516449,0.835951566696167,0.0,0.0,0.0,0.0,0.0,0.0,0.0,0.0,0.0,0.0,0.0,0.0
1761396939115488293,18488,1761396939114663101,,joint1,joint2,joint3,joint4,joint5,joint6,-0.00031403140746988356,-0.40279027819633484,-0.3056105673313141,-0.012875287793576717,-0.2141014039516449,0.835951566696167,0.0,0.0,0.0,0.0,0.0,0.0,0.0,0.0,0.0,0.0,0.0,0.0
1761396939132069982,18489,1761396939131370916,,joint1,joint2,joint3,joint4,joint5,joint6,-0.00031403140746988356,-0.40279027819633484,-0.31221121549606323,-0.012875287793576717,-0.2141014039516449,0.835951566696167,0.0,0.0,0.0,0.0,0.0,0.0,0.0,0.0,0.0,0.0,0.0,0.0
1761396939152402972,18490,1761396939151325228,,joint1,joint2,joint3,joint4,joint5,joint6,-0.00031403140746988356,-0.40279027819633484,-0.31221121549606323,-0.012875287793576717,-0.2141014039516449,0.835951566696167,0.0,0.0,0.0,0.0,0.0,0.0,0.0,0.0,0.0,0.0,0.0,0.0
1761396939172189688,18491,1761396939171373249,,joint1,joint2,joint3,joint4,joint5,joint6,-0.00031403140746988356,-0.40279027819633484,-0.31221121549606323,-0.012875287793576717,-0.2141014039516449,0.835951566696167,0.0,0.0,0.0,0.0,0.0,0.0,0.0,0.0,0.0,0.0,0.0,0.0
1761396939192149223,18492,1761396939191333587,,joint1,joint2,joint3,joint4,joint5,joint6,-0.00031403140746988356,-0.40279027819633484,-0.31221121549606323,-0.012875287793576717,-0.2141014039516449,0.835951566696167,0.0,0.0,0.0,0.0,0.0,0.0,0.0,0.0,0.0,0.0,0.0,0.0
1761396939211895856,18493,1761396939211381226,,joint1,joint2,joint3,joint4,joint5,joint6,-0.00031403140746988356,-0.40279027819633484,-0.31221121549606323,-0.012875287793576717,-0.2141014039516449,0.835951566696167,0.0,0.0,0.0,0.0,0.0,0.0,0.0,0.0,0.0,0.0,0.0,0.0
1761396939232046445,18494,1761396939231290970,,joint1,joint2,joint3,joint4,joint5,joint6,-0.00031403140746988356,-0.40279027819633484,-0.31221121549606323,-0.012875287793576717,-0.2141014039516449,0.835951566696167,0.0,0.0,0.0,0.0,0.0,0.0,0.0,0.0,0.0,0.0,0.0,0.0
1761396939252150037,18495,1761396939251340687,,joint1,joint2,joint3,joint4,joint5,joint6,-0.00031403140746988356,-0.40279027819633484,-0.31221121549606323,-0.012875287793576717,-0.2141014039516449,0.835951566696167,0.0,0.0,0.0,0.0,0.0,0.0,0.0,0.0,0.0,0.0,0.0,0.0
1761396939272273805,18496,1761396939271319761,,joint1,joint2,joint3,joint4,joint5,joint6,-0.00031403140746988356,-0.40279027819633484,-0.31221121549606323,-0.012875287793576717,-0.2141014039516449,0.835951566696167,0.0,0.0,0.0,0.0,0.0,0.0,0.0,0.0,0.0,0.0,0.0,0.0
1761396939292284348,18497,1761396939291331934,,joint1,joint2,joint3,joint4,joint5,joint6,-0.00031403140746988356,-0.40279027819633484,-0.31221121549606323,-0.012875287793576717,-0.2141014039516449,0.835951566696167,0.0,0.0,0.0,0.0,0.0,0.0,0.0,0.0,0.0,0.0,0.0,0.0
1761396939312251626,18498,1761396939311327680,,joint1,joint2,joint3,joint4,joint5,joint6,-0.00031403140746988356,-0.40279027819633484,-0.31221121549606323,-0.012875287793576717,-0.2141014039516449,0.835951566696167,0.0,0.0,0.0,0.0,0.0,0.0,0.0,0.0,0.0,0.0,0.0,0.0
1761396939331919610,18499,1761396939331335908,,joint1,joint2,joint3,joint4,joint5,joint6,-0.00031403140746988356,-0.40279027819633484,-0.31221121549606323,-0.012875287793576717,-0.2141014039516449,0.835951566696167,0.0,0.0,0.0,0.0,0.0,0.0,0.0,0.0,0.0,0.0,0.0,0.0
1761396939351908588,18500,1761396939351384238,,joint1,joint2,joint3,joint4,joint5,joint6,-0.00031403140746988356,-0.40279027819633484,-0.31221121549606323,-0.012875287793576717,-0.2141014039516449,0.835951566696167,0.0,0.0,0.0,0.0,0.0,0.0,0.0,0.0,0.0,0.0,0.0,0.0
1761396939372202471,18501,1761396939371352395,,joint1,joint2,joint3,joint4,joint5,joint6,-0.00031403140746988356,-0.40279027819633484,-0.31221121549606323,-0.012875287793576717,-0.2141014039516449,0.835951566696167,0.0,0.0,0.0,0.0,0.0,0.0,0.0,0.0,0.0,0.0,0.0,0.0
1761396939391925406,18502,1761396939391382198,,joint1,joint2,joint3,joint4,joint5,joint6,-0.00031403140746988356,-0.40279027819633484,-0.31221121549606323,-0.012875287793576717,-0.2141014039516449,0.835951566696167,0.0,0.0,0.0,0.0,0.0,0.0,0.0,0.0,0.0,0.0,0.0,0.0
1761396939411891921,18503,1761396939411380142,,joint1,joint2,joint3,joint4,joint5,joint6,-0.00031403140746988356,-0.40279027819633484,-0.31221121549606323,-0.012875287793576717,-0.2141014039516449,0.835951566696167,0.0,0.0,0.0,0.0,0.0,0.0,0.0,0.0,0.0,0.0,0.0,0.0
1761396939432054243,18504,1761396939431320126,,joint1,joint2,joint3,joint4,joint5,joint6,-0.00031403140746988356,-0.40279027819633484,-0.31221121549606323,-0.012875287793576717,-0.2141014039516449,0.835951566696167,0.0,0.0,0.0,0.0,0.0,0.0,0.0,0.0,0.0,0.0,0.0,0.0
1761396939452067621,18505,1761396939451340853,,joint1,joint2,joint3,joint4,joint5,joint6,-0.00031403140746988356,-0.40279027819633484,-0.31221121549606323,-0.012875287793576717,-0.2141014039516449,0.835951566696167,0.0,0.0,0.0,0.0,0.0,0.0,0.0,0.0,0.0,0.0,0.0,0.0
1761396939472203473,18506,1761396939471373484,,joint1,joint2,joint3,joint4,joint5,joint6,-0.00031403140746988356,-0.40279027819633484,-0.31221121549606323,-0.012875287793576717,-0.2141014039516449,0.835951566696167,0.0,0.0,0.0,0.0,0.0,0.0,0.0,0.0,0.0,0.0,0.0,0.0
1761396939491963489,18507,1761396939491381628,,joint1,joint2,joint3,joint4,joint5,joint6,-0.00031403140746988356,-0.40029004216194153,-0.31221121549606323,-0.012875287793576717,-0.2141014039516449,0.835951566696167,0.0,0.0,0.0,0.0,0.0,0.0,0.0,0.0,0.0,0.0,0.0,0.0
1761396939512325472,18508,1761396939511383150,,joint1,joint2,joint3,joint4,joint5,joint6,-0.00031403140746988356,-0.40029004216194153,-0.31221121549606323,-0.012875287793576717,-0.2141014039516449,0.835951566696167,0.0,0.0,0.0,0.0,0.0,0.0,0.0,0.0,0.0,0.0,0.0,0.0
1761396939532027907,18509,1761396939531389484,,joint1,joint2,joint3,joint4,joint5,joint6,-0.00031403140746988356,-0.40029004216194153,-0.31221121549606323,-0.012875287793576717,-0.2141014039516449,0.835951566696167,0.0,0.0,0.0,0.0,0.0,0.0,0.0,0.0,0.0,0.0,0.0,0.0
1761396939552256328,18510,1761396939551405850,,joint1,joint2,joint3,joint4,joint5,joint6,-0.00031403140746988356,-0.40029004216194153,-0.31221121549606323,-0.012875287793576717,-0.2141014039516449,0.835951566696167,0.0,0.0,0.0,0.0,0.0,0.0,0.0,0.0,0.0,0.0,0.0,0.0
1761396939572101707,18511,1761396939571322168,,joint1,joint2,joint3,joint4,joint5,joint6,-0.00031403140746988356,-0.4007900655269623,-0.31221121549606323,-0.012875287793576717,-0.2141014039516449,0.835951566696167,0.0,0.0,0.0,0.0,0.0,0.0,0.0,0.0,0.0,0.0,0.0,0.0
1761396939592202514,18512,1761396939591328840,,joint1,joint2,joint3,joint4,joint5,joint6,-0.00031403140746988356,-0.4012901186943054,-0.31221121549606323,-0.012875287793576717,-0.2141014039516449,0.835951566696167,0.0,0.0,0.0,0.0,0.0,0.0,0.0,0.0,0.0,0.0,0.0,0.0
1761396939611902373,18513,1761396939611380718,,joint1,joint2,joint3,joint4,joint5,joint6,-0.00031403140746988356,-0.4012901186943054,-0.31221121549606323,-0.012875287793576717,-0.2141014039516449,0.835951566696167,0.0,0.0,0.0,0.0,0.0,0.0,0.0,0.0,0.0,0.0,0.0,0.0
1761396939632148330,18514,1761396939631380684,,joint1,joint2,joint3,joint4,joint5,joint6,-0.00031403140746988356,-0.4022902250289917,-0.31221121549606323,-0.012875287793576717,-0.2141014039516449,0.835951566696167,0.0,0.0,0.0,0.0,0.0,0.0,0.0,0.0,0.0,0.0,0.0,0.0
1761396939651837114,18515,1761396939651349601,,joint1,joint2,joint3,joint4,joint5,joint6,-0.00031403140746988356,-0.4022902250289917,-0.31221121549606323,-0.012875287793576717,-0.2141014039516449,0.835951566696167,0.0,0.0,0.0,0.0,0.0,0.0,0.0,0.0,0.0,0.0,0.0,0.0
1761396939671907001,18516,1761396939671380126,,joint1,joint2,joint3,joint4,joint5,joint6,-0.00031403140746988356,-0.403290331363678,-0.31221121549606323,-0.012875287793576717,-0.2141014039516449,0.835951566696167,0.0,0.0,0.0,0.0,0.0,0.0,0.0,0.0,0.0,0.0,0.0,0.0
1761396939691929217,18517,1761396939691388309,,joint1,joint2,joint3,joint4,joint5,joint6,-0.00031403140746988356,-0.403290331363678,-0.31221121549606323,-0.012875287793576717,-0.2141014039516449,0.835951566696167,0.0,0.0,0.0,0.0,0.0,0.0,0.0,0.0,0.0,0.0,0.0,0.0
1761396939712052928,18518,1761396939711379844,,joint1,joint2,joint3,joint4,joint5,joint6,-0.00031403140746988356,-0.4047904908657074,-0.31221121549606323,-0.012875287793576717,-0.2141014039516449,0.835951566696167,0.0,0.0,0.0,0.0,0.0,0.0,0.0,0.0,0.0,0.0,0.0,0.0
1761396939732027013,18519,1761396939731373951,,joint1,joint2,joint3,joint4,joint5,joint6,-0.00031403140746988356,-0.40679067373275757,-0.31221121549606323,-0.012875287793576717,-0.2141014039516449,0.835951566696167,0.0,0.0,0.0,0.0,0.0,0.0,0.0,0.0,0.0,0.0,0.0,0.0
1761396939752275364,18520,1761396939751395075,,joint1,joint2,joint3,joint4,joint5,joint6,-0.00031403140746988356,-0.40679067373275757,-0.31221121549606323,-0.012875287793576717,-0.2141014039516449,0.835951566696167,0.0,0.0,0.0,0.0,0.0,0.0,0.0,0.0,0.0,0.0,0.0,0.0
1761396939771765362,18521,1761396939771324950,,joint1,joint2,joint3,joint4,joint5,joint6,-0.00031403140746988356,-0.40929093956947327,-0.31221121549606323,-0.012875287793576717,-0.2141014039516449,0.835951566696167,0.0,0.0,0.0,0.0,0.0,0.0,0.0,0.0,0.0,0.0,0.0,0.0
1761396939792135004,18522,1761396939791381434,,joint1,joint2,joint3,joint4,joint5,joint6,-0.00031403140746988356,-0.40929093956947327,-0.31221121549606323,-0.012875287793576717,-0.2141014039516449,0.835951566696167,0.0,0.0,0.0,0.0,0.0,0.0,0.0,0.0,0.0,0.0,0.0,0.0
1761396939812414711,18523,1761396939811332263,,joint1,joint2,joint3,joint4,joint5,joint6,-0.00031403140746988356,-0.4122912287712097,-0.31221121549606323,-0.012875287793576717,-0.2141014039516449,0.835951566696167,0.0,0.0,0.0,0.0,0.0,0.0,0.0,0.0,0.0,0.0,0.0,0.0
1761396939831883192,18524,1761396939831372506,,joint1,joint2,joint3,joint4,joint5,joint6,-0.00031403140746988356,-0.4122912287712097,-0.31221121549606323,-0.012875287793576717,-0.2141014039516449,0.835951566696167,0.0,0.0,0.0,0.0,0.0,0.0,0.0,0.0,0.0,0.0,0.0,0.0
1761396939852336735,18525,1761396939851335071,,joint1,joint2,joint3,joint4,joint5,joint6,-0.00031403140746988356,-0.41379138827323914,-0.31221121549606323,-0.012875287793576717,-0.2141014039516449,0.835951566696167,0.0,0.0,0.0,0.0,0.0,0.0,0.0,0.0,0.0,0.0,0.0,0.0
1761396939872437982,18526,1761396939871386288,,joint1,joint2,joint3,joint4,joint5,joint6,-0.00031403140746988356,-0.41379138827323914,-0.31221121549606323,-0.012875287793576717,-0.2141014039516449,0.835951566696167,0.0,0.0,0.0,0.0,0.0,0.0,0.0,0.0,0.0,0.0,0.0,0.0
1761396939891963473,18527,1761396939891383503,,joint1,joint2,joint3,joint4,joint5,joint6,-0.00031403140746988356,-0.4172917306423187,-0.31221121549606323,-0.012875287793576717,-0.2141014039516449,0.835951566696167,0.0,0.0,0.0,0.0,0.0,0.0,0.0,0.0,0.0,0.0,0.0,0.0
1761396939912102773,18528,1761396939911325172,,joint1,joint2,joint3,joint4,joint5,joint6,-0.00031403140746988356,-0.4207920730113983,-0.31221121549606323,-0.012875287793576717,-0.2141014039516449,0.835951566696167,0.0,0.0,0.0,0.0,0.0,0.0,0.0,0.0,0.0,0.0,0.0,0.0
1761396939932264867,18529,1761396939931391850,,joint1,joint2,joint3,joint4,joint5,joint6,-0.00031403140746988356,-0.4207920730113983,-0.31221121549606323,-0.012875287793576717,-0.2141014039516449,0.835951566696167,0.0,0.0,0.0,0.0,0.0,0.0,0.0,0.0,0.0,0.0,0.0,0.0
1761396939952313886,18530,1761396939951392189,,joint1,joint2,joint3,joint4,joint5,joint6,-0.00031403140746988356,-0.42479246854782104,-0.31221121549606323,-0.012875287793576717,-0.2141014039516449,0.835951566696167,0.0,0.0,0.0,0.0,0.0,0.0,0.0,0.0,0.0,0.0,0.0,0.0
1761396939972198780,18531,1761396939971327469,,joint1,joint2,joint3,joint4,joint5,joint6,-0.00031403140746988356,-0.42479246854782104,-0.31221121549606323,-0.012875287793576717,-0.2141014039516449,0.835951566696167,0.0,0.0,0.0,0.0,0.0,0.0,0.0,0.0,0.0,0.0,0.0,0.0
1761396939992009833,18532,1761396939991382444,,joint1,joint2,joint3,joint4,joint5,joint6,-0.00031403140746988356,-0.4267926812171936,-0.31221121549606323,-0.012875287793576717,-0.2141014039516449,0.835951566696167,0.0,0.0,0.0,0.0,0.0,0.0,0.0,0.0,0.0,0.0,0.0,0.0
1761396940011915765,18533,1761396940011383035,,joint1,joint2,joint3,joint4,joint5,joint6,-0.00031403140746988356,-0.4267926812171936,-0.31221121549606323,-0.012875287793576717,-0.2141014039516449,0.835951566696167,0.0,0.0,0.0,0.0,0.0,0.0,0.0,0.0,0.0,0.0,0.0,0.0
1761396940032288632,18534,1761396940031381817,,joint1,joint2,joint3,joint4,joint5,joint6,-0.00031403140746988356,-0.4317931830883026,-0.31221121549606323,-0.012875287793576717,-0.2141014039516449,0.835951566696167,0.0,0.0,0.0,0.0,0.0,0.0,0.0,0.0,0.0,0.0,0.0,0.0
1761396940052234881,18535,1761396940051327165,,joint1,joint2,joint3,joint4,joint5,joint6,-0.00031403140746988356,-0.4317931830883026,-0.31221121549606323,-0.012875287793576717,-0.2141014039516449,0.835951566696167,0.0,0.0,0.0,0.0,0.0,0.0,0.0,0.0,0.0,0.0,0.0,0.0
1761396940072340101,18536,1761396940071337321,,joint1,joint2,joint3,joint4,joint5,joint6,-0.00031403140746988356,-0.4362936317920685,-0.31221121549606323,-0.012875287793576717,-0.2141014039516449,0.835951566696167,0.0,0.0,0.0,0.0,0.0,0.0,0.0,0.0,0.0,0.0,0.0,0.0
1761396940092145471,18537,1761396940091362603,,joint1,joint2,joint3,joint4,joint5,joint6,-0.00031403140746988356,-0.4412941336631775,-0.31221121549606323,-0.012875287793576717,-0.2141014039516449,0.835951566696167,0.0,0.0,0.0,0.0,0.0,0.0,0.0,0.0,0.0,0.0,0.0,0.0
1761396940112017322,18538,1761396940111386278,,joint1,joint2,joint3,joint4,joint5,joint6,-0.00031403140746988356,-0.4412941336631775,-0.31221121549606323,-0.012875287793576717,-0.2141014039516449,0.835951566696167,0.0,0.0,0.0,0.0,0.0,0.0,0.0,0.0,0.0,0.0,0.0,0.0
1761396940132304891,18539,1761396940131373040,,joint1,joint2,joint3,joint4,joint5,joint6,-0.00031403140746988356,-0.44429442286491394,-0.31221121549606323,-0.012875287793576717,-0.2141014039516449,0.835951566696167,0.0,0.0,0.0,0.0,0.0,0.0,0.0,0.0,0.0,0.0,0.0,0.0
1761396940151822030,18540,1761396940151338384,,joint1,joint2,joint3,joint4,joint5,joint6,-0.00031403140746988356,-0.44429442286491394,-0.31221121549606323,-0.012875287793576717,-0.2141014039516449,0.835951566696167,0.0,0.0,0.0,0.0,0.0,0.0,0.0,0.0,0.0,0.0,0.0,0.0
1761396940171951771,18541,1761396940171386078,,joint1,joint2,joint3,joint4,joint5,joint6,-0.00031403140746988356,-0.45029503107070923,-0.31221121549606323,-0.012875287793576717,-0.2141014039516449,0.835951566696167,0.0,0.0,0.0,0.0,0.0,0.0,0.0,0.0,0.0,0.0,0.0,0.0
1761396940192004789,18542,1761396940191382003,,joint1,joint2,joint3,joint4,joint5,joint6,-0.00031403140746988356,-0.45029503107070923,-0.31221121549606323,-0.012875287793576717,-0.2141014039516449,0.835951566696167,0.0,0.0,0.0,0.0,0.0,0.0,0.0,0.0,0.0,0.0,0.0,0.0
1761396940212009039,18543,1761396940211381642,,joint1,joint2,joint3,joint4,joint5,joint6,-0.00031403140746988356,-0.4562956392765045,-0.31221121549606323,-0.012875287793576717,-0.2141014039516449,0.835951566696167,0.0,0.0,0.0,0.0,0.0,0.0,0.0,0.0,0.0,0.0,0.0,0.0
1761396940232377338,18544,1761396940231375240,,joint1,joint2,joint3,joint4,joint5,joint6,-0.00031403140746988356,-0.4562956392765045,-0.31221121549606323,-0.012875287793576717,-0.2141014039516449,0.835951566696167,0.0,0.0,0.0,0.0,0.0,0.0,0.0,0.0,0.0,0.0,0.0,0.0
1761396940251954876,18545,1761396940251375682,,joint1,joint2,joint3,joint4,joint5,joint6,-0.00031403140746988356,-0.46279627084732056,-0.31221121549606323,-0.012875287793576717,-0.2141014039516449,0.835951566696167,0.0,0.0,0.0,0.0,0.0,0.0,0.0,0.0,0.0,0.0,0.0,0.0
1761396940271903604,18546,1761396940271383544,,joint1,joint2,joint3,joint4,joint5,joint6,-0.00031403140746988356,-0.4697969853878021,-0.31221121549606323,-0.012875287793576717,-0.2141014039516449,0.835951566696167,0.0,0.0,0.0,0.0,0.0,0.0,0.0,0.0,0.0,0.0,0.0,0.0
1761396940292135541,18547,1761396940291355523,,joint1,joint2,joint3,joint4,joint5,joint6,-0.00031403140746988356,-0.4697969853878021,-0.31221121549606323,-0.012875287793576717,-0.2141014039516449,0.835951566696167,0.0,0.0,0.0,0.0,0.0,0.0,0.0,0.0,0.0,0.0,0.0,0.0
1761396940311824779,18548,1761396940311325324,,joint1,joint2,joint3,joint4,joint5,joint6,-0.00031403140746988356,-0.4732973277568817,-0.31221121549606323,-0.012875287793576717,-0.2141014039516449,0.835951566696167,0.0,0.0,0.0,0.0,0.0,0.0,0.0,0.0,0.0,0.0,0.0,0.0
1761396940331845926,18549,1761396940331328409,,joint1,joint2,joint3,joint4,joint5,joint6,-0.00031403140746988356,-0.4732973277568817,-0.31221121549606323,-0.012875287793576717,-0.2141014039516449,0.835951566696167,0.0,0.0,0.0,0.0,0.0,0.0,0.0,0.0,0.0,0.0,0.0,0.0
1761396940351919301,18550,1761396940351381820,,joint1,joint2,joint3,joint4,joint5,joint6,-0.00031403140746988356,-0.48079806566238403,-0.31221121549606323,-0.012875287793576717,-0.2141014039516449,0.835951566696167,0.0,0.0,0.0,0.0,0.0,0.0,0.0,0.0,0.0,0.0,0.0,0.0
1761396940372228392,18551,1761396940371327956,,joint1,joint2,joint3,joint4,joint5,joint6,-0.00031403140746988356,-0.48079806566238403,-0.31221121549606323,-0.012875287793576717,-0.2141014039516449,0.835951566696167,0.0,0.0,0.0,0.0,0.0,0.0,0.0,0.0,0.0,0.0,0.0,0.0
1761396940391916294,18552,1761396940391383099,,joint1,joint2,joint3,joint4,joint5,joint6,-0.00031403140746988356,-0.4887988865375519,-0.31221121549606323,-0.012875287793576717,-0.2141014039516449,0.835951566696167,0.0,0.0,0.0,0.0,0.0,0.0,0.0,0.0,0.0,0.0,0.0,0.0
1761396940412087329,18553,1761396940411328873,,joint1,joint2,joint3,joint4,joint5,joint6,-0.00031403140746988356,-0.4887988865375519,-0.31221121549606323,-0.012875287793576717,-0.2141014039516449,0.835951566696167,0.0,0.0,0.0,0.0,0.0,0.0,0.0,0.0,0.0,0.0,0.0,0.0
1761396940432049424,18554,1761396940431328164,,joint1,joint2,joint3,joint4,joint5,joint6,-0.00031403140746988356,-0.49679967761039734,-0.31221121549606323,-0.012875287793576717,-0.2141014039516449,0.835951566696167,0.0,0.0,0.0,0.0,0.0,0.0,0.0,0.0,0.0,0.0,0.0,0.0
1761396940452173352,18555,1761396940451372744,,joint1,joint2,joint3,joint4,joint5,joint6,-0.00031403140746988356,-0.5008000731468201,-0.31221121549606323,-0.012875287793576717,-0.2141014039516449,0.835951566696167,0.0,0.0,0.0,0.0,0.0,0.0,0.0,0.0,0.0,0.0,0.0,0.0
1761396940471968274,18556,1761396940471383257,,joint1,joint2,joint3,joint4,joint5,joint6,-0.00031403140746988356,-0.5008000731468201,-0.31221121549606323,-0.012875287793576717,-0.2141014039516449,0.835951566696167,0.0,0.0,0.0,0.0,0.0,0.0,0.0,0.0,0.0,0.0,0.0,0.0
1761396940491920358,18557,1761396940491324426,,joint1,joint2,joint3,joint4,joint5,joint6,-0.00031403140746988356,-0.509300947189331,-0.31221121549606323,-0.012875287793576717,-0.2141014039516449,0.835951566696167,0.0,0.0,0.0,0.0,0.0,0.0,0.0,0.0,0.0,0.0,0.0,0.0
1761396940511940922,18558,1761396940511381867,,joint1,joint2,joint3,joint4,joint5,joint6,-0.00031403140746988356,-0.509300947189331,-0.31221121549606323,-0.012875287793576717,-0.2141014039516449,0.835951566696167,0.0,0.0,0.0,0.0,0.0,0.0,0.0,0.0,0.0,0.0,0.0,0.0
1761396940531887603,18559,1761396940531353567,,joint1,joint2,joint3,joint4,joint5,joint6,-0.00031403140746988356,-0.5183018445968628,-0.31221121549606323,-0.012875287793576717,-0.2141014039516449,0.835951566696167,0.0,0.0,0.0,0.0,0.0,0.0,0.0,0.0,0.0,0.0,0.0,0.0
1761396940552067228,18560,1761396940551324204,,joint1,joint2,joint3,joint4,joint5,joint6,-0.00031403140746988356,-0.5183018445968628,-0.31221121549606323,-0.012875287793576717,-0.2141014039516449,0.835951566696167,0.0,0.0,0.0,0.0,0.0,0.0,0.0,0.0,0.0,0.0,0.0,0.0
1761396940571872748,18561,1761396940571379551,,joint1,joint2,joint3,joint4,joint5,joint6,-0.00031403140746988356,-0.5278027653694153,-0.31221121549606323,-0.012875287793576717,-0.2141014039516449,0.835951566696167,0.0,0.0,0.0,0.0,0.0,0.0,0.0,0.0,0.0,0.0,0.0,0.0
1761396940592007041,18562,1761396940591366496,,joint1,joint2,joint3,joint4,joint5,joint6,-0.00031403140746988356,-0.5278027653694153,-0.31221121549606323,-0.012875287793576717,-0.2141014039516449,0.835951566696167,0.0,0.0,0.0,0.0,0.0,0.0,0.0,0.0,0.0,0.0,0.0,0.0
1761396940612253864,18563,1761396940611334307,,joint1,joint2,joint3,joint4,joint5,joint6,-0.00031403140746988356,-0.5328032970428467,-0.31221121549606323,-0.012875287793576717,-0.2141014039516449,0.835951566696167,0.0,0.0,0.0,0.0,0.0,0.0,0.0,0.0,0.0,0.0,0.0,0.0
1761396940631984790,18564,1761396940631387200,,joint1,joint2,joint3,joint4,joint5,joint6,-0.00031403140746988356,-0.5378037691116333,-0.31221121549606323,-0.012875287793576717,-0.2141014039516449,0.835951566696167,0.0,0.0,0.0,0.0,0.0,0.0,0.0,0.0,0.0,0.0,0.0,0.0
1761396940652307386,18565,1761396940651374572,,joint1,joint2,joint3,joint4,joint5,joint6,-0.00031403140746988356,-0.5378037691116333,-0.31221121549606323,-0.012875287793576717,-0.2141014039516449,0.835951566696167,0.0,0.0,0.0,0.0,0.0,0.0,0.0,0.0,0.0,0.0,0.0,0.0
1761396940671915989,18566,1761396940671372251,,joint1,joint2,joint3,joint4,joint5,joint6,-0.00031403140746988356,-0.5378037691116333,-0.31045103073120117,-0.012875287793576717,-0.2141014039516449,0.835951566696167,0.0,0.0,0.0,0.0,0.0,0.0,0.0,0.0,0.0,0.0,0.0,0.0
1761396940692236508,18567,1761396940691384290,,joint1,joint2,joint3,joint4,joint5,joint6,-0.00031403140746988356,-0.5378037691116333,-0.31045103073120117,-0.012875287793576717,-0.2141014039516449,0.835951566696167,0.0,0.0,0.0,0.0,0.0,0.0,0.0,0.0,0.0,0.0,0.0,0.0
1761396940712171593,18568,1761396940711324976,,joint1,joint2,joint3,joint4,joint5,joint6,-0.00031403140746988356,-0.5378037691116333,-0.31045103073120117,-0.012875287793576717,-0.2141014039516449,0.835951566696167,0.0,0.0,0.0,0.0,0.0,0.0,0.0,0.0,0.0,0.0,0.0,0.0
1761396940732264856,18569,1761396940731328293,,joint1,joint2,joint3,joint4,joint5,joint6,-0.00031403140746988356,-0.5378037691116333,-0.31045103073120117,-0.012875287793576717,-0.2141014039516449,0.835951566696167,0.0,0.0,0.0,0.0,0.0,0.0,0.0,0.0,0.0,0.0,0.0,0.0
1761396940751923832,18570,1761396940751386794,,joint1,joint2,joint3,joint4,joint5,joint6,-0.00031403140746988356,-0.5378037691116333,-0.3117711842060089,-0.012875287793576717,-0.2141014039516449,0.835951566696167,0.0,0.0,0.0,0.0,0.0,0.0,0.0,0.0,0.0,0.0,0.0,0.0
1761396940771869731,18571,1761396940771340504,,joint1,joint2,joint3,joint4,joint5,joint6,-0.00031403140746988356,-0.5378037691116333,-0.3117711842060089,-0.012875287793576717,-0.2141014039516449,0.835951566696167,0.0,0.0,0.0,0.0,0.0,0.0,0.0,0.0,0.0,0.0,0.0,0.0
1761396940792136976,18572,1761396940791385861,,joint1,joint2,joint3,joint4,joint5,joint6,-0.00031403140746988356,-0.5378037691116333,-0.31221121549606323,-0.012875287793576717,-0.2141014039516449,0.835951566696167,0.0,0.0,0.0,0.0,0.0,0.0,0.0,0.0,0.0,0.0,0.0,0.0
1761396940812087074,18573,1761396940811330345,,joint1,joint2,joint3,joint4,joint5,joint6,-0.00031403140746988356,-0.5378037691116333,-0.31265127658843994,-0.012875287793576717,-0.2141014039516449,0.835951566696167,0.0,0.0,0.0,0.0,0.0,0.0,0.0,0.0,0.0,0.0,0.0,0.0
1761396940832342200,18574,1761396940831387757,,joint1,joint2,joint3,joint4,joint5,joint6,-0.00031403140746988356,-0.5378037691116333,-0.31265127658843994,-0.012875287793576717,-0.2141014039516449,0.835951566696167,0.0,0.0,0.0,0.0,0.0,0.0,0.0,0.0,0.0,0.0,0.0,0.0
1761396940852337118,18575,1761396940851327692,,joint1,joint2,joint3,joint4,joint5,joint6,-0.00031403140746988356,-0.5378037691116333,-0.3139714002609253,-0.012875287793576717,-0.2141014039516449,0.835951566696167,0.0,0.0,0.0,0.0,0.0,0.0,0.0,0.0,0.0,0.0,0.0,0.0
1761396940872276321,18576,1761396940871384977,,joint1,joint2,joint3,joint4,joint5,joint6,-0.00031403140746988356,-0.5378037691116333,-0.3139714002609253,-0.012875287793576717,-0.2141014039516449,0.835951566696167,0.0,0.0,0.0,0.0,0.0,0.0,0.0,0.0,0.0,0.0,0.0,0.0
1761396940892103909,18577,1761396940891383604,,joint1,joint2,joint3,joint4,joint5,joint6,-0.00031403140746988356,-0.5378037691116333,-0.31529152393341064,-0.012875287793576717,-0.2141014039516449,0.835951566696167,0.0,0.0,0.0,0.0,0.0,0.0,0.0,0.0,0.0,0.0,0.0,0.0
1761396940912319948,18578,1761396940911350713,,joint1,joint2,joint3,joint4,joint5,joint6,-0.00031403140746988356,-0.5378037691116333,-0.31529152393341064,-0.012875287793576717,-0.2141014039516449,0.835951566696167,0.0,0.0,0.0,0.0,0.0,0.0,0.0,0.0,0.0,0.0,0.0,0.0
1761396940931888644,18579,1761396940931383063,,joint1,joint2,joint3,joint4,joint5,joint6,-0.00031403140746988356,-0.5378037691116333,-0.3170517086982727,-0.012875287793576717,-0.2141014039516449,0.835951566696167,0.0,0.0,0.0,0.0,0.0,0.0,0.0,0.0,0.0,0.0,0.0,0.0
1761396940952703750,18580,1761396940951331238,,joint1,joint2,joint3,joint4,joint5,joint6,-0.00031403140746988356,-0.5378037691116333,-0.3170517086982727,-0.012875287793576717,-0.2141014039516449,0.835951566696167,0.0,0.0,0.0,0.0,0.0,0.0,0.0,0.0,0.0,0.0,0.0,0.0
1761396940971993372,18581,1761396940971382813,,joint1,joint2,joint3,joint4,joint5,joint6,-0.00031403140746988356,-0.5378037691116333,-0.317491739988327,-0.012875287793576717,-0.2141014039516449,0.835951566696167,0.0,0.0,0.0,0.0,0.0,0.0,0.0,0.0,0.0,0.0,0.0,0.0
1761396940991930199,18582,1761396940991331644,,joint1,joint2,joint3,joint4,joint5,joint6,-0.00031403140746988356,-0.5378037691116333,-0.3196919560432434,-0.012875287793576717,-0.2141014039516449,0.835951566696167,0.0,0.0,0.0,0.0,0.0,0.0,0.0,0.0,0.0,0.0,0.0,0.0
1761396941012417462,18583,1761396941011377303,,joint1,joint2,joint3,joint4,joint5,joint6,-0.00031403140746988356,-0.5378037691116333,-0.3196919560432434,-0.012875287793576717,-0.2141014039516449,0.835951566696167,0.0,0.0,0.0,0.0,0.0,0.0,0.0,0.0,0.0,0.0,0.0,0.0
1761396941031974556,18584,1761396941031379881,,joint1,joint2,joint3,joint4,joint5,joint6,-0.00031403140746988356,-0.5378037691116333,-0.3223322331905365,-0.012875287793576717,-0.2141014039516449,0.835951566696167,0.0,0.0,0.0,0.0,0.0,0.0,0.0,0.0,0.0,0.0,0.0,0.0
1761396941052208358,18585,1761396941051329495,,joint1,joint2,joint3,joint4,joint5,joint6,-0.00031403140746988356,-0.5378037691116333,-0.3223322331905365,-0.012875287793576717,-0.2141014039516449,0.835951566696167,0.0,0.0,0.0,0.0,0.0,0.0,0.0,0.0,0.0,0.0,0.0,0.0
1761396941072343662,18586,1761396941071333461,,joint1,joint2,joint3,joint4,joint5,joint6,-0.00031403140746988356,-0.5378037691116333,-0.3249725103378296,-0.012875287793576717,-0.2141014039516449,0.835951566696167,0.0,0.0,0.0,0.0,0.0,0.0,0.0,0.0,0.0,0.0,0.0,0.0
1761396941092134653,18587,1761396941091380810,,joint1,joint2,joint3,joint4,joint5,joint6,-0.00031403140746988356,-0.5378037691116333,-0.3249725103378296,-0.012875287793576717,-0.2141014039516449,0.835951566696167,0.0,0.0,0.0,0.0,0.0,0.0,0.0,0.0,0.0,0.0,0.0,0.0
1761396941112276116,18588,1761396941111330685,,joint1,joint2,joint3,joint4,joint5,joint6,-0.00031403140746988356,-0.5378037691116333,-0.32629263401031494,-0.012875287793576717,-0.2141014039516449,0.835951566696167,0.0,0.0,0.0,0.0,0.0,0.0,0.0,0.0,0.0,0.0,0.0,0.0
1761396941132235953,18589,1761396941131323871,,joint1,joint2,joint3,joint4,joint5,joint6,-0.00031403140746988356,-0.5378037691116333,-0.32629263401031494,-0.012875287793576717,-0.2141014039516449,0.835951566696167,0.0,0.0,0.0,0.0,0.0,0.0,0.0,0.0,0.0,0.0,0.0,0.0
1761396941152025823,18590,1761396941151380725,,joint1,joint2,joint3,joint4,joint5,joint6,-0.00031403140746988356,-0.5378037691116333,-0.32937294244766235,-0.012875287793576717,-0.2141014039516449,0.835951566696167,0.0,0.0,0.0,0.0,0.0,0.0,0.0,0.0,0.0,0.0,0.0,0.0
1761396941172269447,18591,1761396941171324154,,joint1,joint2,joint3,joint4,joint5,joint6,-0.00031403140746988356,-0.5378037691116333,-0.33245325088500977,-0.012875287793576717,-0.2141014039516449,0.835951566696167,0.0,0.0,0.0,0.0,0.0,0.0,0.0,0.0,0.0,0.0,0.0,0.0
1761396941192314592,18592,1761396941191385548,,joint1,joint2,joint3,joint4,joint5,joint6,-0.00031403140746988356,-0.5378037691116333,-0.33245325088500977,-0.012875287793576717,-0.2141014039516449,0.835951566696167,0.0,0.0,0.0,0.0,0.0,0.0,0.0,0.0,0.0,0.0,0.0,0.0
1761396941211919326,18593,1761396941211392735,,joint1,joint2,joint3,joint4,joint5,joint6,-0.00031403140746988356,-0.5378037691116333,-0.3364136517047882,-0.012875287793576717,-0.2141014039516449,0.835951566696167,0.0,0.0,0.0,0.0,0.0,0.0,0.0,0.0,0.0,0.0,0.0,0.0
1761396941232335218,18594,1761396941231384022,,joint1,joint2,joint3,joint4,joint5,joint6,-0.00031403140746988356,-0.5378037691116333,-0.3364136517047882,-0.012875287793576717,-0.2141014039516449,0.835951566696167,0.0,0.0,0.0,0.0,0.0,0.0,0.0,0.0,0.0,0.0,0.0,0.0
1761396941251990544,18595,1761396941251381262,,joint1,joint2,joint3,joint4,joint5,joint6,-0.00031403140746988356,-0.5378037691116333,-0.3381738066673279,-0.012875287793576717,-0.2141014039516449,0.835951566696167,0.0,0.0,0.0,0.0,0.0,0.0,0.0,0.0,0.0,0.0,0.0,0.0
1761396941272312739,18596,1761396941271373121,,joint1,joint2,joint3,joint4,joint5,joint6,-0.00031403140746988356,-0.5378037691116333,-0.3381738066673279,-0.012875287793576717,-0.2141014039516449,0.835951566696167,0.0,0.0,0.0,0.0,0.0,0.0,0.0,0.0,0.0,0.0,0.0,0.0
1761396941291931734,18597,1761396941291373922,,joint1,joint2,joint3,joint4,joint5,joint6,-0.00031403140746988356,-0.5378037691116333,-0.34257426857948303,-0.012875287793576717,-0.2141014039516449,0.835951566696167,0.0,0.0,0.0,0.0,0.0,0.0,0.0,0.0,0.0,0.0,0.0,0.0
1761396941311974665,18598,1761396941311374251,,joint1,joint2,joint3,joint4,joint5,joint6,-0.00031403140746988356,-0.5378037691116333,-0.34257426857948303,-0.012875287793576717,-0.2141014039516449,0.835951566696167,0.0,0.0,0.0,0.0,0.0,0.0,0.0,0.0,0.0,0.0,0.0,0.0
1761396941331883085,18599,1761396941331380441,,joint1,joint2,joint3,joint4,joint5,joint6,-0.00031403140746988356,-0.5378037691116333,-0.3469747006893158,-0.012875287793576717,-0.2141014039516449,0.835951566696167,0.0,0.0,0.0,0.0,0.0,0.0,0.0,0.0,0.0,0.0,0.0,0.0
1761396941351888300,18600,1761396941351383610,,joint1,joint2,joint3,joint4,joint5,joint6,-0.00031403140746988356,-0.5378037691116333,-0.35137513279914856,-0.012875287793576717,-0.2141014039516449,0.835951566696167,0.0,0.0,0.0,0.0,0.0,0.0,0.0,0.0,0.0,0.0,0.0,0.0
1761396941372280026,18601,1761396941371328989,,joint1,joint2,joint3,joint4,joint5,joint6,-0.00031403140746988356,-0.5378037691116333,-0.35137513279914856,-0.012875287793576717,-0.2141014039516449,0.835951566696167,0.0,0.0,0.0,0.0,0.0,0.0,0.0,0.0,0.0,0.0,0.0,0.0
1761396941392117169,18602,1761396941391332243,,joint1,joint2,joint3,joint4,joint5,joint6,-0.00031403140746988356,-0.5378037691116333,-0.35621562600135803,-0.012875287793576717,-0.2141014039516449,0.835951566696167,0.0,0.0,0.0,0.0,0.0,0.0,0.0,0.0,0.0,0.0,0.0,0.0
1761396941411916164,18603,1761396941411334188,,joint1,joint2,joint3,joint4,joint5,joint6,-0.00031403140746988356,-0.5378037691116333,-0.35621562600135803,-0.012875287793576717,-0.2141014039516449,0.835951566696167,0.0,0.0,0.0,0.0,0.0,0.0,0.0,0.0,0.0,0.0,0.0,0.0
1761396941432027794,18604,1761396941431379989,,joint1,joint2,joint3,joint4,joint5,joint6,-0.00031403140746988356,-0.5378037691116333,-0.35885587334632874,-0.012875287793576717,-0.2141014039516449,0.835951566696167,0.0,0.0,0.0,0.0,0.0,0.0,0.0,0.0,0.0,0.0,0.0,0.0
1761396941452150981,18605,1761396941451373192,,joint1,joint2,joint3,joint4,joint5,joint6,-0.00031403140746988356,-0.5378037691116333,-0.35885587334632874,-0.012875287793576717,-0.2141014039516449,0.835951566696167,0.0,0.0,0.0,0.0,0.0,0.0,0.0,0.0,0.0,0.0,0.0,0.0
1761396941472229577,18606,1761396941471328661,,joint1,joint2,joint3,joint4,joint5,joint6,-0.00031403140746988356,-0.5378037691116333,-0.36457645893096924,-0.012875287793576717,-0.2141014039516449,0.835951566696167,0.0,0.0,0.0,0.0,0.0,0.0,0.0,0.0,0.0,0.0,0.0,0.0
1761396941491828128,18607,1761396941491331377,,joint1,joint2,joint3,joint4,joint5,joint6,-0.00031403140746988356,-0.5378037691116333,-0.36457645893096924,-0.012875287793576717,-0.2141014039516449,0.835951566696167,0.0,0.0,0.0,0.0,0.0,0.0,0.0,0.0,0.0,0.0,0.0,0.0
1761396941512155676,18608,1761396941511332617,,joint1,joint2,joint3,joint4,joint5,joint6,-0.00031403140746988356,-0.5378037691116333,-0.37029704451560974,-0.012875287793576717,-0.2141014039516449,0.835951566696167,0.0,0.0,0.0,0.0,0.0,0.0,0.0,0.0,0.0,0.0,0.0,0.0
1761396941532185866,18609,1761396941531374697,,joint1,joint2,joint3,joint4,joint5,joint6,-0.00031403140746988356,-0.5378037691116333,-0.3764576315879822,-0.012875287793576717,-0.2141014039516449,0.835951566696167,0.0,0.0,0.0,0.0,0.0,0.0,0.0,0.0,0.0,0.0,0.0,0.0
1761396941551880777,18610,1761396941551383793,,joint1,joint2,joint3,joint4,joint5,joint6,-0.00031403140746988356,-0.5378037691116333,-0.3764576315879822,-0.012875287793576717,-0.2141014039516449,0.835951566696167,0.0,0.0,0.0,0.0,0.0,0.0,0.0,0.0,0.0,0.0,0.0,0.0
1761396941571896371,18611,1761396941571394425,,joint1,joint2,joint3,joint4,joint5,joint6,-0.00031403140746988356,-0.5378037691116333,-0.3795379400253296,-0.012875287793576717,-0.2141014039516449,0.835951566696167,0.0,0.0,0.0,0.0,0.0,0.0,0.0,0.0,0.0,0.0,0.0,0.0
1761396941592144582,18612,1761396941591379828,,joint1,joint2,joint3,joint4,joint5,joint6,-0.00031403140746988356,-0.5378037691116333,-0.3795379400253296,-0.012875287793576717,-0.2141014039516449,0.835951566696167,0.0,0.0,0.0,0.0,0.0,0.0,0.0,0.0,0.0,0.0,0.0,0.0
1761396941612156035,18613,1761396941611374735,,joint1,joint2,joint3,joint4,joint5,joint6,-0.00031403140746988356,-0.5378037691116333,-0.3856985569000244,-0.012875287793576717,-0.2141014039516449,0.835951566696167,0.0,0.0,0.0,0.0,0.0,0.0,0.0,0.0,0.0,0.0,0.0,0.0
1761396941632298072,18614,1761396941631386296,,joint1,joint2,joint3,joint4,joint5,joint6,-0.00031403140746988356,-0.5378037691116333,-0.3856985569000244,-0.012875287793576717,-0.2141014039516449,0.835951566696167,0.0,0.0,0.0,0.0,0.0,0.0,0.0,0.0,0.0,0.0,0.0,0.0
1761396941652246504,18615,1761396941651380822,,joint1,joint2,joint3,joint4,joint5,joint6,-0.00031403140746988356,-0.5378037691116333,-0.39273926615715027,-0.012875287793576717,-0.2141014039516449,0.835951566696167,0.0,0.0,0.0,0.0,0.0,0.0,0.0,0.0,0.0,0.0,0.0,0.0
1761396941672096690,18616,1761396941671333005,,joint1,joint2,joint3,joint4,joint5,joint6,-0.00031403140746988356,-0.5378037691116333,-0.39273926615715027,-0.012875287793576717,-0.2141014039516449,0.835951566696167,0.0,0.0,0.0,0.0,0.0,0.0,0.0,0.0,0.0,0.0,0.0,0.0
1761396941691934461,18617,1761396941691340629,,joint1,joint2,joint3,joint4,joint5,joint6,-0.00031403140746988356,-0.5378037691116333,-0.3997799754142761,-0.012875287793576717,-0.2141014039516449,0.835951566696167,0.0,0.0,0.0,0.0,0.0,0.0,0.0,0.0,0.0,0.0,0.0,0.0
1761396941712046112,18618,1761396941711326612,,joint1,joint2,joint3,joint4,joint5,joint6,-0.00031403140746988356,-0.5378037691116333,-0.40374037623405457,-0.012875287793576717,-0.2141014039516449,0.835951566696167,0.0,0.0,0.0,0.0,0.0,0.0,0.0,0.0,0.0,0.0,0.0,0.0
1761396941732124661,18619,1761396941731380187,,joint1,joint2,joint3,joint4,joint5,joint6,-0.00031403140746988356,-0.5378037691116333,-0.40374037623405457,-0.012875287793576717,-0.2141014039516449,0.835951566696167,0.0,0.0,0.0,0.0,0.0,0.0,0.0,0.0,0.0,0.0,0.0,0.0
1761396941752219614,18620,1761396941751322197,,joint1,joint2,joint3,joint4,joint5,joint6,-0.00031403140746988356,-0.5378037691116333,-0.4107810854911804,-0.012875287793576717,-0.2141014039516449,0.835951566696167,0.0,0.0,0.0,0.0,0.0,0.0,0.0,0.0,0.0,0.0,0.0,0.0
1761396941771900004,18621,1761396941771381762,,joint1,joint2,joint3,joint4,joint5,joint6,-0.00031403140746988356,-0.5378037691116333,-0.4107810854911804,-0.012875287793576717,-0.2141014039516449,0.835951566696167,0.0,0.0,0.0,0.0,0.0,0.0,0.0,0.0,0.0,0.0,0.0,0.0
1761396941792420727,18622,1761396941791387100,,joint1,joint2,joint3,joint4,joint5,joint6,-0.00031403140746988356,-0.5378037691116333,-0.4187018573284149,-0.012875287793576717,-0.2141014039516449,0.835951566696167,0.0,0.0,0.0,0.0,0.0,0.0,0.0,0.0,0.0,0.0,0.0,0.0
1761396941811840577,18623,1761396941811333561,,joint1,joint2,joint3,joint4,joint5,joint6,-0.00031403140746988356,-0.5378037691116333,-0.4187018573284149,-0.012875287793576717,-0.2141014039516449,0.835951566696167,0.0,0.0,0.0,0.0,0.0,0.0,0.0,0.0,0.0,0.0,0.0,0.0
1761396941831879889,18624,1761396941831380644,,joint1,joint2,joint3,joint4,joint5,joint6,-0.00031403140746988356,-0.5378037691116333,-0.42750275135040283,-0.012875287793576717,-0.2141014039516449,0.835951566696167,0.0,0.0,0.0,0.0,0.0,0.0,0.0,0.0,0.0,0.0,0.0,0.0
1761396941852131967,18625,1761396941851334707,,joint1,joint2,joint3,joint4,joint5,joint6,-0.00031403140746988356,-0.5378037691116333,-0.42750275135040283,-0.012875287793576717,-0.2141014039516449,0.835951566696167,0.0,0.0,0.0,0.0,0.0,0.0,0.0,0.0,0.0,0.0,0.0,0.0
1761396941872163934,18626,1761396941871381885,,joint1,joint2,joint3,joint4,joint5,joint6,-0.00031403140746988356,-0.5378037691116333,-0.43586358428001404,-0.012875287793576717,-0.2141014039516449,0.835951566696167,0.0,0.0,0.0,0.0,0.0,0.0,0.0,0.0,0.0,0.0,0.0,0.0
1761396941891961722,18627,1761396941891320633,,joint1,joint2,joint3,joint4,joint5,joint6,-0.00031403140746988356,-0.5378037691116333,-0.4402640163898468,-0.012875287793576717,-0.2141014039516449,0.835951566696167,0.0,0.0,0.0,0.0,0.0,0.0,0.0,0.0,0.0,0.0,0.0,0.0
1761396941911901092,18628,1761396941911346051,,joint1,joint2,joint3,joint4,joint5,joint6,-0.00031403140746988356,-0.5378037691116333,-0.4402640163898468,-0.012875287793576717,-0.2141014039516449,0.835951566696167,0.0,0.0,0.0,0.0,0.0,0.0,0.0,0.0,0.0,0.0,0.0,0.0
1761396941931870997,18629,1761396941931381065,,joint1,joint2,joint3,joint4,joint5,joint6,-0.00031403140746988356,-0.5378037691116333,-0.44950494170188904,-0.012875287793576717,-0.2141014039516449,0.835951566696167,0.0,0.0,0.0,0.0,0.0,0.0,0.0,0.0,0.0,0.0,0.0,0.0
1761396941951855883,18630,1761396941951387177,,joint1,joint2,joint3,joint4,joint5,joint6,-0.00031403140746988356,-0.5378037691116333,-0.44950494170188904,-0.012875287793576717,-0.2141014039516449,0.835951566696167,0.0,0.0,0.0,0.0,0.0,0.0,0.0,0.0,0.0,0.0,0.0,0.0
1761396941972037464,18631,1761396941971381707,,joint1,joint2,joint3,joint4,joint5,joint6,-0.00031403140746988356,-0.5378037691116333,-0.45830583572387695,-0.012875287793576717,-0.2141014039516449,0.835951566696167,0.0,0.0,0.0,0.0,0.0,0.0,0.0,0.0,0.0,0.0,0.0,0.0
1761396941991834495,18632,1761396941991380302,,joint1,joint2,joint3,joint4,joint5,joint6,-0.00031403140746988356,-0.5378037691116333,-0.45830583572387695,-0.012875287793576717,-0.2141014039516449,0.835951566696167,0.0,0.0,0.0,0.0,0.0,0.0,0.0,0.0,0.0,0.0,0.0,0.0
1761396942012047709,18633,1761396942011385818,,joint1,joint2,joint3,joint4,joint5,joint6,-0.00031403140746988356,-0.5378037691116333,-0.4679867923259735,-0.012875287793576717,-0.2141014039516449,0.835951566696167,0.0,0.0,0.0,0.0,0.0,0.0,0.0,0.0,0.0,0.0,0.0,0.0
1761396942032163144,18634,1761396942031332295,,joint1,joint2,joint3,joint4,joint5,joint6,-0.00031403140746988356,-0.5378037691116333,-0.4679867923259735,-0.012875287793576717,-0.2141014039516449,0.835951566696167,0.0,0.0,0.0,0.0,0.0,0.0,0.0,0.0,0.0,0.0,0.0,0.0
1761396942051859021,18635,1761396942051390108,,joint1,joint2,joint3,joint4,joint5,joint6,-0.00031403140746988356,-0.5378037691116333,-0.472827285528183,-0.012875287793576717,-0.2141014039516449,0.835951566696167,0.0,0.0,0.0,0.0,0.0,0.0,0.0,0.0,0.0,0.0,0.0,0.0
1761396942071947896,18636,1761396942071308458,,joint1,joint2,joint3,joint4,joint5,joint6,-0.00031403140746988356,-0.5378037691116333,-0.48294830322265625,-0.012875287793576717,-0.2141014039516449,0.835951566696167,0.0,0.0,0.0,0.0,0.0,0.0,0.0,0.0,0.0,0.0,0.0,0.0
1761396942091963136,18637,1761396942091354304,,joint1,joint2,joint3,joint4,joint5,joint6,-0.00031403140746988356,-0.5378037691116333,-0.48294830322265625,-0.012875287793576717,-0.2141014039516449,0.835951566696167,0.0,0.0,0.0,0.0,0.0,0.0,0.0,0.0,0.0,0.0,0.0,0.0
1761396942111905469,18638,1761396942111342203,,joint1,joint2,joint3,joint4,joint5,joint6,-0.00031403140746988356,-0.5378037691116333,-0.4930693209171295,-0.012875287793576717,-0.2141014039516449,0.835951566696167,0.0,0.0,0.0,0.0,0.0,0.0,0.0,0.0,0.0,0.0,0.0,0.0
1761396942131967626,18639,1761396942131381349,,joint1,joint2,joint3,joint4,joint5,joint6,-0.00031403140746988356,-0.5378037691116333,-0.4930693209171295,-0.012875287793576717,-0.2141014039516449,0.835951566696167,0.0,0.0,0.0,0.0,0.0,0.0,0.0,0.0,0.0,0.0,0.0,0.0
1761396942152275306,18640,1761396942151327919,,joint1,joint2,joint3,joint4,joint5,joint6,-0.00031403140746988356,-0.5378037691116333,-0.5036303400993347,-0.012875287793576717,-0.2141014039516449,0.835951566696167,0.0,0.0,0.0,0.0,0.0,0.0,0.0,0.0,0.0,0.0,0.0,0.0
1761396942172172711,18641,1761396942171380227,,joint1,joint2,joint3,joint4,joint5,joint6,-0.00031403140746988356,-0.5378037691116333,-0.5036303400993347,-0.012875287793576717,-0.2141014039516449,0.835951566696167,0.0,0.0,0.0,0.0,0.0,0.0,0.0,0.0,0.0,0.0,0.0,0.0
1761396942192177852,18642,1761396942191380616,,joint1,joint2,joint3,joint4,joint5,joint6,-0.00031403140746988356,-0.5378037691116333,-0.5089108943939209,-0.012875287793576717,-0.2141014039516449,0.835951566696167,0.0,0.0,0.0,0.0,0.0,0.0,0.0,0.0,0.0,0.0,0.0,0.0
1761396942212134315,18643,1761396942211333010,,joint1,joint2,joint3,joint4,joint5,joint6,-0.00031403140746988356,-0.5378037691116333,-0.5089108943939209,-0.012875287793576717,-0.2141014039516449,0.835951566696167,0.0,0.0,0.0,0.0,0.0,0.0,0.0,0.0,0.0,0.0,0.0,0.0
1761396942232531864,18644,1761396942231389215,,joint1,joint2,joint3,joint4,joint5,joint6,-0.00031403140746988356,-0.5378037691116333,-0.5203520059585571,-0.012875287793576717,-0.2141014039516449,0.835951566696167,0.0,0.0,0.0,0.0,0.0,0.0,0.0,0.0,0.0,0.0,0.0,0.0
1761396942252342435,18645,1761396942251374637,,joint1,joint2,joint3,joint4,joint5,joint6,-0.00031403140746988356,-0.5378037691116333,-0.5313531160354614,-0.012875287793576717,-0.2141014039516449,0.835951566696167,0.0,0.0,0.0,0.0,0.0,0.0,0.0,0.0,0.0,0.0,0.0,0.0
1761396942272096866,18646,1761396942271323020,,joint1,joint2,joint3,joint4,joint5,joint6,-0.00031403140746988356,-0.5378037691116333,-0.5313531160354614,-0.012875287793576717,-0.2141014039516449,0.835951566696167,0.0,0.0,0.0,0.0,0.0,0.0,0.0,0.0,0.0,0.0,0.0,0.0
1761396942292311346,18647,1761396942291374342,,joint1,joint2,joint3,joint4,joint5,joint6,-0.00031403140746988356,-0.5378037691116333,-0.5432343482971191,-0.012875287793576717,-0.2141014039516449,0.835951566696167,0.0,0.0,0.0,0.0,0.0,0.0,0.0,0.0,0.0,0.0,0.0,0.0
1761396942312143317,18648,1761396942311380069,,joint1,joint2,joint3,joint4,joint5,joint6,-0.00031403140746988356,-0.5378037691116333,-0.5432343482971191,-0.012875287793576717,-0.2141014039516449,0.835951566696167,0.0,0.0,0.0,0.0,0.0,0.0,0.0,0.0,0.0,0.0,0.0,0.0
1761396942332215588,18649,1761396942331379906,,joint1,joint2,joint3,joint4,joint5,joint6,-0.00031403140746988356,-0.5378037691116333,-0.5489549040794373,-0.012875287793576717,-0.2141014039516449,0.835951566696167,0.0,0.0,0.0,0.0,0.0,0.0,0.0,0.0,0.0,0.0,0.0,0.0
1761396942352033122,18650,1761396942351323604,,joint1,joint2,joint3,joint4,joint5,joint6,-0.00031403140746988356,-0.5378037691116333,-0.5489549040794373,-0.012875287793576717,-0.2141014039516449,0.835951566696167,0.0,0.0,0.0,0.0,0.0,0.0,0.0,0.0,0.0,0.0,0.0,0.0
1761396942372385622,18651,1761396942371385082,,joint1,joint2,joint3,joint4,joint5,joint6,-0.00031403140746988356,-0.5378037691116333,-0.5608360767364502,-0.012875287793576717,-0.2141014039516449,0.835951566696167,0.0,0.0,0.0,0.0,0.0,0.0,0.0,0.0,0.0,0.0,0.0,0.0
1761396942392103313,18652,1761396942391372968,,joint1,joint2,joint3,joint4,joint5,joint6,-0.00031403140746988356,-0.5378037691116333,-0.5608360767364502,-0.012875287793576717,-0.2141014039516449,0.835951566696167,0.0,0.0,0.0,0.0,0.0,0.0,0.0,0.0,0.0,0.0,0.0,0.0
1761396942412230273,18653,1761396942411323632,,joint1,joint2,joint3,joint4,joint5,joint6,-0.00031403140746988356,-0.5378037691116333,-0.5735973715782166,-0.012875287793576717,-0.2141014039516449,0.835951566696167,0.0,0.0,0.0,0.0,0.0,0.0,0.0,0.0,0.0,0.0,0.0,0.0
1761396942431935216,18654,1761396942431402463,,joint1,joint2,joint3,joint4,joint5,joint6,-0.00031403140746988356,-0.5378037691116333,-0.5859186053276062,-0.012875287793576717,-0.2141014039516449,0.835951566696167,0.0,0.0,0.0,0.0,0.0,0.0,0.0,0.0,0.0,0.0,0.0,0.0
1761396942452101218,18655,1761396942451327511,,joint1,joint2,joint3,joint4,joint5,joint6,-0.00031403140746988356,-0.5378037691116333,-0.5859186053276062,-0.012875287793576717,-0.2141014039516449,0.835951566696167,0.0,0.0,0.0,0.0,0.0,0.0,0.0,0.0,0.0,0.0,0.0,0.0
1761396942472395880,18656,1761396942471427278,,joint1,joint2,joint3,joint4,joint5,joint6,-0.00031403140746988356,-0.5378037691116333,-0.5991199016571045,-0.012875287793576717,-0.2141014039516449,0.835951566696167,0.0,0.0,0.0,0.0,0.0,0.0,0.0,0.0,0.0,0.0,0.0,0.0
1761396942492112372,18657,1761396942491380474,,joint1,joint2,joint3,joint4,joint5,joint6,-0.00031403140746988356,-0.5378037691116333,-0.5991199016571045,-0.012875287793576717,-0.2141014039516449,0.835951566696167,0.0,0.0,0.0,0.0,0.0,0.0,0.0,0.0,0.0,0.0,0.0,0.0
1761396942512295176,18658,1761396942511327440,,joint1,joint2,joint3,joint4,joint5,joint6,-0.00031403140746988356,-0.5378037691116333,-0.605720579624176,-0.012875287793576717,-0.2141014039516449,0.835951566696167,0.0,0.0,0.0,0.0,0.0,0.0,0.0,0.0,0.0,0.0,0.0,0.0
1761396942532085190,18659,1761396942531381636,,joint1,joint2,joint3,joint4,joint5,joint6,-0.00031403140746988356,-0.5378037691116333,-0.605720579624176,-0.012875287793576717,-0.2141014039516449,0.835951566696167,0.0,0.0,0.0,0.0,0.0,0.0,0.0,0.0,0.0,0.0,0.0,0.0
1761396942552011513,18660,1761396942551388956,,joint1,joint2,joint3,joint4,joint5,joint6,-0.00031403140746988356,-0.5378037691116333,-0.6189218759536743,-0.012875287793576717,-0.2141014039516449,0.835951566696167,0.0,0.0,0.0,0.0,0.0,0.0,0.0,0.0,0.0,0.0,0.0,0.0
1761396942571924203,18661,1761396942571372735,,joint1,joint2,joint3,joint4,joint5,joint6,-0.00031403140746988356,-0.5378037691116333,-0.6189218759536743,-0.012875287793576717,-0.2141014039516449,0.835951566696167,0.0,0.0,0.0,0.0,0.0,0.0,0.0,0.0,0.0,0.0,0.0,0.0
1761396942592419975,18662,1761396942591386038,,joint1,joint2,joint3,joint4,joint5,joint6,-0.00031403140746988356,-0.5378037691116333,-0.6325632333755493,-0.012875287793576717,-0.2141014039516449,0.835951566696167,0.0,0.0,0.0,0.0,0.0,0.0,0.0,0.0,0.0,0.0,0.0,0.0
1761396942611894862,18663,1761396942611394488,,joint1,joint2,joint3,joint4,joint5,joint6,-0.00031403140746988356,-0.5378037691116333,-0.6396039724349976,-0.012875287793576717,-0.2141014039516449,0.835951566696167,0.0,0.0,0.0,0.0,0.0,0.0,0.0,0.0,0.0,0.0,0.0,0.0
1761396942632243928,18664,1761396942631383692,,joint1,joint2,joint3,joint4,joint5,joint6,-0.00031403140746988356,-0.5378037691116333,-0.6396039724349976,-0.012875287793576717,-0.2141014039516449,0.835951566696167,0.0,0.0,0.0,0.0,0.0,0.0,0.0,0.0,0.0,0.0,0.0,0.0
1761396942651903997,18665,1761396942651372785,,joint1,joint2,joint3,joint4,joint5,joint6,-0.00031403140746988356,-0.5378037691116333,-0.6396039724349976,-0.012875287793576717,-0.2141014039516449,0.835951566696167,0.0,0.0,0.0,0.0,0.0,0.0,0.0,0.0,0.0,0.0,0.0,0.0
1761396942672066384,18666,1761396942671383999,,joint1,joint2,joint3,joint4,joint5,joint6,-0.00031403140746988356,-0.5378037691116333,-0.6396039724349976,-0.012875287793576717,-0.2141014039516449,0.835951566696167,0.0,0.0,0.0,0.0,0.0,0.0,0.0,0.0,0.0,0.0,0.0,0.0
1761396942692180085,18667,1761396942691380606,,joint1,joint2,joint3,joint4,joint5,joint6,-0.00031403140746988356,-0.5378037691116333,-0.6396039724349976,-0.012875287793576717,-0.2141014039516449,0.835951566696167,0.0,0.0,0.0,0.0,0.0,0.0,0.0,0.0,0.0,0.0,0.0,0.0
1761396942712116055,18668,1761396942711380007,,joint1,joint2,joint3,joint4,joint5,joint6,-0.00031403140746988356,-0.5378037691116333,-0.6396039724349976,-0.012875287793576717,-0.2141014039516449,0.835951566696167,0.0,0.0,0.0,0.0,0.0,0.0,0.0,0.0,0.0,0.0,0.0,0.0
1761396942732158442,18669,1761396942731381456,,joint1,joint2,joint3,joint4,joint5,joint6,-0.00031403140746988356,-0.5378037691116333,-0.6396039724349976,-0.012875287793576717,-0.2141014039516449,0.835951566696167,0.0,0.0,0.0,0.0,0.0,0.0,0.0,0.0,0.0,0.0,0.0,0.0
1761396942752144387,18670,1761396942751374893,,joint1,joint2,joint3,joint4,joint5,joint6,-0.00031403140746988356,-0.5378037691116333,-0.6396039724349976,-0.012875287793576717,-0.2141014039516449,0.835951566696167,0.0,0.0,0.0,0.0,0.0,0.0,0.0,0.0,0.0,0.0,0.0,0.0
1761396942771902502,18671,1761396942771383559,,joint1,joint2,joint3,joint4,joint5,joint6,-0.00031403140746988356,-0.5378037691116333,-0.6396039724349976,-0.012875287793576717,-0.2141014039516449,0.835951566696167,0.0,0.0,0.0,0.0,0.0,0.0,0.0,0.0,0.0,0.0,0.0,0.0
1761396942791894284,18672,1761396942791374199,,joint1,joint2,joint3,joint4,joint5,joint6,-0.00031403140746988356,-0.5378037691116333,-0.6396039724349976,-0.012875287793576717,-0.2141014039516449,0.835951566696167,0.0,0.0,0.0,0.0,0.0,0.0,0.0,0.0,0.0,0.0,0.0,0.0
1761396942811884063,18673,1761396942811327405,,joint1,joint2,joint3,joint4,joint5,joint6,-0.00031403140746988356,-0.5378037691116333,-0.6396039724349976,-0.012875287793576717,-0.2141014039516449,0.835951566696167,0.0,0.0,0.0,0.0,0.0,0.0,0.0,0.0,0.0,0.0,0.0,0.0
1761396942832085916,18674,1761396942831380672,,joint1,joint2,joint3,joint4,joint5,joint6,-0.00031403140746988356,-0.5378037691116333,-0.6396039724349976,-0.012875287793576717,-0.2141014039516449,0.835951566696167,0.0,0.0,0.0,0.0,0.0,0.0,0.0,0.0,0.0,0.0,0.0,0.0
1761396942852098440,18675,1761396942851374442,,joint1,joint2,joint3,joint4,joint5,joint6,-0.00031403140746988356,-0.5378037691116333,-0.6396039724349976,-0.012875287793576717,-0.2141014039516449,0.835951566696167,0.0,0.0,0.0,0.0,0.0,0.0,0.0,0.0,0.0,0.0,0.0,0.0
1761396942872204806,18676,1761396942871331145,,joint1,joint2,joint3,joint4,joint5,joint6,-0.00031403140746988356,-0.5378037691116333,-0.6396039724349976,-0.012875287793576717,-0.2141014039516449,0.835951566696167,0.0,0.0,0.0,0.0,0.0,0.0,0.0,0.0,0.0,0.0,0.0,0.0
1761396942891884909,18677,1761396942891327267,,joint1,joint2,joint3,joint4,joint5,joint6,-0.00031403140746988356,-0.5378037691116333,-0.6396039724349976,-0.012875287793576717,-0.2141014039516449,0.835951566696167,0.0,0.0,0.0,0.0,0.0,0.0,0.0,0.0,0.0,0.0,0.0,0.0
1761396942911934672,18678,1761396942911379713,,joint1,joint2,joint3,joint4,joint5,joint6,-0.00031403140746988356,-0.5378037691116333,-0.6396039724349976,-0.012875287793576717,-0.2141014039516449,0.835951566696167,0.0,0.0,0.0,0.0,0.0,0.0,0.0,0.0,0.0,0.0,0.0,0.0
1761396942932285269,18679,1761396942931337155,,joint1,joint2,joint3,joint4,joint5,joint6,-0.00031403140746988356,-0.5378037691116333,-0.6396039724349976,-0.012875287793576717,-0.2141014039516449,0.835951566696167,0.0,0.0,0.0,0.0,0.0,0.0,0.0,0.0,0.0,0.0,0.0,0.0
1761396942952412407,18680,1761396942951379885,,joint1,joint2,joint3,joint4,joint5,joint6,-0.00031403140746988356,-0.5378037691116333,-0.6396039724349976,-0.012875287793576717,-0.2141014039516449,0.835951566696167,0.0,0.0,0.0,0.0,0.0,0.0,0.0,0.0,0.0,0.0,0.0,0.0
1761396942971949203,18681,1761396942971379029,,joint1,joint2,joint3,joint4,joint5,joint6,-0.00031403140746988356,-0.5378037691116333,-0.6396039724349976,-0.012875287793576717,-0.2141014039516449,0.835951566696167,0.0,0.0,0.0,0.0,0.0,0.0,0.0,0.0,0.0,0.0,0.0,0.0
1761396942992368755,18682,1761396942991328571,,joint1,joint2,joint3,joint4,joint5,joint6,-0.00031403140746988356,-0.5378037691116333,-0.6396039724349976,-0.012875287793576717,-0.2141014039516449,0.835951566696167,0.0,0.0,0.0,0.0,0.0,0.0,0.0,0.0,0.0,0.0,0.0,0.0
1761396943012344884,18683,1761396943011379114,,joint1,joint2,joint3,joint4,joint5,joint6,-0.00031403140746988356,-0.5378037691116333,-0.6396039724349976,-0.012875287793576717,-0.2141014039516449,0.835951566696167,0.0,0.0,0.0,0.0,0.0,0.0,0.0,0.0,0.0,0.0,0.0,0.0
1761396943032364498,18684,1761396943031385057,,joint1,joint2,joint3,joint4,joint5,joint6,-0.00031403140746988356,-0.5378037691116333,-0.6396039724349976,-0.012875287793576717,-0.2141014039516449,0.835951566696167,0.0,0.0,0.0,0.0,0.0,0.0,0.0,0.0,0.0,0.0,0.0,0.0
1761396943052296606,18685,1761396943051323614,,joint1,joint2,joint3,joint4,joint5,joint6,-0.00031403140746988356,-0.5378037691116333,-0.6396039724349976,-0.012875287793576717,-0.2141014039516449,0.835951566696167,0.0,0.0,0.0,0.0,0.0,0.0,0.0,0.0,0.0,0.0,0.0,0.0
1761396943072299801,18686,1761396943071374833,,joint1,joint2,joint3,joint4,joint5,joint6,-0.00031403140746988356,-0.5378037691116333,-0.6396039724349976,-0.012875287793576717,-0.2141014039516449,0.835951566696167,0.0,0.0,0.0,0.0,0.0,0.0,0.0,0.0,0.0,0.0,0.0,0.0
1761396943092210851,18687,1761396943091326928,,joint1,joint2,joint3,joint4,joint5,joint6,-0.00031403140746988356,-0.5378037691116333,-0.6396039724349976,-0.012875287793576717,-0.2141014039516449,0.835951566696167,0.0,0.0,0.0,0.0,0.0,0.0,0.0,0.0,0.0,0.0,0.0,0.0
1761396943111933361,18688,1761396943111374016,,joint1,joint2,joint3,joint4,joint5,joint6,-0.00031403140746988356,-0.5378037691116333,-0.6396039724349976,-0.012875287793576717,-0.2141014039516449,0.835951566696167,0.0,0.0,0.0,0.0,0.0,0.0,0.0,0.0,0.0,0.0,0.0,0.0
1761396943132098595,18689,1761396943131417653,,joint1,joint2,joint3,joint4,joint5,joint6,-0.00031403140746988356,-0.5378037691116333,-0.6396039724349976,-0.012875287793576717,-0.2141014039516449,0.835951566696167,0.0,0.0,0.0,0.0,0.0,0.0,0.0,0.0,0.0,0.0,0.0,0.0
1761396943152645712,18690,1761396943151297766,,joint1,joint2,joint3,joint4,joint5,joint6,-0.00031403140746988356,-0.5378037691116333,-0.6396039724349976,-0.012875287793576717,-0.2141014039516449,0.835951566696167,0.0,0.0,0.0,0.0,0.0,0.0,0.0,0.0,0.0,0.0,0.0,0.0
1761396943172241713,18691,1761396943171328372,,joint1,joint2,joint3,joint4,joint5,joint6,-0.00031403140746988356,-0.5378037691116333,-0.6396039724349976,-0.012875287793576717,-0.2141014039516449,0.835951566696167,0.0,0.0,0.0,0.0,0.0,0.0,0.0,0.0,0.0,0.0,0.0,0.0
1761396943191924934,18692,1761396943191325799,,joint1,joint2,joint3,joint4,joint5,joint6,-0.00031403140746988356,-0.5378037691116333,-0.6396039724349976,-0.012875287793576717,-0.2141014039516449,0.835951566696167,0.0,0.0,0.0,0.0,0.0,0.0,0.0,0.0,0.0,0.0,0.0,0.0
1761396943212247747,18693,1761396943211323980,,joint1,joint2,joint3,joint4,joint5,joint6,-0.00031403140746988356,-0.5378037691116333,-0.6396039724349976,-0.012875287793576717,-0.2141014039516449,0.835951566696167,0.0,0.0,0.0,0.0,0.0,0.0,0.0,0.0,0.0,0.0,0.0,0.0
1761396943231858700,18694,1761396943231333223,,joint1,joint2,joint3,joint4,joint5,joint6,-0.00031403140746988356,-0.5378037691116333,-0.6396039724349976,-0.01350335031747818,-0.2141014039516449,0.835951566696167,0.0,0.0,0.0,0.0,0.0,0.0,0.0,0.0,0.0,0.0,0.0,0.0
1761396943252375106,18695,1761396943251376029,,joint1,joint2,joint3,joint4,joint5,joint6,-0.00031403140746988356,-0.5378037691116333,-0.6396039724349976,-0.01350335031747818,-0.2141014039516449,0.835951566696167,0.0,0.0,0.0,0.0,0.0,0.0,0.0,0.0,0.0,0.0,0.0,0.0
1761396943272353714,18696,1761396943271334692,,joint1,joint2,joint3,joint4,joint5,joint6,-0.00031403140746988356,-0.5378037691116333,-0.6396039724349976,-0.014131412841379642,-0.2141014039516449,0.835951566696167,0.0,0.0,0.0,0.0,0.0,0.0,0.0,0.0,0.0,0.0,0.0,0.0
1761396943292243293,18697,1761396943291327450,,joint1,joint2,joint3,joint4,joint5,joint6,-0.00031403140746988356,-0.5378037691116333,-0.6396039724349976,-0.014131412841379642,-0.2141014039516449,0.835951566696167,0.0,0.0,0.0,0.0,0.0,0.0,0.0,0.0,0.0,0.0,0.0,0.0
1761396943312156420,18698,1761396943311377670,,joint1,joint2,joint3,joint4,joint5,joint6,-0.00031403140746988356,-0.5378037691116333,-0.6396039724349976,-0.01601560227572918,-0.2141014039516449,0.835951566696167,0.0,0.0,0.0,0.0,0.0,0.0,0.0,0.0,0.0,0.0,0.0,0.0
1761396943331825199,18699,1761396943331335952,,joint1,joint2,joint3,joint4,joint5,joint6,-0.00031403140746988356,-0.5378037691116333,-0.6396039724349976,-0.01789979077875614,-0.2141014039516449,0.835951566696167,0.0,0.0,0.0,0.0,0.0,0.0,0.0,0.0,0.0,0.0,0.0,0.0
1761396943351994592,18700,1761396943351379329,,joint1,joint2,joint3,joint4,joint5,joint6,-0.00031403140746988356,-0.5378037691116333,-0.6396039724349976,-0.01789979077875614,-0.2141014039516449,0.835951566696167,0.0,0.0,0.0,0.0,0.0,0.0,0.0,0.0,0.0,0.0,0.0,0.0
1761396943372162367,18701,1761396943371334913,,joint1,joint2,joint3,joint4,joint5,joint6,-0.00031403140746988356,-0.5378037691116333,-0.6396039724349976,-0.020412040874361992,-0.2141014039516449,0.835951566696167,0.0,0.0,0.0,0.0,0.0,0.0,0.0,0.0,0.0,0.0,0.0,0.0
1761396943392223980,18702,1761396943391331122,,joint1,joint2,joint3,joint4,joint5,joint6,-0.00031403140746988356,-0.5378037691116333,-0.6396039724349976,-0.020412040874361992,-0.2141014039516449,0.835951566696167,0.0,0.0,0.0,0.0,0.0,0.0,0.0,0.0,0.0,0.0,0.0,0.0
1761396943411874495,18703,1761396943411334697,,joint1,joint2,joint3,joint4,joint5,joint6,-0.00031403140746988356,-0.5378037691116333,-0.6396039724349976,-0.022296229377388954,-0.2141014039516449,0.835951566696167,0.0,0.0,0.0,0.0,0.0,0.0,0.0,0.0,0.0,0.0,0.0,0.0
1761396943431917749,18704,1761396943431383072,,joint1,joint2,joint3,joint4,joint5,joint6,-0.00031403140746988356,-0.5378037691116333,-0.6396039724349976,-0.022296229377388954,-0.2141014039516449,0.835951566696167,0.0,0.0,0.0,0.0,0.0,0.0,0.0,0.0,0.0,0.0,0.0,0.0
1761396943452057103,18705,1761396943451336803,,joint1,joint2,joint3,joint4,joint5,joint6,-0.00031403140746988356,-0.5378037691116333,-0.6396039724349976,-0.02606460638344288,-0.2141014039516449,0.835951566696167,0.0,0.0,0.0,0.0,0.0,0.0,0.0,0.0,0.0,0.0,0.0,0.0
1761396943472183069,18706,1761396943471401386,,joint1,joint2,joint3,joint4,joint5,joint6,-0.00031403140746988356,-0.5378037691116333,-0.6396039724349976,-0.029832983389496803,-0.2141014039516449,0.835951566696167,0.0,0.0,0.0,0.0,0.0,0.0,0.0,0.0,0.0,0.0,0.0,0.0
1761396943491827454,18707,1761396943491336334,,joint1,joint2,joint3,joint4,joint5,joint6,-0.00031403140746988356,-0.5378037691116333,-0.6396039724349976,-0.029832983389496803,-0.2141014039516449,0.835951566696167,0.0,0.0,0.0,0.0,0.0,0.0,0.0,0.0,0.0,0.0,0.0,0.0
1761396943512129138,18708,1761396943511335462,,joint1,joint2,joint3,joint4,joint5,joint6,-0.00031403140746988356,-0.5378037691116333,-0.6396039724349976,-0.034229423850774765,-0.2141014039516449,0.835951566696167,0.0,0.0,0.0,0.0,0.0,0.0,0.0,0.0,0.0,0.0,0.0,0.0
1761396943532284121,18709,1761396943531380658,,joint1,joint2,joint3,joint4,joint5,joint6,-0.00031403140746988356,-0.5378037691116333,-0.6396039724349976,-0.034229423850774765,-0.2141014039516449,0.835951566696167,0.0,0.0,0.0,0.0,0.0,0.0,0.0,0.0,0.0,0.0,0.0,0.0
1761396943552314445,18710,1761396943551331335,,joint1,joint2,joint3,joint4,joint5,joint6,-0.00031403140746988356,-0.5378037691116333,-0.6396039724349976,-0.036741673946380615,-0.2141014039516449,0.835951566696167,0.0,0.0,0.0,0.0,0.0,0.0,0.0,0.0,0.0,0.0,0.0,0.0
1761396943572185920,18711,1761396943571381645,,joint1,joint2,joint3,joint4,joint5,joint6,-0.00031403140746988356,-0.5378037691116333,-0.6396039724349976,-0.036741673946380615,-0.2141014039516449,0.835951566696167,0.0,0.0,0.0,0.0,0.0,0.0,0.0,0.0,0.0,0.0,0.0,0.0
1761396943592293906,18712,1761396943591329689,,joint1,joint2,joint3,joint4,joint5,joint6,-0.00031403140746988356,-0.5378037691116333,-0.6396039724349976,-0.041766177862882614,-0.2141014039516449,0.835951566696167,0.0,0.0,0.0,0.0,0.0,0.0,0.0,0.0,0.0,0.0,0.0,0.0
1761396943611893006,18713,1761396943611374652,,joint1,joint2,joint3,joint4,joint5,joint6,-0.00031403140746988356,-0.5378037691116333,-0.6396039724349976,-0.041766177862882614,-0.2141014039516449,0.835951566696167,0.0,0.0,0.0,0.0,0.0,0.0,0.0,0.0,0.0,0.0,0.0,0.0
1761396943632157762,18714,1761396943631384703,,joint1,joint2,joint3,joint4,joint5,joint6,-0.00031403140746988356,-0.5378037691116333,-0.6396039724349976,-0.0474187433719635,-0.2141014039516449,0.835951566696167,0.0,0.0,0.0,0.0,0.0,0.0,0.0,0.0,0.0,0.0,0.0,0.0
1761396943652275399,18715,1761396943651323174,,joint1,joint2,joint3,joint4,joint5,joint6,-0.00031403140746988356,-0.5378037691116333,-0.6396039724349976,-0.053699370473623276,-0.2141014039516449,0.835951566696167,0.0,0.0,0.0,0.0,0.0,0.0,0.0,0.0,0.0,0.0,0.0,0.0
1761396943671966336,18716,1761396943671358836,,joint1,joint2,joint3,joint4,joint5,joint6,-0.00031403140746988356,-0.5378037691116333,-0.6396039724349976,-0.053699370473623276,-0.2141014039516449,0.835951566696167,0.0,0.0,0.0,0.0,0.0,0.0,0.0,0.0,0.0,0.0,0.0,0.0
1761396943692159090,18717,1761396943691336403,,joint1,joint2,joint3,joint4,joint5,joint6,-0.00031403140746988356,-0.5378037691116333,-0.6396039724349976,-0.0574677474796772,-0.2141014039516449,0.835951566696167,0.0,0.0,0.0,0.0,0.0,0.0,0.0,0.0,0.0,0.0,0.0,0.0
1761396943712342394,18718,1761396943711362514,,joint1,joint2,joint3,joint4,joint5,joint6,-0.00031403140746988356,-0.5378037691116333,-0.6396039724349976,-0.0574677474796772,-0.2141014039516449,0.835951566696167,0.0,0.0,0.0,0.0,0.0,0.0,0.0,0.0,0.0,0.0,0.0,0.0
1761396943732106454,18719,1761396943731373496,,joint1,joint2,joint3,joint4,joint5,joint6,-0.00031403140746988356,-0.5378037691116333,-0.6396039724349976,-0.06437643617391586,-0.2141014039516449,0.835951566696167,0.0,0.0,0.0,0.0,0.0,0.0,0.0,0.0,0.0,0.0,0.0,0.0
1761396943752399764,18720,1761396943751386032,,joint1,joint2,joint3,joint4,joint5,joint6,-0.00031403140746988356,-0.5378037691116333,-0.6396039724349976,-0.06437643617391586,-0.2141014039516449,0.835951566696167,0.0,0.0,0.0,0.0,0.0,0.0,0.0,0.0,0.0,0.0,0.0,0.0
1761396943771978988,18721,1761396943771320868,,joint1,joint2,joint3,joint4,joint5,joint6,-0.00031403140746988356,-0.5378037691116333,-0.6396039724349976,-0.0725412517786026,-0.2141014039516449,0.835951566696167,0.0,0.0,0.0,0.0,0.0,0.0,0.0,0.0,0.0,0.0,0.0,0.0
1761396943791975062,18722,1761396943791339545,,joint1,joint2,joint3,joint4,joint5,joint6,-0.00031403140746988356,-0.5378037691116333,-0.6396039724349976,-0.0725412517786026,-0.2141014039516449,0.835951566696167,0.0,0.0,0.0,0.0,0.0,0.0,0.0,0.0,0.0,0.0,0.0,0.0
1761396943812389235,18723,1761396943811390895,,joint1,joint2,joint3,joint4,joint5,joint6,-0.00031403140746988356,-0.5378037691116333,-0.6396039724349976,-0.08070606738328934,-0.2141014039516449,0.835951566696167,0.0,0.0,0.0,0.0,0.0,0.0,0.0,0.0,0.0,0.0,0.0,0.0
1761396943831893772,18724,1761396943831386255,,joint1,joint2,joint3,joint4,joint5,joint6,-0.00031403140746988356,-0.5378037691116333,-0.6396039724349976,-0.08949895203113556,-0.2141014039516449,0.835951566696167,0.0,0.0,0.0,0.0,0.0,0.0,0.0,0.0,0.0,0.0,0.0,0.0
1761396943852339176,18725,1761396943851335970,,joint1,joint2,joint3,joint4,joint5,joint6,-0.00031403140746988356,-0.5378037691116333,-0.6396039724349976,-0.08949895203113556,-0.2141014039516449,0.835951566696167,0.0,0.0,0.0,0.0,0.0,0.0,0.0,0.0,0.0,0.0,0.0,0.0
1761396943872002365,18726,1761396943871320793,,joint1,joint2,joint3,joint4,joint5,joint6,-0.00031403140746988356,-0.5378037691116333,-0.6396039724349976,-0.09389539062976837,-0.2141014039516449,0.835951566696167,0.0,0.0,0.0,0.0,0.0,0.0,0.0,0.0,0.0,0.0,0.0,0.0
1761396943892049538,18727,1761396943891386523,,joint1,joint2,joint3,joint4,joint5,joint6,-0.00031403140746988356,-0.5378037691116333,-0.6396039724349976,-0.09389539062976837,-0.2141014039516449,0.835951566696167,0.0,0.0,0.0,0.0,0.0,0.0,0.0,0.0,0.0,0.0,0.0,0.0
1761396943912243587,18728,1761396943911379308,,joint1,joint2,joint3,joint4,joint5,joint6,-0.00031403140746988356,-0.5378037691116333,-0.6396039724349976,-0.10394439101219177,-0.2141014039516449,0.835951566696167,0.0,0.0,0.0,0.0,0.0,0.0,0.0,0.0,0.0,0.0,0.0,0.0
1761396943931887025,18729,1761396943931381513,,joint1,joint2,joint3,joint4,joint5,joint6,-0.00031403140746988356,-0.5378037691116333,-0.6396039724349976,-0.10394439101219177,-0.2141014039516449,0.835951566696167,0.0,0.0,0.0,0.0,0.0,0.0,0.0,0.0,0.0,0.0,0.0,0.0
1761396943952175739,18730,1761396943951322096,,joint1,joint2,joint3,joint4,joint5,joint6,-0.00031403140746988356,-0.5378037691116333,-0.6396039724349976,-0.11399339884519577,-0.2141014039516449,0.835951566696167,0.0,0.0,0.0,0.0,0.0,0.0,0.0,0.0,0.0,0.0,0.0,0.0
1761396943972145827,18731,1761396943971333471,,joint1,joint2,joint3,joint4,joint5,joint6,-0.00031403140746988356,-0.5378037691116333,-0.6396039724349976,-0.11399339884519577,-0.2141014039516449,0.835951566696167,0.0,0.0,0.0,0.0,0.0,0.0,0.0,0.0,0.0,0.0,0.0,0.0
1761396943991956865,18732,1761396943991382810,,joint1,joint2,joint3,joint4,joint5,joint6,-0.00031403140746988356,-0.5378037691116333,-0.6396039724349976,-0.12404240667819977,-0.2141014039516449,0.835951566696167,0.0,0.0,0.0,0.0,0.0,0.0,0.0,0.0,0.0,0.0,0.0,0.0
1761396944012326208,18733,1761396944011354672,,joint1,joint2,joint3,joint4,joint5,joint6,-0.00031403140746988356,-0.5378037691116333,-0.6396039724349976,-0.12906689941883087,-0.2141014039516449,0.835951566696167,0.0,0.0,0.0,0.0,0.0,0.0,0.0,0.0,0.0,0.0,0.0,0.0
1761396944031985971,18734,1761396944031399390,,joint1,joint2,joint3,joint4,joint5,joint6,-0.00031403140746988356,-0.5378037691116333,-0.6396039724349976,-0.12906689941883087,-0.2141014039516449,0.835951566696167,0.0,0.0,0.0,0.0,0.0,0.0,0.0,0.0,0.0,0.0,0.0,0.0
1761396944052236386,18735,1761396944051337095,,joint1,joint2,joint3,joint4,joint5,joint6,-0.00031403140746988356,-0.5378037691116333,-0.6396039724349976,-0.14100010693073273,-0.2141014039516449,0.835951566696167,0.0,0.0,0.0,0.0,0.0,0.0,0.0,0.0,0.0,0.0,0.0,0.0
1761396944072195981,18736,1761396944071383887,,joint1,joint2,joint3,joint4,joint5,joint6,-0.00031403140746988356,-0.5378037691116333,-0.6396039724349976,-0.14100010693073273,-0.2141014039516449,0.835951566696167,0.0,0.0,0.0,0.0,0.0,0.0,0.0,0.0,0.0,0.0,0.0,0.0
1761396944092281305,18737,1761396944091379146,,joint1,joint2,joint3,joint4,joint5,joint6,-0.00031403140746988356,-0.5378037691116333,-0.6396039724349976,-0.1529332995414734,-0.2141014039516449,0.835951566696167,0.0,0.0,0.0,0.0,0.0,0.0,0.0,0.0,0.0,0.0,0.0,0.0
1761396944112285725,18738,1761396944111321237,,joint1,joint2,joint3,joint4,joint5,joint6,-0.00031403140746988356,-0.5378037691116333,-0.6396039724349976,-0.1529332995414734,-0.2141014039516449,0.835951566696167,0.0,0.0,0.0,0.0,0.0,0.0,0.0,0.0,0.0,0.0,0.0,0.0
1761396944132320076,18739,1761396944131382255,,joint1,joint2,joint3,joint4,joint5,joint6,-0.00031403140746988356,-0.5378037691116333,-0.6396039724349976,-0.16549454629421234,-0.2141014039516449,0.835951566696167,0.0,0.0,0.0,0.0,0.0,0.0,0.0,0.0,0.0,0.0,0.0,0.0
1761396944151861072,18740,1761396944151339485,,joint1,joint2,joint3,joint4,joint5,joint6,-0.00031403140746988356,-0.5378037691116333,-0.6396039724349976,-0.16549454629421234,-0.2141014039516449,0.835951566696167,0.0,0.0,0.0,0.0,0.0,0.0,0.0,0.0,0.0,0.0,0.0,0.0
1761396944172204519,18741,1761396944171384139,,joint1,joint2,joint3,joint4,joint5,joint6,-0.00031403140746988356,-0.5378037691116333,-0.6396039724349976,-0.1724032461643219,-0.2141014039516449,0.835951566696167,0.0,0.0,0.0,0.0,0.0,0.0,0.0,0.0,0.0,0.0,0.0,0.0
1761396944191916706,18742,1761396944191386943,,joint1,joint2,joint3,joint4,joint5,joint6,-0.00031403140746988356,-0.5378037691116333,-0.6396039724349976,-0.18559256196022034,-0.2141014039516449,0.835951566696167,0.0,0.0,0.0,0.0,0.0,0.0,0.0,0.0,0.0,0.0,0.0,0.0
1761396944212029439,18743,1761396944211326996,,joint1,joint2,joint3,joint4,joint5,joint6,-0.00031403140746988356,-0.5378037691116333,-0.6396039724349976,-0.18559256196022034,-0.2141014039516449,0.835951566696167,0.0,0.0,0.0,0.0,0.0,0.0,0.0,0.0,0.0,0.0,0.0,0.0
1761396944232042761,18744,1761396944231383936,,joint1,joint2,joint3,joint4,joint5,joint6,-0.00031403140746988356,-0.5378037691116333,-0.6396039724349976,-0.19878187775611877,-0.2141014039516449,0.835951566696167,0.0,0.0,0.0,0.0,0.0,0.0,0.0,0.0,0.0,0.0,0.0,0.0
1761396944252742645,18745,1761396944251794391,,joint1,joint2,joint3,joint4,joint5,joint6,-0.00031403140746988356,-0.5378037691116333,-0.6396039724349976,-0.19878187775611877,-0.2141014039516449,0.835951566696167,0.0,0.0,0.0,0.0,0.0,0.0,0.0,0.0,0.0,0.0,0.0,0.0
1761396944271917838,18746,1761396944271385270,,joint1,joint2,joint3,joint4,joint5,joint6,-0.00031403140746988356,-0.5378037691116333,-0.6396039724349976,-0.213227316737175,-0.2141014039516449,0.835951566696167,0.0,0.0,0.0,0.0,0.0,0.0,0.0,0.0,0.0,0.0,0.0,0.0
1761396944291918535,18747,1761396944291383288,,joint1,joint2,joint3,joint4,joint5,joint6,-0.00031403140746988356,-0.5378037691116333,-0.6396039724349976,-0.213227316737175,-0.2141014039516449,0.835951566696167,0.0,0.0,0.0,0.0,0.0,0.0,0.0,0.0,0.0,0.0,0.0,0.0
1761396944312093553,18748,1761396944311353669,,joint1,joint2,joint3,joint4,joint5,joint6,-0.00031403140746988356,-0.5378037691116333,-0.6396039724349976,-0.22830082476139069,-0.2141014039516449,0.835951566696167,0.0,0.0,0.0,0.0,0.0,0.0,0.0,0.0,0.0,0.0,0.0,0.0
1761396944332243127,18749,1761396944331330524,,joint1,joint2,joint3,joint4,joint5,joint6,-0.00031403140746988356,-0.5378037691116333,-0.6396039724349976,-0.22830082476139069,-0.2141014039516449,0.835951566696167,0.0,0.0,0.0,0.0,0.0,0.0,0.0,0.0,0.0,0.0,0.0,0.0
1761396944352339338,18750,1761396944351419713,,joint1,joint2,joint3,joint4,joint5,joint6,-0.00031403140746988356,-0.5378037691116333,-0.6396039724349976,-0.23583757877349854,-0.2141014039516449,0.835951566696167,0.0,0.0,0.0,0.0,0.0,0.0,0.0,0.0,0.0,0.0,0.0,0.0
1761396944372291314,18751,1761396944371326842,,joint1,joint2,joint3,joint4,joint5,joint6,-0.00031403140746988356,-0.5378037691116333,-0.6396039724349976,-0.2515391409397125,-0.2141014039516449,0.835951566696167,0.0,0.0,0.0,0.0,0.0,0.0,0.0,0.0,0.0,0.0,0.0,0.0
1761396944392183905,18752,1761396944391320266,,joint1,joint2,joint3,joint4,joint5,joint6,-0.00031403140746988356,-0.5378037691116333,-0.6396039724349976,-0.2515391409397125,-0.2141014039516449,0.835951566696167,0.0,0.0,0.0,0.0,0.0,0.0,0.0,0.0,0.0,0.0,0.0,0.0
1761396944411864290,18753,1761396944411328615,,joint1,joint2,joint3,joint4,joint5,joint6,-0.00031403140746988356,-0.5378037691116333,-0.6396039724349976,-0.2678687870502472,-0.2141014039516449,0.835951566696167,0.0,0.0,0.0,0.0,0.0,0.0,0.0,0.0,0.0,0.0,0.0,0.0
1761396944432251720,18754,1761396944431383661,,joint1,joint2,joint3,joint4,joint5,joint6,-0.00031403140746988356,-0.5378037691116333,-0.6396039724349976,-0.2678687870502472,-0.2141014039516449,0.835951566696167,0.0,0.0,0.0,0.0,0.0,0.0,0.0,0.0,0.0,0.0,0.0,0.0
1761396944452251926,18755,1761396944451320152,,joint1,joint2,joint3,joint4,joint5,joint6,-0.00031403140746988356,-0.5378037691116333,-0.6396039724349976,-0.28419843316078186,-0.2141014039516449,0.835951566696167,0.0,0.0,0.0,0.0,0.0,0.0,0.0,0.0,0.0,0.0,0.0,0.0
1761396944471905805,18756,1761396944471382237,,joint1,joint2,joint3,joint4,joint5,joint6,-0.00031403140746988356,-0.5378037691116333,-0.6396039724349976,-0.28419843316078186,-0.2141014039516449,0.835951566696167,0.0,0.0,0.0,0.0,0.0,0.0,0.0,0.0,0.0,0.0,0.0,0.0
1761396944492443090,18757,1761396944491383543,,joint1,joint2,joint3,joint4,joint5,joint6,-0.00031403140746988356,-0.5378037691116333,-0.6396039724349976,-0.2923632264137268,-0.2141014039516449,0.835951566696167,0.0,0.0,0.0,0.0,0.0,0.0,0.0,0.0,0.0,0.0,0.0,0.0
1761396944511848725,18758,1761396944511338126,,joint1,joint2,joint3,joint4,joint5,joint6,-0.00031403140746988356,-0.5378037691116333,-0.6396039724349976,-0.2923632264137268,-0.2141014039516449,0.835951566696167,0.0,0.0,0.0,0.0,0.0,0.0,0.0,0.0,0.0,0.0,0.0,0.0
1761396944531927635,18759,1761396944531381029,,joint1,joint2,joint3,joint4,joint5,joint6,-0.00031403140746988356,-0.5378037691116333,-0.6396039724349976,-0.30994898080825806,-0.2141014039516449,0.835951566696167,0.0,0.0,0.0,0.0,0.0,0.0,0.0,0.0,0.0,0.0,0.0,0.0
1761396944552178558,18760,1761396944551395559,,joint1,joint2,joint3,joint4,joint5,joint6,-0.00031403140746988356,-0.5378037691116333,-0.6396039724349976,-0.32816281914711,-0.2141014039516449,0.835951566696167,0.0,0.0,0.0,0.0,0.0,0.0,0.0,0.0,0.0,0.0,0.0,0.0
1761396944571880950,18761,1761396944571320093,,joint1,joint2,joint3,joint4,joint5,joint6,-0.00031403140746988356,-0.5378037691116333,-0.6396039724349976,-0.32816281914711,-0.2141014039516449,0.835951566696167,0.0,0.0,0.0,0.0,0.0,0.0,0.0,0.0,0.0,0.0,0.0,0.0
1761396944591943376,18762,1761396944591382549,,joint1,joint2,joint3,joint4,joint5,joint6,-0.00031403140746988356,-0.5378037691116333,-0.6396039724349976,-0.3470047116279602,-0.2141014039516449,0.835951566696167,0.0,0.0,0.0,0.0,0.0,0.0,0.0,0.0,0.0,0.0,0.0,0.0
1761396944612026963,18763,1761396944611389372,,joint1,joint2,joint3,joint4,joint5,joint6,-0.00031403140746988356,-0.5378037691116333,-0.6396039724349976,-0.3470047116279602,-0.2141014039516449,0.835951566696167,0.0,0.0,0.0,0.0,0.0,0.0,0.0,0.0,0.0,0.0,0.0,0.0
1761396944632195887,18764,1761396944631379965,,joint1,joint2,joint3,joint4,joint5,joint6,-0.00031403140746988356,-0.5378037691116333,-0.6396039724349976,-0.35579758882522583,-0.2141014039516449,0.835951566696167,0.0,0.0,0.0,0.0,0.0,0.0,0.0,0.0,0.0,0.0,0.0,0.0
1761396944652192246,18765,1761396944651341139,,joint1,joint2,joint3,joint4,joint5,joint6,-0.00031403140746988356,-0.5378037691116333,-0.6396039724349976,-0.35579758882522583,-0.2141014039516449,0.835951566696167,0.0,0.0,0.0,0.0,0.0,0.0,0.0,0.0,0.0,0.0,0.0,0.0
1761396944672101271,18766,1761396944671379990,,joint1,joint2,joint3,joint4,joint5,joint6,-0.00031403140746988356,-0.5378037691116333,-0.6396039724349976,-0.37526753544807434,-0.2141014039516449,0.835951566696167,0.0,0.0,0.0,0.0,0.0,0.0,0.0,0.0,0.0,0.0,0.0,0.0
1761396944691842974,18767,1761396944691328539,,joint1,joint2,joint3,joint4,joint5,joint6,-0.00031403140746988356,-0.5378037691116333,-0.6396039724349976,-0.37526753544807434,-0.2141014039516449,0.835951566696167,0.0,0.0,0.0,0.0,0.0,0.0,0.0,0.0,0.0,0.0,0.0,0.0
1761396944711847376,18768,1761396944711375720,,joint1,joint2,joint3,joint4,joint5,joint6,-0.00031403140746988356,-0.5378037691116333,-0.6396039724349976,-0.39536553621292114,-0.2141014039516449,0.835951566696167,0.0,0.0,0.0,0.0,0.0,0.0,0.0,0.0,0.0,0.0,0.0,0.0
1761396944731947232,18769,1761396944731377478,,joint1,joint2,joint3,joint4,joint5,joint6,-0.00031403140746988356,-0.5378037691116333,-0.6396039724349976,-0.4160916209220886,-0.2141014039516449,0.835951566696167,0.0,0.0,0.0,0.0,0.0,0.0,0.0,0.0,0.0,0.0,0.0,0.0
1761396944752235867,18770,1761396944751323361,,joint1,joint2,joint3,joint4,joint5,joint6,-0.00031403140746988356,-0.5378037691116333,-0.6396039724349976,-0.4160916209220886,-0.2141014039516449,0.835951566696167,0.0,0.0,0.0,0.0,0.0,0.0,0.0,0.0,0.0,0.0,0.0,0.0
1761396944772201562,18771,1761396944771324587,,joint1,joint2,joint3,joint4,joint5,joint6,-0.00031403140746988356,-0.5378037691116333,-0.6396039724349976,-0.4368176758289337,-0.2141014039516449,0.835951566696167,0.0,0.0,0.0,0.0,0.0,0.0,0.0,0.0,0.0,0.0,0.0,0.0
1761396944792232220,18772,1761396944791340050,,joint1,joint2,joint3,joint4,joint5,joint6,-0.00031403140746988356,-0.5378037691116333,-0.6396039724349976,-0.4368176758289337,-0.2141014039516449,0.835951566696167,0.0,0.0,0.0,0.0,0.0,0.0,0.0,0.0,0.0,0.0,0.0,0.0
1761396944812047540,18773,1761396944811383383,,joint1,joint2,joint3,joint4,joint5,joint6,-0.00031403140746988356,-0.5378037691116333,-0.6396039724349976,-0.4474947452545166,-0.2141014039516449,0.835951566696167,0.0,0.0,0.0,0.0,0.0,0.0,0.0,0.0,0.0,0.0,0.0,0.0
1761396944832253437,18774,1761396944831383487,,joint1,joint2,joint3,joint4,joint5,joint6,-0.00031403140746988356,-0.5378037691116333,-0.6396039724349976,-0.4474947452545166,-0.2141014039516449,0.835951566696167,0.0,0.0,0.0,0.0,0.0,0.0,0.0,0.0,0.0,0.0,0.0,0.0
1761396944852118561,18775,1761396944851328469,,joint1,joint2,joint3,joint4,joint5,joint6,-0.00031403140746988356,-0.5378037691116333,-0.6396039724349976,-0.4688488841056824,-0.2141014039516449,0.835951566696167,0.0,0.0,0.0,0.0,0.0,0.0,0.0,0.0,0.0,0.0,0.0,0.0
1761396944872370526,18776,1761396944871379992,,joint1,joint2,joint3,joint4,joint5,joint6,-0.00031403140746988356,-0.5378037691116333,-0.6396039724349976,-0.4688488841056824,-0.2141014039516449,0.835951566696167,0.0,0.0,0.0,0.0,0.0,0.0,0.0,0.0,0.0,0.0,0.0,0.0
1761396944892355472,18777,1761396944891333039,,joint1,joint2,joint3,joint4,joint5,joint6,-0.00031403140746988356,-0.5378037691116333,-0.6396039724349976,-0.4914591312408447,-0.2141014039516449,0.835951566696167,0.0,0.0,0.0,0.0,0.0,0.0,0.0,0.0,0.0,0.0,0.0,0.0
1761396944912154657,18778,1761396944911376127,,joint1,joint2,joint3,joint4,joint5,joint6,-0.00031403140746988356,-0.5378037691116333,-0.6396039724349976,-0.5134413242340088,-0.2141014039516449,0.835951566696167,0.0,0.0,0.0,0.0,0.0,0.0,0.0,0.0,0.0,0.0,0.0,0.0
1761396944931948019,18779,1761396944931382405,,joint1,joint2,joint3,joint4,joint5,joint6,-0.00031403140746988356,-0.5378037691116333,-0.6396039724349976,-0.5134413242340088,-0.2141014039516449,0.835951566696167,0.0,0.0,0.0,0.0,0.0,0.0,0.0,0.0,0.0,0.0,0.0,0.0
1761396944951859600,18780,1761396944951306929,,joint1,joint2,joint3,joint4,joint5,joint6,-0.00031403140746988356,-0.5378037691116333,-0.6396039724349976,-0.5253745317459106,-0.2141014039516449,0.835951566696167,0.0,0.0,0.0,0.0,0.0,0.0,0.0,0.0,0.0,0.0,0.0,0.0
1761396944971979948,18781,1761396944971371372,,joint1,joint2,joint3,joint4,joint5,joint6,-0.00031403140746988356,-0.5378037691116333,-0.6396039724349976,-0.5253745317459106,-0.2141014039516449,0.835951566696167,0.0,0.0,0.0,0.0,0.0,0.0,0.0,0.0,0.0,0.0,0.0,0.0
1761396944991934179,18782,1761396944991386165,,joint1,joint2,joint3,joint4,joint5,joint6,-0.00031403140746988356,-0.5378037691116333,-0.6396039724349976,-0.5492409467697144,-0.2141014039516449,0.835951566696167,0.0,0.0,0.0,0.0,0.0,0.0,0.0,0.0,0.0,0.0,0.0,0.0
1761396945012149458,18783,1761396945011382834,,joint1,joint2,joint3,joint4,joint5,joint6,-0.00031403140746988356,-0.5378037691116333,-0.6396039724349976,-0.5492409467697144,-0.2141014039516449,0.835951566696167,0.0,0.0,0.0,0.0,0.0,0.0,0.0,0.0,0.0,0.0,0.0,0.0
1761396945032323764,18784,1761396945031386355,,joint1,joint2,joint3,joint4,joint5,joint6,-0.00031403140746988356,-0.5378037691116333,-0.6396039724349976,-0.5737353563308716,-0.2141014039516449,0.835951566696167,0.0,0.0,0.0,0.0,0.0,0.0,0.0,0.0,0.0,0.0,0.0,0.0
1761396945051944585,18785,1761396945051331166,,joint1,joint2,joint3,joint4,joint5,joint6,-0.00031403140746988356,-0.5378037691116333,-0.6396039724349976,-0.5737353563308716,-0.2141014039516449,0.835951566696167,0.0,0.0,0.0,0.0,0.0,0.0,0.0,0.0,0.0,0.0,0.0,0.0
1761396945072094322,18786,1761396945071385396,,joint1,joint2,joint3,joint4,joint5,joint6,-0.00031403140746988356,-0.5378037691116333,-0.6396039724349976,-0.5976017713546753,-0.2141014039516449,0.835951566696167,0.0,0.0,0.0,0.0,0.0,0.0,0.0,0.0,0.0,0.0,0.0,0.0
1761396945092118108,18787,1761396945091382877,,joint1,joint2,joint3,joint4,joint5,joint6,-0.00031403140746988356,-0.5378037691116333,-0.6396039724349976,-0.6101630330085754,-0.2141014039516449,0.835951566696167,0.0,0.0,0.0,0.0,0.0,0.0,0.0,0.0,0.0,0.0,0.0,0.0
1761396945111865259,18788,1761396945111332548,,joint1,joint2,joint3,joint4,joint5,joint6,-0.00031403140746988356,-0.5378037691116333,-0.6396039724349976,-0.6101630330085754,-0.2141014039516449,0.835951566696167,0.0,0.0,0.0,0.0,0.0,0.0,0.0,0.0,0.0,0.0,0.0,0.0
1761396945132309671,18789,1761396945131374306,,joint1,joint2,joint3,joint4,joint5,joint6,-0.00031403140746988356,-0.5378037691116333,-0.6396039724349976,-0.635913610458374,-0.2141014039516449,0.835951566696167,0.0,0.0,0.0,0.0,0.0,0.0,0.0,0.0,0.0,0.0,0.0,0.0
1761396945151862799,18790,1761396945151328758,,joint1,joint2,joint3,joint4,joint5,joint6,-0.00031403140746988356,-0.5378037691116333,-0.6396039724349976,-0.635913610458374,-0.2141014039516449,0.835951566696167,0.0,0.0,0.0,0.0,0.0,0.0,0.0,0.0,0.0,0.0,0.0,0.0
1761396945172251037,18791,1761396945171380078,,joint1,joint2,joint3,joint4,joint5,joint6,-0.00031403140746988356,-0.5378037691116333,-0.6396039724349976,-0.6616641879081726,-0.2141014039516449,0.835951566696167,0.0,0.0,0.0,0.0,0.0,0.0,0.0,0.0,0.0,0.0,0.0,0.0
1761396945191914159,18792,1761396945191383651,,joint1,joint2,joint3,joint4,joint5,joint6,-0.00031403140746988356,-0.5378037691116333,-0.6396039724349976,-0.6616641879081726,-0.2141014039516449,0.835951566696167,0.0,0.0,0.0,0.0,0.0,0.0,0.0,0.0,0.0,0.0,0.0,0.0
1761396945212050792,18793,1761396945211361429,,joint1,joint2,joint3,joint4,joint5,joint6,-0.00031403140746988356,-0.5378037691116333,-0.6396039724349976,-0.6880428194999695,-0.2141014039516449,0.835951566696167,0.0,0.0,0.0,0.0,0.0,0.0,0.0,0.0,0.0,0.0,0.0,0.0
1761396945231904143,18794,1761396945231380435,,joint1,joint2,joint3,joint4,joint5,joint6,-0.00031403140746988356,-0.5378037691116333,-0.6396039724349976,-0.6880428194999695,-0.2141014039516449,0.835951566696167,0.0,0.0,0.0,0.0,0.0,0.0,0.0,0.0,0.0,0.0,0.0,0.0
1761396945255581950,18795,1761396945254720643,,joint1,joint2,joint3,joint4,joint5,joint6,-0.00031403140746988356,-0.5378037691116333,-0.6396039724349976,-0.7150495052337646,-0.2141014039516449,0.835951566696167,0.0,0.0,0.0,0.0,0.0,0.0,0.0,0.0,0.0,0.0,0.0,0.0
1761396945272441039,18796,1761396945271386619,,joint1,joint2,joint3,joint4,joint5,joint6,-0.00031403140746988356,-0.5378037691116333,-0.6396039724349976,-0.7288668751716614,-0.2141014039516449,0.835951566696167,0.0,0.0,0.0,0.0,0.0,0.0,0.0,0.0,0.0,0.0,0.0,0.0
1761396945292260403,18797,1761396945291383745,,joint1,joint2,joint3,joint4,joint5,joint6,-0.00031403140746988356,-0.5378037691116333,-0.6396039724349976,-0.7288668751716614,-0.2141014039516449,0.835951566696167,0.0,0.0,0.0,0.0,0.0,0.0,0.0,0.0,0.0,0.0,0.0,0.0
1761396945311834911,18798,1761396945311382660,,joint1,joint2,joint3,joint4,joint5,joint6,-0.00031403140746988356,-0.5378037691116333,-0.6396039724349976,-0.7558735609054565,-0.2141014039516449,0.835951566696167,0.0,0.0,0.0,0.0,0.0,0.0,0.0,0.0,0.0,0.0,0.0,0.0
1761396945332222853,18799,1761396945331328479,,joint1,joint2,joint3,joint4,joint5,joint6,-0.00031403140746988356,-0.5378037691116333,-0.6396039724349976,-0.7558735609054565,-0.2141014039516449,0.835951566696167,0.0,0.0,0.0,0.0,0.0,0.0,0.0,0.0,0.0,0.0,0.0,0.0
1761396945352232526,18800,1761396945351373081,,joint1,joint2,joint3,joint4,joint5,joint6,-0.00031403140746988356,-0.5378037691116333,-0.6396039724349976,-0.7841364145278931,-0.2141014039516449,0.835951566696167,0.0,0.0,0.0,0.0,0.0,0.0,0.0,0.0,0.0,0.0,0.0,0.0
1761396945371986906,18801,1761396945371371880,,joint1,joint2,joint3,joint4,joint5,joint6,-0.00031403140746988356,-0.5378037691116333,-0.6396039724349976,-0.7841364145278931,-0.2141014039516449,0.835951566696167,0.0,0.0,0.0,0.0,0.0,0.0,0.0,0.0,0.0,0.0,0.0,0.0
1761396945392351716,18802,1761396945391386150,,joint1,joint2,joint3,joint4,joint5,joint6,-0.00031403140746988356,-0.5378037691116333,-0.6396039724349976,-0.8136553764343262,-0.2141014039516449,0.835951566696167,0.0,0.0,0.0,0.0,0.0,0.0,0.0,0.0,0.0,0.0,0.0,0.0
1761396945412302296,18803,1761396945411338762,,joint1,joint2,joint3,joint4,joint5,joint6,-0.00031403140746988356,-0.5378037691116333,-0.6396039724349976,-0.8136553764343262,-0.2141014039516449,0.835951566696167,0.0,0.0,0.0,0.0,0.0,0.0,0.0,0.0,0.0,0.0,0.0,0.0
1761396945432107315,18804,1761396945431379839,,joint1,joint2,joint3,joint4,joint5,joint6,-0.00031403140746988356,-0.5378037691116333,-0.6396039724349976,-0.8274727463722229,-0.2141014039516449,0.835951566696167,0.0,0.0,0.0,0.0,0.0,0.0,0.0,0.0,0.0,0.0,0.0,0.0
1761396945451936036,18805,1761396945451359338,,joint1,joint2,joint3,joint4,joint5,joint6,-0.00031403140746988356,-0.5378037691116333,-0.6396039724349976,-0.856991708278656,-0.2141014039516449,0.835951566696167,0.0,0.0,0.0,0.0,0.0,0.0,0.0,0.0,0.0,0.0,0.0,0.0
1761396945471966980,18806,1761396945471373231,,joint1,joint2,joint3,joint4,joint5,joint6,-0.00031403140746988356,-0.5378037691116333,-0.6396039724349976,-0.856991708278656,-0.2141014039516449,0.835951566696167,0.0,0.0,0.0,0.0,0.0,0.0,0.0,0.0,0.0,0.0,0.0,0.0
1761396945492381729,18807,1761396945491336427,,joint1,joint2,joint3,joint4,joint5,joint6,-0.00031403140746988356,-0.5378037691116333,-0.6396039724349976,-0.8877667784690857,-0.2141014039516449,0.835951566696167,0.0,0.0,0.0,0.0,0.0,0.0,0.0,0.0,0.0,0.0,0.0,0.0
1761396945512288816,18808,1761396945511320102,,joint1,joint2,joint3,joint4,joint5,joint6,-0.00031403140746988356,-0.5378037691116333,-0.6396039724349976,-0.8877667784690857,-0.2141014039516449,0.835951566696167,0.0,0.0,0.0,0.0,0.0,0.0,0.0,0.0,0.0,0.0,0.0,0.0
1761396945531926568,18809,1761396945531380597,,joint1,joint2,joint3,joint4,joint5,joint6,-0.00031403140746988356,-0.5378037691116333,-0.6396039724349976,-0.9179137945175171,-0.2141014039516449,0.835951566696167,0.0,0.0,0.0,0.0,0.0,0.0,0.0,0.0,0.0,0.0,0.0,0.0
1761396945552219943,18810,1761396945551386967,,joint1,joint2,joint3,joint4,joint5,joint6,-0.00031403140746988356,-0.5378037691116333,-0.6396039724349976,-0.9179137945175171,-0.2141014039516449,0.835951566696167,0.0,0.0,0.0,0.0,0.0,0.0,0.0,0.0,0.0,0.0,0.0,0.0
1761396945572414462,18811,1761396945571377533,,joint1,joint2,joint3,joint4,joint5,joint6,-0.00031403140746988356,-0.5378037691116333,-0.6396039724349976,-0.9336153864860535,-0.2141014039516449,0.835951566696167,0.0,0.0,0.0,0.0,0.0,0.0,0.0,0.0,0.0,0.0,0.0,0.0
1761396945591944734,18812,1761396945591374655,,joint1,joint2,joint3,joint4,joint5,joint6,-0.00031403140746988356,-0.5378037691116333,-0.6396039724349976,-0.9336153864860535,-0.2141014039516449,0.835951566696167,0.0,0.0,0.0,0.0,0.0,0.0,0.0,0.0,0.0,0.0,0.0,0.0
1761396945612079013,18813,1761396945611379764,,joint1,joint2,joint3,joint4,joint5,joint6,-0.00031403140746988356,-0.5378037691116333,-0.6396039724349976,-0.9650185108184814,-0.2141014039516449,0.835951566696167,0.0,0.0,0.0,0.0,0.0,0.0,0.0,0.0,0.0,0.0,0.0,0.0
1761396945632403962,18814,1761396945631386806,,joint1,joint2,joint3,joint4,joint5,joint6,-0.00031403140746988356,-0.5378037691116333,-0.6396039724349976,-0.9964216351509094,-0.2141014039516449,0.835951566696167,0.0,0.0,0.0,0.0,0.0,0.0,0.0,0.0,0.0,0.0,0.0,0.0
1761396945652205352,18815,1761396945651324471,,joint1,joint2,joint3,joint4,joint5,joint6,-0.00031403140746988356,-0.5378037691116333,-0.6396039724349976,-0.9964216351509094,-0.2141014039516449,0.835951566696167,0.0,0.0,0.0,0.0,0.0,0.0,0.0,0.0,0.0,0.0,0.0,0.0
1761396945671996357,18816,1761396945671383145,,joint1,joint2,joint3,joint4,joint5,joint6,-0.00031403140746988356,-0.5378037691116333,-0.6396039724349976,-1.029080867767334,-0.2141014039516449,0.835951566696167,0.0,0.0,0.0,0.0,0.0,0.0,0.0,0.0,0.0,0.0,0.0,0.0
1761396945692431869,18817,1761396945691368445,,joint1,joint2,joint3,joint4,joint5,joint6,-0.00031403140746988356,-0.5378037691116333,-0.6396039724349976,-1.029080867767334,-0.2141014039516449,0.835951566696167,0.0,0.0,0.0,0.0,0.0,0.0,0.0,0.0,0.0,0.0,0.0,0.0
1761396945712056955,18818,1761396945711382242,,joint1,joint2,joint3,joint4,joint5,joint6,-0.00031403140746988356,-0.5378037691116333,-0.6396039724349976,-1.0611121654510498,-0.2141014039516449,0.835951566696167,0.0,0.0,0.0,0.0,0.0,0.0,0.0,0.0,0.0,0.0,0.0,0.0
1761396945732120228,18819,1761396945731382106,,joint1,joint2,joint3,joint4,joint5,joint6,-0.00031403140746988356,-0.5378037691116333,-0.6396039724349976,-1.0611121654510498,-0.2141014039516449,0.835951566696167,0.0,0.0,0.0,0.0,0.0,0.0,0.0,0.0,0.0,0.0,0.0,0.0
1761396945752096771,18820,1761396945751328157,,joint1,joint2,joint3,joint4,joint5,joint6,-0.00031403140746988356,-0.5378037691116333,-0.6396039724349976,-1.078697919845581,-0.2141014039516449,0.835951566696167,0.0,0.0,0.0,0.0,0.0,0.0,0.0,0.0,0.0,0.0,0.0,0.0
1761396945772330074,18821,1761396945771337642,,joint1,joint2,joint3,joint4,joint5,joint6,-0.00031403140746988356,-0.5378037691116333,-0.6396039724349976,-1.078697919845581,-0.2141014039516449,0.835951566696167,0.0,0.0,0.0,0.0,0.0,0.0,0.0,0.0,0.0,0.0,0.0,0.0
1761396945791920795,18822,1761396945791386053,,joint1,joint2,joint3,joint4,joint5,joint6,-0.00031403140746988356,-0.5378037691116333,-0.6396039724349976,-1.112613320350647,-0.2141014039516449,0.835951566696167,0.0,0.0,0.0,0.0,0.0,0.0,0.0,0.0,0.0,0.0,0.0,0.0
1761396945811861827,18823,1761396945811320825,,joint1,joint2,joint3,joint4,joint5,joint6,-0.00031403140746988356,-0.5378037691116333,-0.6396039724349976,-1.1465286016464233,-0.2141014039516449,0.835951566696167,0.0,0.0,0.0,0.0,0.0,0.0,0.0,0.0,0.0,0.0,0.0,0.0
1761396945831966665,18824,1761396945831380837,,joint1,joint2,joint3,joint4,joint5,joint6,-0.00031403140746988356,-0.5378037691116333,-0.6396039724349976,-1.1465286016464233,-0.2141014039516449,0.835951566696167,0.0,0.0,0.0,0.0,0.0,0.0,0.0,0.0,0.0,0.0,0.0,0.0
1761396945852030410,18825,1761396945851383732,,joint1,joint2,joint3,joint4,joint5,joint6,-0.00031403140746988356,-0.5378037691116333,-0.6396039724349976,-1.1817001104354858,-0.2141014039516449,0.835951566696167,0.0,0.0,0.0,0.0,0.0,0.0,0.0,0.0,0.0,0.0,0.0,0.0
1761396945871882600,18826,1761396945871382268,,joint1,joint2,joint3,joint4,joint5,joint6,-0.00031403140746988356,-0.5378037691116333,-0.6396039724349976,-1.1817001104354858,-0.2141014039516449,0.835951566696167,0.0,0.0,0.0,0.0,0.0,0.0,0.0,0.0,0.0,0.0,0.0,0.0
1761396945892404282,18827,1761396945891372711,,joint1,joint2,joint3,joint4,joint5,joint6,-0.00031403140746988356,-0.5378037691116333,-0.6396039724349976,-1.1986578702926636,-0.2141014039516449,0.835951566696167,0.0,0.0,0.0,0.0,0.0,0.0,0.0,0.0,0.0,0.0,0.0,0.0
1761396945912213398,18828,1761396945911340924,,joint1,joint2,joint3,joint4,joint5,joint6,-0.00031403140746988356,-0.5378037691116333,-0.6396039724349976,-1.1986578702926636,-0.2141014039516449,0.835951566696167,0.0,0.0,0.0,0.0,0.0,0.0,0.0,0.0,0.0,0.0,0.0,0.0
1761396945931891282,18829,1761396945931381077,,joint1,joint2,joint3,joint4,joint5,joint6,-0.00031403140746988356,-0.5378037691116333,-0.6396039724349976,-1.233829379081726,-0.2141014039516449,0.835951566696167,0.0,0.0,0.0,0.0,0.0,0.0,0.0,0.0,0.0,0.0,0.0,0.0
1761396945951907901,18830,1761396945951337586,,joint1,joint2,joint3,joint4,joint5,joint6,-0.00031403140746988356,-0.5378037691116333,-0.6396039724349976,-1.233829379081726,-0.2141014039516449,0.835951566696167,0.0,0.0,0.0,0.0,0.0,0.0,0.0,0.0,0.0,0.0,0.0,0.0
1761396945972386488,18831,1761396945971386037,,joint1,joint2,joint3,joint4,joint5,joint6,-0.00031403140746988356,-0.5378037691116333,-0.6396039724349976,-1.2702569961547852,-0.2141014039516449,0.835951566696167,0.0,0.0,0.0,0.0,0.0,0.0,0.0,0.0,0.0,0.0,0.0,0.0
1761396945991957398,18832,1761396945991395806,,joint1,joint2,joint3,joint4,joint5,joint6,-0.00031403140746988356,-0.5378037691116333,-0.6396039724349976,-1.3066846132278442,-0.2141014039516449,0.835951566696167,0.0,0.0,0.0,0.0,0.0,0.0,0.0,0.0,0.0,0.0,0.0,0.0
1761396946012516977,18833,1761396946011385752,,joint1,joint2,joint3,joint4,joint5,joint6,-0.00031403140746988356,-0.5378037691116333,-0.6396039724349976,-1.3066846132278442,-0.2141014039516449,0.835951566696167,0.0,0.0,0.0,0.0,0.0,0.0,0.0,0.0,0.0,0.0,0.0,0.0
1761396946031929159,18834,1761396946031382791,,joint1,joint2,joint3,joint4,joint5,joint6,-0.00031403140746988356,-0.5378037691116333,-0.6396039724349976,-1.3255265951156616,-0.2141014039516449,0.835951566696167,0.0,0.0,0.0,0.0,0.0,0.0,0.0,0.0,0.0,0.0,0.0,0.0
1761396946051857501,18835,1761396946051375181,,joint1,joint2,joint3,joint4,joint5,joint6,-0.00031403140746988356,-0.5378037691116333,-0.6396039724349976,-1.3255265951156616,-0.2141014039516449,0.835951566696167,0.0,0.0,0.0,0.0,0.0,0.0,0.0,0.0,0.0,0.0,0.0,0.0
1761396946072442276,18836,1761396946071410736,,joint1,joint2,joint3,joint4,joint5,joint6,-0.00031403140746988356,-0.5378037691116333,-0.6396039724349976,-1.1383638381958008,-0.2141014039516449,0.835951566696167,0.0,0.0,0.0,0.0,0.0,0.0,0.0,0.0,0.0,0.0,0.0,0.0
1761396946091929446,18837,1761396946091332005,,joint1,joint2,joint3,joint4,joint5,joint6,-0.00031403140746988356,-0.5378037691116333,-0.6396039724349976,-1.1383638381958008,-0.2141014039516449,0.835951566696167,0.0,0.0,0.0,0.0,0.0,0.0,0.0,0.0,0.0,0.0,0.0,0.0
1761396946112261870,18838,1761396946111330056,,joint1,joint2,joint3,joint4,joint5,joint6,-0.00031403140746988356,-0.5378037691116333,-0.6396039724349976,-1.1766756772994995,-0.2141014039516449,0.835951566696167,0.0,0.0,0.0,0.0,0.0,0.0,0.0,0.0,0.0,0.0,0.0,0.0
1761396946132304676,18839,1761396946131327422,,joint1,joint2,joint3,joint4,joint5,joint6,-0.00031403140746988356,-0.5378037691116333,-0.6396039724349976,-1.1766756772994995,-0.2141014039516449,0.835951566696167,0.0,0.0,0.0,0.0,0.0,0.0,0.0,0.0,0.0,0.0,0.0,0.0
1761396946151856280,18840,1761396946151331102,,joint1,joint2,joint3,joint4,joint5,joint6,-0.00031403140746988356,-0.5378037691116333,-0.6396039724349976,-1.2143594026565552,-0.2141014039516449,0.835951566696167,0.0,0.0,0.0,0.0,0.0,0.0,0.0,0.0,0.0,0.0,0.0,0.0
1761396946172110066,18841,1761396946171344961,,joint1,joint2,joint3,joint4,joint5,joint6,-0.00031403140746988356,-0.5378037691116333,-0.6396039724349976,-1.253299355506897,-0.2141014039516449,0.835951566696167,0.0,0.0,0.0,0.0,0.0,0.0,0.0,0.0,0.0,0.0,0.0,0.0
1761396946192242930,18842,1761396946191381680,,joint1,joint2,joint3,joint4,joint5,joint6,-0.00031403140746988356,-0.5378037691116333,-0.6396039724349976,-1.253299355506897,-0.2141014039516449,0.835951566696167,0.0,0.0,0.0,0.0,0.0,0.0,0.0,0.0,0.0,0.0,0.0,0.0
1761396946212205818,18843,1761396946211379860,,joint1,joint2,joint3,joint4,joint5,joint6,-0.00031403140746988356,-0.5378037691116333,-0.6396039724349976,-1.2727693319320679,-0.2141014039516449,0.835951566696167,0.0,0.0,0.0,0.0,0.0,0.0,0.0,0.0,0.0,0.0,0.0,0.0
1761396946232331313,18844,1761396946231382088,,joint1,joint2,joint3,joint4,joint5,joint6,-0.00031403140746988356,-0.5378037691116333,-0.6396039724349976,-1.2727693319320679,-0.2141014039516449,0.835951566696167,0.0,0.0,0.0,0.0,0.0,0.0,0.0,0.0,0.0,0.0,0.0,0.0
1761396946251875856,18845,1761396946251382783,,joint1,joint2,joint3,joint4,joint5,joint6,-0.00031403140746988356,-0.5378037691116333,-0.6396039724349976,-1.3123372793197632,-0.2141014039516449,0.835951566696167,0.0,0.0,0.0,0.0,0.0,0.0,0.0,0.0,0.0,0.0,0.0,0.0
1761396946271830864,18846,1761396946271384498,,joint1,joint2,joint3,joint4,joint5,joint6,-0.00031403140746988356,-0.5378037691116333,-0.6396039724349976,-1.3123372793197632,-0.2141014039516449,0.835951566696167,0.0,0.0,0.0,0.0,0.0,0.0,0.0,0.0,0.0,0.0,0.0,0.0
1761396946291951825,18847,1761396946291352706,,joint1,joint2,joint3,joint4,joint5,joint6,-0.00031403140746988356,-0.5378037691116333,-0.6396039724349976,-1.1283148527145386,-0.2141014039516449,0.835951566696167,0.0,0.0,0.0,0.0,0.0,0.0,0.0,0.0,0.0,0.0,0.0,0.0
1761396946311959346,18848,1761396946311374853,,joint1,joint2,joint3,joint4,joint5,joint6,-0.00031403140746988356,-0.5378037691116333,-0.6396039724349976,-1.1283148527145386,-0.2141014039516449,0.835951566696167,0.0,0.0,0.0,0.0,0.0,0.0,0.0,0.0,0.0,0.0,0.0,0.0
1761396946331967073,18849,1761396946331397657,,joint1,joint2,joint3,joint4,joint5,joint6,-0.00031403140746988356,-0.5378037691116333,-0.6396039724349976,-1.1691389083862305,-0.2141014039516449,0.835951566696167,0.0,0.0,0.0,0.0,0.0,0.0,0.0,0.0,0.0,0.0,0.0,0.0
1761396946351888410,18850,1761396946351383158,,joint1,joint2,joint3,joint4,joint5,joint6,-0.00031403140746988356,-0.5378037691116333,-0.6396039724349976,-1.1892368793487549,-0.2141014039516449,0.835951566696167,0.0,0.0,0.0,0.0,0.0,0.0,0.0,0.0,0.0,0.0,0.0,0.0
1761396946372388296,18851,1761396946371373160,,joint1,joint2,joint3,joint4,joint5,joint6,-0.00031403140746988356,-0.5378037691116333,-0.6396039724349976,-1.1892368793487549,-0.2141014039516449,0.835951566696167,0.0,0.0,0.0,0.0,0.0,0.0,0.0,0.0,0.0,0.0,0.0,0.0
1761396946392303632,18852,1761396946391379551,,joint1,joint2,joint3,joint4,joint5,joint6,-0.00031403140746988356,-0.5378037691116333,-0.6396039724349976,-1.2306890487670898,-0.2141014039516449,0.835951566696167,0.0,0.0,0.0,0.0,0.0,0.0,0.0,0.0,0.0,0.0,0.0,0.0
1761396946412161750,18853,1761396946411383813,,joint1,joint2,joint3,joint4,joint5,joint6,-0.00031403140746988356,-0.5378037691116333,-0.6396039724349976,-1.2306890487670898,-0.2141014039516449,0.835951566696167,0.0,0.0,0.0,0.0,0.0,0.0,0.0,0.0,0.0,0.0,0.0,0.0
1761396946431955050,18854,1761396946431437470,,joint1,joint2,joint3,joint4,joint5,joint6,-0.00031403140746988356,-0.5378037691116333,-0.6396039724349976,-1.2727693319320679,-0.2141014039516449,0.835951566696167,0.0,0.0,0.0,0.0,0.0,0.0,0.0,0.0,0.0,0.0,0.0,0.0
1761396946452224023,18855,1761396946451384829,,joint1,joint2,joint3,joint4,joint5,joint6,-0.00031403140746988356,-0.5378037691116333,-0.6396039724349976,-1.2727693319320679,-0.2141014039516449,0.835951566696167,0.0,0.0,0.0,0.0,0.0,0.0,0.0,0.0,0.0,0.0,0.0,0.0
1761396946472360403,18856,1761396946471373133,,joint1,joint2,joint3,joint4,joint5,joint6,-0.00031403140746988356,-0.5378037691116333,-0.6396039724349976,-1.3148494958877563,-0.2141014039516449,0.835951566696167,0.0,0.0,0.0,0.0,0.0,0.0,0.0,0.0,0.0,0.0,0.0,0.0
1761396946492172046,18857,1761396946491325848,,joint1,joint2,joint3,joint4,joint5,joint6,-0.00031403140746988356,-0.5378037691116333,-0.6396039724349976,-1.3148494958877563,-0.2141014039516449,0.835951566696167,0.0,0.0,0.0,0.0,0.0,0.0,0.0,0.0,0.0,0.0,0.0,0.0
1761396946512454283,18858,1761396946511390124,,joint1,joint2,joint3,joint4,joint5,joint6,-0.00031403140746988356,-0.5378037691116333,-0.6396039724349976,-1.3368316888809204,-0.2141014039516449,0.835951566696167,0.0,0.0,0.0,0.0,0.0,0.0,0.0,0.0,0.0,0.0,0.0,0.0
1761396946532138642,18859,1761396946531380155,,joint1,joint2,joint3,joint4,joint5,joint6,-0.00031403140746988356,-0.5378037691116333,-0.6396039724349976,-1.155321478843689,-0.2141014039516449,0.835951566696167,0.0,0.0,0.0,0.0,0.0,0.0,0.0,0.0,0.0,0.0,0.0,0.0
1761396946551957770,18860,1761396946551387102,,joint1,joint2,joint3,joint4,joint5,joint6,-0.00031403140746988356,-0.5378037691116333,-0.6396039724349976,-1.155321478843689,-0.2141014039516449,0.835951566696167,0.0,0.0,0.0,0.0,0.0,0.0,0.0,0.0,0.0,0.0,0.0,0.0
1761396946572003306,18861,1761396946571379617,,joint1,joint2,joint3,joint4,joint5,joint6,-0.00031403140746988356,-0.5378037691116333,-0.6396039724349976,-1.1992859840393066,-0.2141014039516449,0.835951566696167,0.0,0.0,0.0,0.0,0.0,0.0,0.0,0.0,0.0,0.0,0.0,0.0
1761396946591916154,18862,1761396946591384268,,joint1,joint2,joint3,joint4,joint5,joint6,-0.00031403140746988356,-0.5378037691116333,-0.6396039724349976,-1.1992859840393066,-0.2141014039516449,0.835951566696167,0.0,0.0,0.0,0.0,0.0,0.0,0.0,0.0,0.0,0.0,0.0,0.0
1761396946612189708,18863,1761396946611379584,,joint1,joint2,joint3,joint4,joint5,joint6,-0.00031403140746988356,-0.5378037691116333,-0.6396039724349976,-1.2432503700256348,-0.2141014039516449,0.835951566696167,0.0,0.0,0.0,0.0,0.0,0.0,0.0,0.0,0.0,0.0,0.0,0.0
1761396946631926058,18864,1761396946631381566,,joint1,joint2,joint3,joint4,joint5,joint6,-0.00031403140746988356,-0.5378037691116333,-0.6396039724349976,-1.2432503700256348,-0.2141014039516449,0.835951566696167,0.0,0.0,0.0,0.0,0.0,0.0,0.0,0.0,0.0,0.0,0.0,0.0
1761396946652192273,18865,1761396946651372511,,joint1,joint2,joint3,joint4,joint5,joint6,-0.00031403140746988356,-0.5378037691116333,-0.6396039724349976,-1.2853305339813232,-0.2141014039516449,0.835951566696167,0.0,0.0,0.0,0.0,0.0,0.0,0.0,0.0,0.0,0.0,0.0,0.0
1761396946671891863,18866,1761396946671325577,,joint1,joint2,joint3,joint4,joint5,joint6,-0.00031403140746988356,-0.5378037691116333,-0.6396039724349976,-1.2853305339813232,-0.2141014039516449,0.835951566696167,0.0,0.0,0.0,0.0,0.0,0.0,0.0,0.0,0.0,0.0,0.0,0.0
1761396946692232181,18867,1761396946691393916,,joint1,joint2,joint3,joint4,joint5,joint6,-0.00031403140746988356,-0.5378037691116333,-0.6396039724349976,-1.3079408407211304,-0.2141014039516449,0.835951566696167,0.0,0.0,0.0,0.0,0.0,0.0,0.0,0.0,0.0,0.0,0.0,0.0
1761396946711849653,18868,1761396946711322272,,joint1,joint2,joint3,joint4,joint5,joint6,-0.00031403140746988356,-0.5378037691116333,-0.6396039724349976,-1.3292949199676514,-0.2141014039516449,0.835951566696167,0.0,0.0,0.0,0.0,0.0,0.0,0.0,0.0,0.0,0.0,0.0,0.0
1761396946731962833,18869,1761396946731328567,,joint1,joint2,joint3,joint4,joint5,joint6,-0.00031403140746988356,-0.5378037691116333,-0.6396039724349976,-1.3292949199676514,-0.2141014039516449,0.835951566696167,0.0,0.0,0.0,0.0,0.0,0.0,0.0,0.0,0.0,0.0,0.0,0.0
1761396946752394138,18870,1761396946751400534,,joint1,joint2,joint3,joint4,joint5,joint6,-0.00031403140746988356,-0.5378037691116333,-0.6396039724349976,-1.3292949199676514,-0.2141014039516449,0.835951566696167,0.0,0.0,0.0,0.0,0.0,0.0,0.0,0.0,0.0,0.0,0.0,0.0
1761396946772155062,18871,1761396946771383371,,joint1,joint2,joint3,joint4,joint5,joint6,-0.00031403140746988356,-0.5378037691116333,-0.6396039724349976,-1.3292949199676514,-0.2141014039516449,0.835951566696167,0.0,0.0,0.0,0.0,0.0,0.0,0.0,0.0,0.0,0.0,0.0,0.0
1761396946791870303,18872,1761396946791331887,,joint1,joint2,joint3,joint4,joint5,joint6,-0.00031403140746988356,-0.5378037691116333,-0.6396039724349976,-1.3292949199676514,-0.2141014039516449,0.835951566696167,0.0,0.0,0.0,0.0,0.0,0.0,0.0,0.0,0.0,0.0,0.0,0.0
1761396946812274518,18873,1761396946811383350,,joint1,joint2,joint3,joint4,joint5,joint6,-0.00031403140746988356,-0.5378037691116333,-0.6396039724349976,-1.3292949199676514,-0.2141014039516449,0.835951566696167,0.0,0.0,0.0,0.0,0.0,0.0,0.0,0.0,0.0,0.0,0.0,0.0
1761396946831922073,18874,1761396946831322324,,joint1,joint2,joint3,joint4,joint5,joint6,-0.00031403140746988356,-0.5378037691116333,-0.6396039724349976,-1.3292949199676514,-0.2141014039516449,0.835951566696167,0.0,0.0,0.0,0.0,0.0,0.0,0.0,0.0,0.0,0.0,0.0,0.0
1761396946852104199,18875,1761396946851325742,,joint1,joint2,joint3,joint4,joint5,joint6,-0.00031403140746988356,-0.5378037691116333,-0.6396039724349976,-1.3292949199676514,-0.2141014039516449,0.835951566696167,0.0,0.0,0.0,0.0,0.0,0.0,0.0,0.0,0.0,0.0,0.0,0.0
1761396946872389664,18876,1761396946871374077,,joint1,joint2,joint3,joint4,joint5,joint6,-0.00031403140746988356,-0.5378037691116333,-0.6396039724349976,-1.3292949199676514,-0.2141014039516449,0.835951566696167,0.0,0.0,0.0,0.0,0.0,0.0,0.0,0.0,0.0,0.0,0.0,0.0
1761396946892109917,18877,1761396946891322714,,joint1,joint2,joint3,joint4,joint5,joint6,-0.00031403140746988356,-0.5378037691116333,-0.6396039724349976,-1.3292949199676514,-0.2141014039516449,0.835951566696167,0.0,0.0,0.0,0.0,0.0,0.0,0.0,0.0,0.0,0.0,0.0,0.0
1761396946912440858,18878,1761396946911396349,,joint1,joint2,joint3,joint4,joint5,joint6,-0.00031403140746988356,-0.5378037691116333,-0.6396039724349976,-1.3292949199676514,-0.2141014039516449,0.835951566696167,0.0,0.0,0.0,0.0,0.0,0.0,0.0,0.0,0.0,0.0,0.0,0.0
1761396946932270111,18879,1761396946931332848,,joint1,joint2,joint3,joint4,joint5,joint6,-0.00031403140746988356,-0.5378037691116333,-0.6396039724349976,-1.3292949199676514,-0.2141014039516449,0.835951566696167,0.0,0.0,0.0,0.0,0.0,0.0,0.0,0.0,0.0,0.0,0.0,0.0
1761396946951913014,18880,1761396946951382618,,joint1,joint2,joint3,joint4,joint5,joint6,-0.00031403140746988356,-0.5378037691116333,-0.6396039724349976,-1.3292949199676514,-0.2141014039516449,0.835951566696167,0.0,0.0,0.0,0.0,0.0,0.0,0.0,0.0,0.0,0.0,0.0,0.0
1761396946972280714,18881,1761396946971327606,,joint1,joint2,joint3,joint4,joint5,joint6,-0.00031403140746988356,-0.5378037691116333,-0.6396039724349976,-1.3292949199676514,-0.2141014039516449,0.835951566696167,0.0,0.0,0.0,0.0,0.0,0.0,0.0,0.0,0.0,0.0,0.0,0.0
1761396946991990734,18882,1761396946991380044,,joint1,joint2,joint3,joint4,joint5,joint6,-0.00031403140746988356,-0.5378037691116333,-0.6396039724349976,-1.3292949199676514,-0.2141014039516449,0.835951566696167,0.0,0.0,0.0,0.0,0.0,0.0,0.0,0.0,0.0,0.0,0.0,0.0
1761396947012220833,18883,1761396947011379257,,joint1,joint2,joint3,joint4,joint5,joint6,-0.00031403140746988356,-0.5378037691116333,-0.6396039724349976,-1.3292949199676514,-0.2141014039516449,0.835951566696167,0.0,0.0,0.0,0.0,0.0,0.0,0.0,0.0,0.0,0.0,0.0,0.0
1761396947032074963,18884,1761396947031327464,,joint1,joint2,joint3,joint4,joint5,joint6,-0.00031403140746988356,-0.5378037691116333,-0.6396039724349976,-1.3292949199676514,-0.2141014039516449,0.835951566696167,0.0,0.0,0.0,0.0,0.0,0.0,0.0,0.0,0.0,0.0,0.0,0.0
1761396947052289342,18885,1761396947051327449,,joint1,joint2,joint3,joint4,joint5,joint6,-0.00031403140746988356,-0.5378037691116333,-0.6396039724349976,-1.3292949199676514,-0.2141014039516449,0.835951566696167,0.0,0.0,0.0,0.0,0.0,0.0,0.0,0.0,0.0,0.0,0.0,0.0
1761396947072309019,18886,1761396947071327559,,joint1,joint2,joint3,joint4,joint5,joint6,-0.00031403140746988356,-0.5378037691116333,-0.6396039724349976,-1.3292949199676514,-0.2141014039516449,0.835951566696167,0.0,0.0,0.0,0.0,0.0,0.0,0.0,0.0,0.0,0.0,0.0,0.0
1761396947092133938,18887,1761396947091384333,,joint1,joint2,joint3,joint4,joint5,joint6,-0.00031403140746988356,-0.5378037691116333,-0.6396039724349976,-1.3292949199676514,-0.2141014039516449,0.835951566696167,0.0,0.0,0.0,0.0,0.0,0.0,0.0,0.0,0.0,0.0,0.0,0.0
1761396947112028422,18888,1761396947111315239,,joint1,joint2,joint3,joint4,joint5,joint6,-0.00031403140746988356,-0.5378037691116333,-0.6396039724349976,-1.3292949199676514,-0.2141014039516449,0.835951566696167,0.0,0.0,0.0,0.0,0.0,0.0,0.0,0.0,0.0,0.0,0.0,0.0
1761396947131897611,18889,1761396947131334025,,joint1,joint2,joint3,joint4,joint5,joint6,-0.00031403140746988356,-0.5378037691116333,-0.6396039724349976,-1.3292949199676514,-0.2141014039516449,0.835951566696167,0.0,0.0,0.0,0.0,0.0,0.0,0.0,0.0,0.0,0.0,0.0,0.0
1761396947151817039,18890,1761396947151330082,,joint1,joint2,joint3,joint4,joint5,joint6,-0.00031403140746988356,-0.5378037691116333,-0.6396039724349976,-1.3292949199676514,-0.2141014039516449,0.835951566696167,0.0,0.0,0.0,0.0,0.0,0.0,0.0,0.0,0.0,0.0,0.0,0.0
1761396947172140090,18891,1761396947171332186,,joint1,joint2,joint3,joint4,joint5,joint6,-0.00031403140746988356,-0.5378037691116333,-0.6396039724349976,-1.3292949199676514,-0.2141014039516449,0.835951566696167,0.0,0.0,0.0,0.0,0.0,0.0,0.0,0.0,0.0,0.0,0.0,0.0
1761396947192111086,18892,1761396947191379813,,joint1,joint2,joint3,joint4,joint5,joint6,-0.00031403140746988356,-0.5378037691116333,-0.6396039724349976,-1.3292949199676514,-0.2141014039516449,0.835951566696167,0.0,0.0,0.0,0.0,0.0,0.0,0.0,0.0,0.0,0.0,0.0,0.0
1761396947212138532,18893,1761396947211356317,,joint1,joint2,joint3,joint4,joint5,joint6,-0.00031403140746988356,-0.5378037691116333,-0.6396039724349976,-1.1063326597213745,-0.2141014039516449,0.835951566696167,0.0,0.0,0.0,0.0,0.0,0.0,0.0,0.0,0.0,0.0,0.0,0.0
1761396947232029384,18894,1761396947231381371,,joint1,joint2,joint3,joint4,joint5,joint6,-0.00031403140746988356,-0.5378037691116333,-0.6396039724349976,-1.1063326597213745,-0.2141014039516449,0.835951566696167,0.0,0.0,0.0,0.0,0.0,0.0,0.0,0.0,0.0,0.0,0.0,0.0
1761396947252085773,18895,1761396947251342482,,joint1,joint2,joint3,joint4,joint5,joint6,-0.00031403140746988356,-0.5378037691116333,-0.6396039724349976,-1.1057045459747314,-0.2141014039516449,0.835951566696167,0.0,0.0,0.0,0.0,0.0,0.0,0.0,0.0,0.0,0.0,0.0,0.0
1761396947271965381,18896,1761396947271383531,,joint1,joint2,joint3,joint4,joint5,joint6,-0.00031403140746988356,-0.5378037691116333,-0.6396039724349976,-1.1057045459747314,-0.2141014039516449,0.835951566696167,0.0,0.0,0.0,0.0,0.0,0.0,0.0,0.0,0.0,0.0,0.0,0.0
1761396947292068582,18897,1761396947291384357,,joint1,joint2,joint3,joint4,joint5,joint6,-0.00031403140746988356,-0.5378037691116333,-0.6396039724349976,-1.1044484376907349,-0.2141014039516449,0.835951566696167,0.0,0.0,0.0,0.0,0.0,0.0,0.0,0.0,0.0,0.0,0.0,0.0
1761396947311905715,18898,1761396947311380941,,joint1,joint2,joint3,joint4,joint5,joint6,-0.00031403140746988356,-0.5378037691116333,-0.6396039724349976,-1.1044484376907349,-0.2141014039516449,0.835951566696167,0.0,0.0,0.0,0.0,0.0,0.0,0.0,0.0,0.0,0.0,0.0,0.0
1761396947331938263,18899,1761396947331379949,,joint1,joint2,joint3,joint4,joint5,joint6,-0.00031403140746988356,-0.5378037691116333,-0.6396039724349976,-1.1031923294067383,-0.2141014039516449,0.835951566696167,0.0,0.0,0.0,0.0,0.0,0.0,0.0,0.0,0.0,0.0,0.0,0.0
1761396947352417757,18900,1761396947351372649,,joint1,joint2,joint3,joint4,joint5,joint6,-0.00031403140746988356,-0.5378037691116333,-0.6396039724349976,-1.1031923294067383,-0.2141014039516449,0.835951566696167,0.0,0.0,0.0,0.0,0.0,0.0,0.0,0.0,0.0,0.0,0.0,0.0
1761396947372088181,18901,1761396947371395341,,joint1,joint2,joint3,joint4,joint5,joint6,-0.00031403140746988356,-0.5378037691116333,-0.6396039724349976,-1.1013081073760986,-0.2141014039516449,0.835951566696167,0.0,0.0,0.0,0.0,0.0,0.0,0.0,0.0,0.0,0.0,0.0,0.0
1761396947392197032,18902,1761396947391380620,,joint1,joint2,joint3,joint4,joint5,joint6,-0.00031403140746988356,-0.5378037691116333,-0.6396039724349976,-1.0987958908081055,-0.2141014039516449,0.835951566696167,0.0,0.0,0.0,0.0,0.0,0.0,0.0,0.0,0.0,0.0,0.0,0.0
1761396947411888449,18903,1761396947411399759,,joint1,joint2,joint3,joint4,joint5,joint6,-0.00031403140746988356,-0.5378037691116333,-0.6396039724349976,-1.0987958908081055,-0.2141014039516449,0.835951566696167,0.0,0.0,0.0,0.0,0.0,0.0,0.0,0.0,0.0,0.0,0.0,0.0
1761396947431972305,18904,1761396947431391676,,joint1,joint2,joint3,joint4,joint5,joint6,-0.00031403140746988356,-0.5378037691116333,-0.6396039724349976,-1.0969116687774658,-0.2141014039516449,0.835951566696167,0.0,0.0,0.0,0.0,0.0,0.0,0.0,0.0,0.0,0.0,0.0,0.0
1761396947451861956,18905,1761396947451329435,,joint1,joint2,joint3,joint4,joint5,joint6,-0.00031403140746988356,-0.5378037691116333,-0.6396039724349976,-1.0969116687774658,-0.2141014039516449,0.835951566696167,0.0,0.0,0.0,0.0,0.0,0.0,0.0,0.0,0.0,0.0,0.0,0.0
1761396947471931394,18906,1761396947471380592,,joint1,joint2,joint3,joint4,joint5,joint6,-0.00031403140746988356,-0.5378037691116333,-0.6396039724349976,-1.093143343925476,-0.2141014039516449,0.835951566696167,0.0,0.0,0.0,0.0,0.0,0.0,0.0,0.0,0.0,0.0,0.0,0.0
1761396947491954578,18907,1761396947491383417,,joint1,joint2,joint3,joint4,joint5,joint6,-0.00031403140746988356,-0.5378037691116333,-0.6396039724349976,-1.093143343925476,-0.2141014039516449,0.835951566696167,0.0,0.0,0.0,0.0,0.0,0.0,0.0,0.0,0.0,0.0,0.0,0.0
1761396947511849086,18908,1761396947511378963,,joint1,joint2,joint3,joint4,joint5,joint6,-0.00031403140746988356,-0.5378037691116333,-0.6396039724349976,-1.0893748998641968,-0.2141014039516449,0.835951566696167,0.0,0.0,0.0,0.0,0.0,0.0,0.0,0.0,0.0,0.0,0.0,0.0
1761396947532038055,18909,1761396947531388315,,joint1,joint2,joint3,joint4,joint5,joint6,-0.00031403140746988356,-0.5378037691116333,-0.6396039724349976,-1.0893748998641968,-0.2141014039516449,0.835951566696167,0.0,0.0,0.0,0.0,0.0,0.0,0.0,0.0,0.0,0.0,0.0,0.0
1761396947552034079,18910,1761396947551374455,,joint1,joint2,joint3,joint4,joint5,joint6,-0.00031403140746988356,-0.5378037691116333,-0.6396039724349976,-1.084978461265564,-0.2141014039516449,0.835951566696167,0.0,0.0,0.0,0.0,0.0,0.0,0.0,0.0,0.0,0.0,0.0,0.0
1761396947572103137,18911,1761396947571326706,,joint1,joint2,joint3,joint4,joint5,joint6,-0.00031403140746988356,-0.5378037691116333,-0.6396039724349976,-1.0799540281295776,-0.2141014039516449,0.835951566696167,0.0,0.0,0.0,0.0,0.0,0.0,0.0,0.0,0.0,0.0,0.0,0.0
1761396947592083898,18912,1761396947591380303,,joint1,joint2,joint3,joint4,joint5,joint6,-0.00031403140746988356,-0.5378037691116333,-0.6396039724349976,-1.0799540281295776,-0.2141014039516449,0.835951566696167,0.0,0.0,0.0,0.0,0.0,0.0,0.0,0.0,0.0,0.0,0.0,0.0
1761396947612536160,18913,1761396947611421709,,joint1,joint2,joint3,joint4,joint5,joint6,-0.00031403140746988356,-0.5378037691116333,-0.6396039724349976,-1.0768136978149414,-0.2141014039516449,0.835951566696167,0.0,0.0,0.0,0.0,0.0,0.0,0.0,0.0,0.0,0.0,0.0,0.0
1761396947631938376,18914,1761396947631384334,,joint1,joint2,joint3,joint4,joint5,joint6,-0.00031403140746988356,-0.5378037691116333,-0.6396039724349976,-1.0768136978149414,-0.2141014039516449,0.835951566696167,0.0,0.0,0.0,0.0,0.0,0.0,0.0,0.0,0.0,0.0,0.0,0.0
1761396947652060689,18915,1761396947651332622,,joint1,joint2,joint3,joint4,joint5,joint6,-0.00031403140746988356,-0.5378037691116333,-0.6396039724349976,-1.071161150932312,-0.2141014039516449,0.835951566696167,0.0,0.0,0.0,0.0,0.0,0.0,0.0,0.0,0.0,0.0,0.0,0.0
1761396947672171926,18916,1761396947671340386,,joint1,joint2,joint3,joint4,joint5,joint6,-0.00031403140746988356,-0.5378037691116333,-0.6396039724349976,-1.071161150932312,-0.2141014039516449,0.835951566696167,0.0,0.0,0.0,0.0,0.0,0.0,0.0,0.0,0.0,0.0,0.0,0.0
1761396947692176520,18917,1761396947691426107,,joint1,joint2,joint3,joint4,joint5,joint6,-0.00031403140746988356,-0.5378037691116333,-0.6396039724349976,-1.0648804903030396,-0.2141014039516449,0.835951566696167,0.0,0.0,0.0,0.0,0.0,0.0,0.0,0.0,0.0,0.0,0.0,0.0
1761396947711978488,18918,1761396947711340664,,joint1,joint2,joint3,joint4,joint5,joint6,-0.00031403140746988356,-0.5378037691116333,-0.6396039724349976,-1.0648804903030396,-0.2141014039516449,0.835951566696167,0.0,0.0,0.0,0.0,0.0,0.0,0.0,0.0,0.0,0.0,0.0,0.0
1761396947732311860,18919,1761396947731380814,,joint1,joint2,joint3,joint4,joint5,joint6,-0.00031403140746988356,-0.5378037691116333,-0.6396039724349976,-1.0579718351364136,-0.2141014039516449,0.835951566696167,0.0,0.0,0.0,0.0,0.0,0.0,0.0,0.0,0.0,0.0,0.0,0.0
1761396947752451962,18920,1761396947751353548,,joint1,joint2,joint3,joint4,joint5,joint6,-0.00031403140746988356,-0.5378037691116333,-0.6396039724349976,-1.0542033910751343,-0.2141014039516449,0.835951566696167,0.0,0.0,0.0,0.0,0.0,0.0,0.0,0.0,0.0,0.0,0.0,0.0
1761396947772084724,18921,1761396947771322103,,joint1,joint2,joint3,joint4,joint5,joint6,-0.00031403140746988356,-0.5378037691116333,-0.6396039724349976,-1.0542033910751343,-0.2141014039516449,0.835951566696167,0.0,0.0,0.0,0.0,0.0,0.0,0.0,0.0,0.0,0.0,0.0,0.0
1761396947791883758,18922,1761396947791322177,,joint1,joint2,joint3,joint4,joint5,joint6,-0.00031403140746988356,-0.5378037691116333,-0.6396039724349976,-1.0466666221618652,-0.2141014039516449,0.835951566696167,0.0,0.0,0.0,0.0,0.0,0.0,0.0,0.0,0.0,0.0,0.0,0.0
1761396947811902235,18923,1761396947811372709,,joint1,joint2,joint3,joint4,joint5,joint6,-0.00031403140746988356,-0.5378037691116333,-0.6396039724349976,-1.0466666221618652,-0.2141014039516449,0.835951566696167,0.0,0.0,0.0,0.0,0.0,0.0,0.0,0.0,0.0,0.0,0.0,0.0
1761396947831884547,18924,1761396947831379544,,joint1,joint2,joint3,joint4,joint5,joint6,-0.00031403140746988356,-0.5378037691116333,-0.6396039724349976,-1.0391299724578857,-0.2141014039516449,0.835951566696167,0.0,0.0,0.0,0.0,0.0,0.0,0.0,0.0,0.0,0.0,0.0,0.0
1761396947852176621,18925,1761396947851569365,,joint1,joint2,joint3,joint4,joint5,joint6,-0.00031403140746988356,-0.5378037691116333,-0.6396039724349976,-1.0391299724578857,-0.2141014039516449,0.835951566696167,0.0,0.0,0.0,0.0,0.0,0.0,0.0,0.0,0.0,0.0,0.0,0.0
1761396947872098469,18926,1761396947871379914,,joint1,joint2,joint3,joint4,joint5,joint6,-0.00031403140746988356,-0.5378037691116333,-0.6396039724349976,-1.0303369760513306,-0.2141014039516449,0.835951566696167,0.0,0.0,0.0,0.0,0.0,0.0,0.0,0.0,0.0,0.0,0.0,0.0
1761396947892290100,18927,1761396947891382898,,joint1,joint2,joint3,joint4,joint5,joint6,-0.00031403140746988356,-0.5378037691116333,-0.6396039724349976,-1.0303369760513306,-0.2141014039516449,0.835951566696167,0.0,0.0,0.0,0.0,0.0,0.0,0.0,0.0,0.0,0.0,0.0,0.0
1761396947911932257,18928,1761396947911381567,,joint1,joint2,joint3,joint4,joint5,joint6,-0.00031403140746988356,-0.5378037691116333,-0.6396039724349976,-1.0253125429153442,-0.2141014039516449,0.835951566696167,0.0,0.0,0.0,0.0,0.0,0.0,0.0,0.0,0.0,0.0,0.0,0.0
1761396947932374170,18929,1761396947931382914,,joint1,joint2,joint3,joint4,joint5,joint6,-0.00031403140746988356,-0.5378037691116333,-0.6396039724349976,-1.0165196657180786,-0.2141014039516449,0.835951566696167,0.0,0.0,0.0,0.0,0.0,0.0,0.0,0.0,0.0,0.0,0.0,0.0
1761396947952328264,18930,1761396947951382496,,joint1,joint2,joint3,joint4,joint5,joint6,-0.00031403140746988356,-0.5378037691116333,-0.6396039724349976,-1.0165196657180786,-0.2141014039516449,0.835951566696167,0.0,0.0,0.0,0.0,0.0,0.0,0.0,0.0,0.0,0.0,0.0,0.0
1761396947972038274,18931,1761396947971330299,,joint1,joint2,joint3,joint4,joint5,joint6,-0.00031403140746988356,-0.5378037691116333,-0.6396039724349976,-1.0064706802368164,-0.2141014039516449,0.835951566696167,0.0,0.0,0.0,0.0,0.0,0.0,0.0,0.0,0.0,0.0,0.0,0.0
1761396947991955737,18932,1761396947991382553,,joint1,joint2,joint3,joint4,joint5,joint6,-0.00031403140746988356,-0.5378037691116333,-0.6396039724349976,-1.0064706802368164,-0.2141014039516449,0.835951566696167,0.0,0.0,0.0,0.0,0.0,0.0,0.0,0.0,0.0,0.0,0.0,0.0
1761396948012179026,18933,1761396948011426947,,joint1,joint2,joint3,joint4,joint5,joint6,-0.00031403140746988356,-0.5378037691116333,-0.6396039724349976,-0.9957935810089111,-0.2141014039516449,0.835951566696167,0.0,0.0,0.0,0.0,0.0,0.0,0.0,0.0,0.0,0.0,0.0,0.0
1761396948031932367,18934,1761396948031380548,,joint1,joint2,joint3,joint4,joint5,joint6,-0.00031403140746988356,-0.5378037691116333,-0.6396039724349976,-0.9957935810089111,-0.2141014039516449,0.835951566696167,0.0,0.0,0.0,0.0,0.0,0.0,0.0,0.0,0.0,0.0,0.0,0.0
1761396948051936053,18935,1761396948051380206,,joint1,joint2,joint3,joint4,joint5,joint6,-0.00031403140746988356,-0.5378037691116333,-0.6396039724349976,-0.9844884276390076,-0.2141014039516449,0.835951566696167,0.0,0.0,0.0,0.0,0.0,0.0,0.0,0.0,0.0,0.0,0.0,0.0
1761396948072312894,18936,1761396948071320811,,joint1,joint2,joint3,joint4,joint5,joint6,-0.00031403140746988356,-0.5378037691116333,-0.6396039724349976,-0.9844884276390076,-0.2141014039516449,0.835951566696167,0.0,0.0,0.0,0.0,0.0,0.0,0.0,0.0,0.0,0.0,0.0,0.0
1761396948092040993,18937,1761396948091379277,,joint1,joint2,joint3,joint4,joint5,joint6,-0.00031403140746988356,-0.5378037691116333,-0.6396039724349976,-0.9788358807563782,-0.2141014039516449,0.835951566696167,0.0,0.0,0.0,0.0,0.0,0.0,0.0,0.0,0.0,0.0,0.0,0.0
1761396948111858970,18938,1761396948111323220,,joint1,joint2,joint3,joint4,joint5,joint6,-0.00031403140746988356,-0.5378037691116333,-0.6396039724349976,-0.9675307273864746,-0.2141014039516449,0.835951566696167,0.0,0.0,0.0,0.0,0.0,0.0,0.0,0.0,0.0,0.0,0.0,0.0
1761396948131976810,18939,1761396948131384155,,joint1,joint2,joint3,joint4,joint5,joint6,-0.00031403140746988356,-0.5378037691116333,-0.6396039724349976,-0.9675307273864746,-0.2141014039516449,0.835951566696167,0.0,0.0,0.0,0.0,0.0,0.0,0.0,0.0,0.0,0.0,0.0,0.0
1761396948151913757,18940,1761396948151385736,,joint1,joint2,joint3,joint4,joint5,joint6,-0.00031403140746988356,-0.5378037691116333,-0.6396039724349976,-0.9549695253372192,-0.2141014039516449,0.835951566696167,0.0,0.0,0.0,0.0,0.0,0.0,0.0,0.0,0.0,0.0,0.0,0.0
1761396948171977324,18941,1761396948171326651,,joint1,joint2,joint3,joint4,joint5,joint6,-0.00031403140746988356,-0.5378037691116333,-0.6396039724349976,-0.9549695253372192,-0.2141014039516449,0.835951566696167,0.0,0.0,0.0,0.0,0.0,0.0,0.0,0.0,0.0,0.0,0.0,0.0
1761396948192065182,18942,1761396948191373026,,joint1,joint2,joint3,joint4,joint5,joint6,-0.00031403140746988356,-0.5378037691116333,-0.6396039724349976,-0.941780149936676,-0.2141014039516449,0.835951566696167,0.0,0.0,0.0,0.0,0.0,0.0,0.0,0.0,0.0,0.0,0.0,0.0
1761396948212328428,18943,1761396948211383490,,joint1,joint2,joint3,joint4,joint5,joint6,-0.00031403140746988356,-0.5378037691116333,-0.6396039724349976,-0.941780149936676,-0.2141014039516449,0.835951566696167,0.0,0.0,0.0,0.0,0.0,0.0,0.0,0.0,0.0,0.0,0.0,0.0
1761396948232404552,18944,1761396948231385651,,joint1,joint2,joint3,joint4,joint5,joint6,-0.00031403140746988356,-0.5378037691116333,-0.6396039724349976,-0.9354995489120483,-0.2141014039516449,0.835951566696167,0.0,0.0,0.0,0.0,0.0,0.0,0.0,0.0,0.0,0.0,0.0,0.0
1761396948252064363,18945,1761396948251372570,,joint1,joint2,joint3,joint4,joint5,joint6,-0.00031403140746988356,-0.5378037691116333,-0.6396039724349976,-0.9354995489120483,-0.2141014039516449,0.835951566696167,0.0,0.0,0.0,0.0,0.0,0.0,0.0,0.0,0.0,0.0,0.0,0.0
1761396948272191777,18946,1761396948271391632,,joint1,joint2,joint3,joint4,joint5,joint6,-0.00031403140746988356,-0.5378037691116333,-0.6396039724349976,-0.9216821789741516,-0.2141014039516449,0.835951566696167,0.0,0.0,0.0,0.0,0.0,0.0,0.0,0.0,0.0,0.0,0.0,0.0
1761396948292218091,18947,1761396948291328775,,joint1,joint2,joint3,joint4,joint5,joint6,-0.00031403140746988356,-0.5378037691116333,-0.6396039724349976,-0.9072366952896118,-0.2141014039516449,0.835951566696167,0.0,0.0,0.0,0.0,0.0,0.0,0.0,0.0,0.0,0.0,0.0,0.0
1761396948311881467,18948,1761396948311383762,,joint1,joint2,joint3,joint4,joint5,joint6,-0.00031403140746988356,-0.5378037691116333,-0.6396039724349976,-0.9072366952896118,-0.2141014039516449,0.835951566696167,0.0,0.0,0.0,0.0,0.0,0.0,0.0,0.0,0.0,0.0,0.0,0.0
1761396948332193930,18949,1761396948331380882,,joint1,joint2,joint3,joint4,joint5,joint6,-0.00031403140746988356,-0.5378037691116333,-0.6396039724349976,-0.8921632170677185,-0.2141014039516449,0.835951566696167,0.0,0.0,0.0,0.0,0.0,0.0,0.0,0.0,0.0,0.0,0.0,0.0
1761396948351882888,18950,1761396948351385279,,joint1,joint2,joint3,joint4,joint5,joint6,-0.00031403140746988356,-0.5378037691116333,-0.6396039724349976,-0.8921632170677185,-0.2141014039516449,0.835951566696167,0.0,0.0,0.0,0.0,0.0,0.0,0.0,0.0,0.0,0.0,0.0,0.0
1761396948372208384,18951,1761396948371331676,,joint1,joint2,joint3,joint4,joint5,joint6,-0.00031403140746988356,-0.5378037691116333,-0.6396039724349976,-0.8852545022964478,-0.2141014039516449,0.835951566696167,0.0,0.0,0.0,0.0,0.0,0.0,0.0,0.0,0.0,0.0,0.0,0.0
1761396948392410089,18952,1761396948391384566,,joint1,joint2,joint3,joint4,joint5,joint6,-0.00031403140746988356,-0.5378037691116333,-0.6396039724349976,-0.8852545022964478,-0.2141014039516449,0.835951566696167,0.0,0.0,0.0,0.0,0.0,0.0,0.0,0.0,0.0,0.0,0.0,0.0
1761396948411864837,18953,1761396948411379519,,joint1,joint2,joint3,joint4,joint5,joint6,-0.00031403140746988356,-0.5378037691116333,-0.6396039724349976,-0.8695529699325562,-0.2141014039516449,0.835951566696167,0.0,0.0,0.0,0.0,0.0,0.0,0.0,0.0,0.0,0.0,0.0,0.0
1761396948432128765,18954,1761396948431331353,,joint1,joint2,joint3,joint4,joint5,joint6,-0.00031403140746988356,-0.5378037691116333,-0.6396039724349976,-0.8695529699325562,-0.2141014039516449,0.835951566696167,0.0,0.0,0.0,0.0,0.0,0.0,0.0,0.0,0.0,0.0,0.0,0.0
1761396948451993457,18955,1761396948451338781,,joint1,joint2,joint3,joint4,joint5,joint6,-0.00031403140746988356,-0.5378037691116333,-0.6396039724349976,-0.8532233238220215,-0.2141014039516449,0.835951566696167,0.0,0.0,0.0,0.0,0.0,0.0,0.0,0.0,0.0,0.0,0.0,0.0
1761396948471862775,18956,1761396948471371543,,joint1,joint2,joint3,joint4,joint5,joint6,-0.00031403140746988356,-0.5378037691116333,-0.6396039724349976,-0.8362656235694885,-0.2141014039516449,0.835951566696167,0.0,0.0,0.0,0.0,0.0,0.0,0.0,0.0,0.0,0.0,0.0,0.0
1761396948492123453,18957,1761396948491379263,,joint1,joint2,joint3,joint4,joint5,joint6,-0.00031403140746988356,-0.5378037691116333,-0.6396039724349976,-0.8362656235694885,-0.2141014039516449,0.835951566696167,0.0,0.0,0.0,0.0,0.0,0.0,0.0,0.0,0.0,0.0,0.0,0.0
1761396948512321728,18958,1761396948511382378,,joint1,joint2,joint3,joint4,joint5,joint6,-0.00031403140746988356,-0.5378037691116333,-0.6396039724349976,-0.8193079233169556,-0.2141014039516449,0.835951566696167,0.0,0.0,0.0,0.0,0.0,0.0,0.0,0.0,0.0,0.0,0.0,0.0
1761396948532346476,18959,1761396948531356546,,joint1,joint2,joint3,joint4,joint5,joint6,-0.00031403140746988356,-0.5378037691116333,-0.6396039724349976,-0.8193079233169556,-0.2141014039516449,0.835951566696167,0.0,0.0,0.0,0.0,0.0,0.0,0.0,0.0,0.0,0.0,0.0,0.0
1761396948552351519,18960,1761396948551383393,,joint1,joint2,joint3,joint4,joint5,joint6,-0.00031403140746988356,-0.5378037691116333,-0.6396039724349976,-0.8111431002616882,-0.2141014039516449,0.835951566696167,0.0,0.0,0.0,0.0,0.0,0.0,0.0,0.0,0.0,0.0,0.0,0.0
1761396948572230155,18961,1761396948571379250,,joint1,joint2,joint3,joint4,joint5,joint6,-0.00031403140746988356,-0.5378037691116333,-0.6396039724349976,-0.8111431002616882,-0.2141014039516449,0.835951566696167,0.0,0.0,0.0,0.0,0.0,0.0,0.0,0.0,0.0,0.0,0.0,0.0
1761396948592160750,18962,1761396948591378569,,joint1,joint2,joint3,joint4,joint5,joint6,-0.00031403140746988356,-0.5378037691116333,-0.6396039724349976,-0.793557345867157,-0.2141014039516449,0.835951566696167,0.0,0.0,0.0,0.0,0.0,0.0,0.0,0.0,0.0,0.0,0.0,0.0
1761396948611953819,18963,1761396948611372137,,joint1,joint2,joint3,joint4,joint5,joint6,-0.00031403140746988356,-0.5378037691116333,-0.6396039724349976,-0.793557345867157,-0.2141014039516449,0.835951566696167,0.0,0.0,0.0,0.0,0.0,0.0,0.0,0.0,0.0,0.0,0.0,0.0
1761396948632346388,18964,1761396948631339277,,joint1,joint2,joint3,joint4,joint5,joint6,-0.00031403140746988356,-0.5378037691116333,-0.6396039724349976,-0.7747154831886292,-0.2141014039516449,0.835951566696167,0.0,0.0,0.0,0.0,0.0,0.0,0.0,0.0,0.0,0.0,0.0,0.0
1761396948651975545,18965,1761396948651299954,,joint1,joint2,joint3,joint4,joint5,joint6,-0.00031403140746988356,-0.5378037691116333,-0.6396039724349976,-0.7552455067634583,-0.2141014039516449,0.835951566696167,0.0,0.0,0.0,0.0,0.0,0.0,0.0,0.0,0.0,0.0,0.0,0.0
1761396948672047801,18966,1761396948671366587,,joint1,joint2,joint3,joint4,joint5,joint6,-0.00031403140746988356,-0.5378037691116333,-0.6396039724349976,-0.7552455067634583,-0.2141014039516449,0.835951566696167,0.0,0.0,0.0,0.0,0.0,0.0,0.0,0.0,0.0,0.0,0.0,0.0
1761396948692036573,18967,1761396948691379725,,joint1,joint2,joint3,joint4,joint5,joint6,-0.00031403140746988356,-0.5378037691116333,-0.6396039724349976,-0.7458245754241943,-0.2141014039516449,0.835951566696167,0.0,0.0,0.0,0.0,0.0,0.0,0.0,0.0,0.0,0.0,0.0,0.0
1761396948711894622,18968,1761396948711384763,,joint1,joint2,joint3,joint4,joint5,joint6,-0.00031403140746988356,-0.5378037691116333,-0.6396039724349976,-0.7458245754241943,-0.2141014039516449,0.835951566696167,0.0,0.0,0.0,0.0,0.0,0.0,0.0,0.0,0.0,0.0,0.0,0.0
1761396948732235715,18969,1761396948731374329,,joint1,joint2,joint3,joint4,joint5,joint6,-0.00031403140746988356,-0.5378037691116333,-0.6396039724349976,-0.7263546586036682,-0.2141014039516449,0.835951566696167,0.0,0.0,0.0,0.0,0.0,0.0,0.0,0.0,0.0,0.0,0.0,0.0
1761396948751911569,18970,1761396948751387601,,joint1,joint2,joint3,joint4,joint5,joint6,-0.00031403140746988356,-0.5378037691116333,-0.6396039724349976,-0.7263546586036682,-0.2141014039516449,0.835951566696167,0.0,0.0,0.0,0.0,0.0,0.0,0.0,0.0,0.0,0.0,0.0,0.0
1761396948771872156,18971,1761396948771378970,,joint1,joint2,joint3,joint4,joint5,joint6,-0.00031403140746988356,-0.5378037691116333,-0.6396039724349976,-0.7056285738945007,-0.2141014039516449,0.835951566696167,0.0,0.0,0.0,0.0,0.0,0.0,0.0,0.0,0.0,0.0,0.0,0.0
1761396948791912394,18972,1761396948791328870,,joint1,joint2,joint3,joint4,joint5,joint6,-0.00031403140746988356,-0.5378037691116333,-0.6396039724349976,-0.7056285738945007,-0.2141014039516449,0.835951566696167,0.0,0.0,0.0,0.0,0.0,0.0,0.0,0.0,0.0,0.0,0.0,0.0
1761396948812037555,18973,1761396948811392086,,joint1,joint2,joint3,joint4,joint5,joint6,-0.00031403140746988356,-0.5378037691116333,-0.6396039724349976,-0.6849024891853333,-0.2141014039516449,0.835951566696167,0.0,0.0,0.0,0.0,0.0,0.0,0.0,0.0,0.0,0.0,0.0,0.0
1761396948832079303,18974,1761396948831382067,,joint1,joint2,joint3,joint4,joint5,joint6,-0.00031403140746988356,-0.5378037691116333,-0.6396039724349976,-0.6742254495620728,-0.2141014039516449,0.835951566696167,0.0,0.0,0.0,0.0,0.0,0.0,0.0,0.0,0.0,0.0,0.0,0.0
1761396948851872217,18975,1761396948851355470,,joint1,joint2,joint3,joint4,joint5,joint6,-0.00031403140746988356,-0.5378037691116333,-0.6396039724349976,-0.6742254495620728,-0.2141014039516449,0.835951566696167,0.0,0.0,0.0,0.0,0.0,0.0,0.0,0.0,0.0,0.0,0.0,0.0
1761396948872154097,18976,1761396948871329486,,joint1,joint2,joint3,joint4,joint5,joint6,-0.00031403140746988356,-0.5378037691116333,-0.6396039724349976,-0.652871310710907,-0.2141014039516449,0.835951566696167,0.0,0.0,0.0,0.0,0.0,0.0,0.0,0.0,0.0,0.0,0.0,0.0
1761396948892037958,18977,1761396948891379091,,joint1,joint2,joint3,joint4,joint5,joint6,-0.00031403140746988356,-0.5378037691116333,-0.6396039724349976,-0.652871310710907,-0.2141014039516449,0.835951566696167,0.0,0.0,0.0,0.0,0.0,0.0,0.0,0.0,0.0,0.0,0.0,0.0
1761396948912428289,18978,1761396948911377835,,joint1,joint2,joint3,joint4,joint5,joint6,-0.00031403140746988356,-0.5378037691116333,-0.6396039724349976,-0.6302610039710999,-0.2141014039516449,0.835951566696167,0.0,0.0,0.0,0.0,0.0,0.0,0.0,0.0,0.0,0.0,0.0,0.0
1761396948932009084,18979,1761396948931330777,,joint1,joint2,joint3,joint4,joint5,joint6,-0.00031403140746988356,-0.5378037691116333,-0.6396039724349976,-0.6302610039710999,-0.2141014039516449,0.835951566696167,0.0,0.0,0.0,0.0,0.0,0.0,0.0,0.0,0.0,0.0,0.0,0.0
1761396948952212305,18980,1761396948951381959,,joint1,joint2,joint3,joint4,joint5,joint6,-0.00031403140746988356,-0.5378037691116333,-0.6396039724349976,-0.6076507568359375,-0.2141014039516449,0.835951566696167,0.0,0.0,0.0,0.0,0.0,0.0,0.0,0.0,0.0,0.0,0.0,0.0
1761396948971892923,18981,1761396948971371998,,joint1,joint2,joint3,joint4,joint5,joint6,-0.00031403140746988356,-0.5378037691116333,-0.6396039724349976,-0.6076507568359375,-0.2141014039516449,0.835951566696167,0.0,0.0,0.0,0.0,0.0,0.0,0.0,0.0,0.0,0.0,0.0,0.0
1761396948991825603,18982,1761396948991375982,,joint1,joint2,joint3,joint4,joint5,joint6,-0.00031403140746988356,-0.5378037691116333,-0.6396039724349976,-0.5957175493240356,-0.2141014039516449,0.835951566696167,0.0,0.0,0.0,0.0,0.0,0.0,0.0,0.0,0.0,0.0,0.0,0.0
1761396949012149170,18983,1761396949011382401,,joint1,joint2,joint3,joint4,joint5,joint6,-0.00031403140746988356,-0.5378037691116333,-0.6396039724349976,-0.5731073021888733,-0.2141014039516449,0.835951566696167,0.0,0.0,0.0,0.0,0.0,0.0,0.0,0.0,0.0,0.0,0.0,0.0
1761396949032146990,18984,1761396949031373866,,joint1,joint2,joint3,joint4,joint5,joint6,-0.00031403140746988356,-0.5378037691116333,-0.6396039724349976,-0.5731073021888733,-0.2141014039516449,0.835951566696167,0.0,0.0,0.0,0.0,0.0,0.0,0.0,0.0,0.0,0.0,0.0,0.0
1761396949052339566,18985,1761396949051372287,,joint1,joint2,joint3,joint4,joint5,joint6,-0.00031403140746988356,-0.5378037691116333,-0.6396039724349976,-0.5486128330230713,-0.2141014039516449,0.835951566696167,0.0,0.0,0.0,0.0,0.0,0.0,0.0,0.0,0.0,0.0,0.0,0.0
1761396949072171267,18986,1761396949071378705,,joint1,joint2,joint3,joint4,joint5,joint6,-0.00031403140746988356,-0.5378037691116333,-0.6396039724349976,-0.5486128330230713,-0.2141014039516449,0.835951566696167,0.0,0.0,0.0,0.0,0.0,0.0,0.0,0.0,0.0,0.0,0.0,0.0
1761396949091939847,18987,1761396949091378859,,joint1,joint2,joint3,joint4,joint5,joint6,-0.00031403140746988356,-0.5378037691116333,-0.6396039724349976,-0.5241184234619141,-0.2141014039516449,0.835951566696167,0.0,0.0,0.0,0.0,0.0,0.0,0.0,0.0,0.0,0.0,0.0,0.0
1761396949112166926,18988,1761396949111378791,,joint1,joint2,joint3,joint4,joint5,joint6,-0.00031403140746988356,-0.5378037691116333,-0.6396039724349976,-0.5241184234619141,-0.2141014039516449,0.835951566696167,0.0,0.0,0.0,0.0,0.0,0.0,0.0,0.0,0.0,0.0,0.0,0.0
1761396949131910675,18989,1761396949131336958,,joint1,joint2,joint3,joint4,joint5,joint6,-0.00031403140746988356,-0.5378037691116333,-0.6396039724349976,-0.49962395429611206,-0.2141014039516449,0.835951566696167,0.0,0.0,0.0,0.0,0.0,0.0,0.0,0.0,0.0,0.0,0.0,0.0
1761396949152004532,18990,1761396949151330854,,joint1,joint2,joint3,joint4,joint5,joint6,-0.00031403140746988356,-0.5378037691116333,-0.6396039724349976,-0.49962395429611206,-0.2141014039516449,0.835951566696167,0.0,0.0,0.0,0.0,0.0,0.0,0.0,0.0,0.0,0.0,0.0,0.0
1761396949172095686,18991,1761396949171328347,,joint1,joint2,joint3,joint4,joint5,joint6,-0.00031403140746988356,-0.5378037691116333,-0.6396039724349976,-0.4864346385002136,-0.2141014039516449,0.835951566696167,0.0,0.0,0.0,0.0,0.0,0.0,0.0,0.0,0.0,0.0,0.0,0.0
1761396949192061754,18992,1761396949191382808,,joint1,joint2,joint3,joint4,joint5,joint6,-0.00031403140746988356,-0.5378037691116333,-0.6396039724349976,-0.46068406105041504,-0.2141014039516449,0.835951566696167,0.0,0.0,0.0,0.0,0.0,0.0,0.0,0.0,0.0,0.0,0.0,0.0
1761396949211977425,18993,1761396949211327714,,joint1,joint2,joint3,joint4,joint5,joint6,-0.00031403140746988356,-0.5378037691116333,-0.6396039724349976,-0.46068406105041504,-0.2141014039516449,0.835951566696167,0.0,0.0,0.0,0.0,0.0,0.0,0.0,0.0,0.0,0.0,0.0,0.0
1761396949232256721,18994,1761396949231328107,,joint1,joint2,joint3,joint4,joint5,joint6,-0.00031403140746988356,-0.5378037691116333,-0.6396039724349976,-0.4336773753166199,-0.2141014039516449,0.835951566696167,0.0,0.0,0.0,0.0,0.0,0.0,0.0,0.0,0.0,0.0,0.0,0.0
1761396949251991688,18995,1761396949251382944,,joint1,joint2,joint3,joint4,joint5,joint6,-0.00031403140746988356,-0.5378037691116333,-0.6396039724349976,-0.4336773753166199,-0.2141014039516449,0.835951566696167,0.0,0.0,0.0,0.0,0.0,0.0,0.0,0.0,0.0,0.0,0.0,0.0
1761396949271919091,18996,1761396949271382477,,joint1,joint2,joint3,joint4,joint5,joint6,-0.00031403140746988356,-0.5378037691116333,-0.6396039724349976,-0.4079267978668213,-0.2141014039516449,0.835951566696167,0.0,0.0,0.0,0.0,0.0,0.0,0.0,0.0,0.0,0.0,0.0,0.0
1761396949292360530,18997,1761396949291371315,,joint1,joint2,joint3,joint4,joint5,joint6,-0.00031403140746988356,-0.5378037691116333,-0.6396039724349976,-0.4079267978668213,-0.2141014039516449,0.835951566696167,0.0,0.0,0.0,0.0,0.0,0.0,0.0,0.0,0.0,0.0,0.0,0.0
1761396949312216074,18998,1761396949311381372,,joint1,joint2,joint3,joint4,joint5,joint6,-0.00031403140746988356,-0.5378037691116333,-0.6396039724349976,-0.3941093981266022,-0.2141014039516449,0.835951566696167,0.0,0.0,0.0,0.0,0.0,0.0,0.0,0.0,0.0,0.0,0.0,0.0
1761396949332244541,18999,1761396949331341935,,joint1,joint2,joint3,joint4,joint5,joint6,-0.00031403140746988356,-0.5378037691116333,-0.6396039724349976,-0.3941093981266022,-0.2141014039516449,0.835951566696167,0.0,0.0,0.0,0.0,0.0,0.0,0.0,0.0,0.0,0.0,0.0,0.0
1761396949352293728,19000,1761396949351320041,,joint1,joint2,joint3,joint4,joint5,joint6,-0.00031403140746988356,-0.5378037691116333,-0.6396039724349976,-0.36584657430648804,-0.2141014039516449,0.835951566696167,0.0,0.0,0.0,0.0,0.0,0.0,0.0,0.0,0.0,0.0,0.0,0.0
1761396949372039688,19001,1761396949371317528,,joint1,joint2,joint3,joint4,joint5,joint6,-0.00031403140746988356,-0.5378037691116333,-0.6396039724349976,-0.3375837504863739,-0.2141014039516449,0.835951566696167,0.0,0.0,0.0,0.0,0.0,0.0,0.0,0.0,0.0,0.0,0.0,0.0
1761396949392251627,19002,1761396949391384696,,joint1,joint2,joint3,joint4,joint5,joint6,-0.00031403140746988356,-0.5378037691116333,-0.6396039724349976,-0.3375837504863739,-0.2141014039516449,0.835951566696167,0.0,0.0,0.0,0.0,0.0,0.0,0.0,0.0,0.0,0.0,0.0,0.0
1761396949411993634,19003,1761396949411381362,,joint1,joint2,joint3,joint4,joint5,joint6,-0.00031403140746988356,-0.5378037691116333,-0.6396039724349976,-0.3086928725242615,-0.2141014039516449,0.835951566696167,0.0,0.0,0.0,0.0,0.0,0.0,0.0,0.0,0.0,0.0,0.0,0.0
1761396949432276114,19004,1761396949431376386,,joint1,joint2,joint3,joint4,joint5,joint6,-0.00031403140746988356,-0.5378037691116333,-0.6396039724349976,-0.3086928725242615,-0.2141014039516449,0.835951566696167,0.0,0.0,0.0,0.0,0.0,0.0,0.0,0.0,0.0,0.0,0.0,0.0
1761396949452228244,19005,1761396949451382762,,joint1,joint2,joint3,joint4,joint5,joint6,-0.00031403140746988356,-0.5378037691116333,-0.6396039724349976,-0.29424741864204407,-0.2141014039516449,0.835951566696167,0.0,0.0,0.0,0.0,0.0,0.0,0.0,0.0,0.0,0.0,0.0,0.0
1761396949471830741,19006,1761396949471379680,,joint1,joint2,joint3,joint4,joint5,joint6,-0.00031403140746988356,-0.5378037691116333,-0.6396039724349976,-0.29424741864204407,-0.2141014039516449,0.835951566696167,0.0,0.0,0.0,0.0,0.0,0.0,0.0,0.0,0.0,0.0,0.0,0.0
1761396949491947656,19007,1761396949491374627,,joint1,joint2,joint3,joint4,joint5,joint6,-0.00031403140746988356,-0.5378037691116333,-0.6396039724349976,-0.26535654067993164,-0.2141014039516449,0.835951566696167,0.0,0.0,0.0,0.0,0.0,0.0,0.0,0.0,0.0,0.0,0.0,0.0
1761396949512352038,19008,1761396949511376144,,joint1,joint2,joint3,joint4,joint5,joint6,-0.00031403140746988356,-0.5378037691116333,-0.6396039724349976,-0.26535654067993164,-0.2141014039516449,0.835951566696167,0.0,0.0,0.0,0.0,0.0,0.0,0.0,0.0,0.0,0.0,0.0,0.0
1761396949532282862,19009,1761396949531324791,,joint1,joint2,joint3,joint4,joint5,joint6,-0.00031403140746988356,-0.5378037691116333,-0.6396039724349976,-0.23458145558834076,-0.2141014039516449,0.835951566696167,0.0,0.0,0.0,0.0,0.0,0.0,0.0,0.0,0.0,0.0,0.0,0.0
1761396949551870584,19010,1761396949551380455,,joint1,joint2,joint3,joint4,joint5,joint6,-0.00031403140746988356,-0.5378037691116333,-0.6396039724349976,-0.20380638539791107,-0.2141014039516449,0.835951566696167,0.0,0.0,0.0,0.0,0.0,0.0,0.0,0.0,0.0,0.0,0.0,0.0
1761396949572419418,19011,1761396949571383915,,joint1,joint2,joint3,joint4,joint5,joint6,-0.00031403140746988356,-0.5378037691116333,-0.6396039724349976,-0.20380638539791107,-0.2141014039516449,0.835951566696167,0.0,0.0,0.0,0.0,0.0,0.0,0.0,0.0,0.0,0.0,0.0,0.0
1761396949591778235,19012,1761396949591330948,,joint1,joint2,joint3,joint4,joint5,joint6,-0.00031403140746988356,-0.5378037691116333,-0.6396039724349976,-0.1730313003063202,-0.2141014039516449,0.835951566696167,0.0,0.0,0.0,0.0,0.0,0.0,0.0,0.0,0.0,0.0,0.0,0.0
1761396949612184174,19013,1761396949611379868,,joint1,joint2,joint3,joint4,joint5,joint6,-0.00031403140746988356,-0.5378037691116333,-0.6396039724349976,-0.1730313003063202,-0.2141014039516449,0.835951566696167,0.0,0.0,0.0,0.0,0.0,0.0,0.0,0.0,0.0,0.0,0.0,0.0
1761396949632132042,19014,1761396949631374398,,joint1,joint2,joint3,joint4,joint5,joint6,-0.00031403140746988356,-0.5378037691116333,-0.6396039724349976,-0.1573297381401062,-0.2141014039516449,0.835951566696167,0.0,0.0,0.0,0.0,0.0,0.0,0.0,0.0,0.0,0.0,0.0,0.0
1761396949652392544,19015,1761396949651382735,,joint1,joint2,joint3,joint4,joint5,joint6,-0.00031403140746988356,-0.5378037691116333,-0.6396039724349976,-0.1573297381401062,-0.2141014039516449,0.835951566696167,0.0,0.0,0.0,0.0,0.0,0.0,0.0,0.0,0.0,0.0,0.0,0.0
1761396949671934684,19016,1761396949671382254,,joint1,joint2,joint3,joint4,joint5,joint6,-0.00031403140746988356,-0.5378037691116333,-0.6396039724349976,-0.12467046827077866,-0.2141014039516449,0.835951566696167,0.0,0.0,0.0,0.0,0.0,0.0,0.0,0.0,0.0,0.0,0.0,0.0
1761396949691830848,19017,1761396949691341467,,joint1,joint2,joint3,joint4,joint5,joint6,-0.00031403140746988356,-0.5378037691116333,-0.6396039724349976,-0.12467046827077866,-0.2141014039516449,0.835951566696167,0.0,0.0,0.0,0.0,0.0,0.0,0.0,0.0,0.0,0.0,0.0,0.0
1761396949712075644,19018,1761396949711380308,,joint1,joint2,joint3,joint4,joint5,joint6,-0.00031403140746988356,-0.5378037691116333,-0.6396039724349976,-0.0926392674446106,-0.2141014039516449,0.835951566696167,0.0,0.0,0.0,0.0,0.0,0.0,0.0,0.0,0.0,0.0,0.0,0.0
1761396949732027389,19019,1761396949731340034,,joint1,joint2,joint3,joint4,joint5,joint6,-0.00031403140746988356,-0.5378037691116333,-0.6396039724349976,-0.05997999757528305,-0.2141014039516449,0.835951566696167,0.0,0.0,0.0,0.0,0.0,0.0,0.0,0.0,0.0,0.0,0.0,0.0
1761396949752316134,19020,1761396949751331206,,joint1,joint2,joint3,joint4,joint5,joint6,-0.00031403140746988356,-0.5378037691116333,-0.6396039724349976,-0.05997999757528305,-0.2141014039516449,0.835951566696167,0.0,0.0,0.0,0.0,0.0,0.0,0.0,0.0,0.0,0.0,0.0,0.0
1761396949772363453,19021,1761396949771383583,,joint1,joint2,joint3,joint4,joint5,joint6,-0.00031403140746988356,-0.5378037691116333,-0.6396039724349976,-0.04302230104804039,-0.2141014039516449,0.835951566696167,0.0,0.0,0.0,0.0,0.0,0.0,0.0,0.0,0.0,0.0,0.0,0.0
1761396949792013990,19022,1761396949791380395,,joint1,joint2,joint3,joint4,joint5,joint6,-0.00031403140746988356,-0.5378037691116333,-0.6396039724349976,-0.04302230104804039,-0.2141014039516449,0.835951566696167,0.0,0.0,0.0,0.0,0.0,0.0,0.0,0.0,0.0,0.0,0.0,0.0
1761396949812388146,19023,1761396949811381432,,joint1,joint2,joint3,joint4,joint5,joint6,-0.00031403140746988356,-0.5378037691116333,-0.6396039724349976,-0.009106910787522793,-0.2141014039516449,0.835951566696167,0.0,0.0,0.0,0.0,0.0,0.0,0.0,0.0,0.0,0.0,0.0,0.0
1761396949831972134,19024,1761396949831375028,,joint1,joint2,joint3,joint4,joint5,joint6,-0.00031403140746988356,-0.5378037691116333,-0.6396039724349976,-0.009106910787522793,-0.2141014039516449,0.835951566696167,0.0,0.0,0.0,0.0,0.0,0.0,0.0,0.0,0.0,0.0,0.0,0.0
1761396949851936816,19025,1761396949851386243,,joint1,joint2,joint3,joint4,joint5,joint6,-0.00031403140746988356,-0.5378037691116333,-0.6396039724349976,0.02543654292821884,-0.2141014039516449,0.835951566696167,0.0,0.0,0.0,0.0,0.0,0.0,0.0,0.0,0.0,0.0,0.0,0.0
1761396949871951871,19026,1761396949871327488,,joint1,joint2,joint3,joint4,joint5,joint6,-0.00031403140746988356,-0.5378037691116333,-0.6396039724349976,0.02543654292821884,-0.2141014039516449,0.835951566696167,0.0,0.0,0.0,0.0,0.0,0.0,0.0,0.0,0.0,0.0,0.0,0.0
1761396949892230549,19027,1761396949891373211,,joint1,joint2,joint3,joint4,joint5,joint6,-0.00031403140746988356,-0.5378037691116333,-0.6396039724349976,0.05997999757528305,-0.2141014039516449,0.835951566696167,0.0,0.0,0.0,0.0,0.0,0.0,0.0,0.0,0.0,0.0,0.0,0.0
1761396949912123642,19028,1761396949911322649,,joint1,joint2,joint3,joint4,joint5,joint6,-0.00031403140746988356,-0.5378037691116333,-0.6396039724349976,0.0775657594203949,-0.2141014039516449,0.835951566696167,0.0,0.0,0.0,0.0,0.0,0.0,0.0,0.0,0.0,0.0,0.0,0.0
1761396949932186428,19029,1761396949931321619,,joint1,joint2,joint3,joint4,joint5,joint6,-0.00031403140746988356,-0.5378037691116333,-0.6396039724349976,0.0775657594203949,-0.2141014039516449,0.835951566696167,0.0,0.0,0.0,0.0,0.0,0.0,0.0,0.0,0.0,0.0,0.0,0.0
1761396949952215585,19030,1761396949951387020,,joint1,joint2,joint3,joint4,joint5,joint6,-0.00031403140746988356,-0.5378037691116333,-0.6396039724349976,0.11399339884519577,-0.2141014039516449,0.835951566696167,0.0,0.0,0.0,0.0,0.0,0.0,0.0,0.0,0.0,0.0,0.0,0.0
1761396949971923469,19031,1761396949971378926,,joint1,joint2,joint3,joint4,joint5,joint6,-0.00031403140746988356,-0.5378037691116333,-0.6396039724349976,0.11399339884519577,-0.2141014039516449,0.835951566696167,0.0,0.0,0.0,0.0,0.0,0.0,0.0,0.0,0.0,0.0,0.0,0.0
1761396949992344873,19032,1761396949991375804,,joint1,joint2,joint3,joint4,joint5,joint6,-0.00031403140746988356,-0.5378037691116333,-0.6396039724349976,0.14916491508483887,-0.2141014039516449,0.835951566696167,0.0,0.0,0.0,0.0,0.0,0.0,0.0,0.0,0.0,0.0,0.0,0.0
1761396950012195877,19033,1761396950011382443,,joint1,joint2,joint3,joint4,joint5,joint6,-0.00031403140746988356,-0.5378037691116333,-0.6396039724349976,0.14916491508483887,-0.2141014039516449,0.835951566696167,0.0,0.0,0.0,0.0,0.0,0.0,0.0,0.0,0.0,0.0,0.0,0.0
1761396950031963822,19034,1761396950031340073,,joint1,joint2,joint3,joint4,joint5,joint6,-0.00031403140746988356,-0.5378037691116333,-0.6396039724349976,0.18622061610221863,-0.2141014039516449,0.835951566696167,0.0,0.0,0.0,0.0,0.0,0.0,0.0,0.0,0.0,0.0,0.0,0.0
1761396950051921810,19035,1761396950051387619,,joint1,joint2,joint3,joint4,joint5,joint6,-0.00031403140746988356,-0.5378037691116333,-0.6396039724349976,0.18622061610221863,-0.2141014039516449,0.835951566696167,0.0,0.0,0.0,0.0,0.0,0.0,0.0,0.0,0.0,0.0,0.0,0.0
1761396950072278082,19036,1761396950071379826,,joint1,joint2,joint3,joint4,joint5,joint6,-0.00031403140746988356,-0.5378037691116333,-0.6396039724349976,0.22327633202075958,-0.2141014039516449,0.835951566696167,0.0,0.0,0.0,0.0,0.0,0.0,0.0,0.0,0.0,0.0,0.0,0.0
1761396950092216339,19037,1761396950091324031,,joint1,joint2,joint3,joint4,joint5,joint6,-0.00031403140746988356,-0.5378037691116333,-0.6396039724349976,0.01789979077875614,-0.2141014039516449,0.835951566696167,0.0,0.0,0.0,0.0,0.0,0.0,0.0,0.0,0.0,0.0,0.0,0.0
1761396950111876678,19038,1761396950111379119,,joint1,joint2,joint3,joint4,joint5,joint6,-0.00031403140746988356,-0.5378037691116333,-0.6396039724349976,0.01789979077875614,-0.2141014039516449,0.835951566696167,0.0,0.0,0.0,0.0,0.0,0.0,0.0,0.0,0.0,0.0,0.0,0.0
1761396950131900012,19039,1761396950131324825,,joint1,joint2,joint3,joint4,joint5,joint6,-0.00031403140746988356,-0.5378037691116333,-0.6396039724349976,0.05558355897665024,-0.2141014039516449,0.835951566696167,0.0,0.0,0.0,0.0,0.0,0.0,0.0,0.0,0.0,0.0,0.0,0.0
1761396950152106079,19040,1761396950151379257,,joint1,joint2,joint3,joint4,joint5,joint6,-0.00031403140746988356,-0.5378037691116333,-0.6396039724349976,0.05558355897665024,-0.2141014039516449,0.835951566696167,0.0,0.0,0.0,0.0,0.0,0.0,0.0,0.0,0.0,0.0,0.0,0.0
1761396950172266917,19041,1761396950171385054,,joint1,joint2,joint3,joint4,joint5,joint6,-0.00031403140746988356,-0.5378037691116333,-0.6396039724349976,0.09452345222234726,-0.2141014039516449,0.835951566696167,0.0,0.0,0.0,0.0,0.0,0.0,0.0,0.0,0.0,0.0,0.0,0.0
1761396950192171368,19042,1761396950191380839,,joint1,joint2,joint3,joint4,joint5,joint6,-0.00031403140746988356,-0.5378037691116333,-0.6396039724349976,0.09452345222234726,-0.2141014039516449,0.835951566696167,0.0,0.0,0.0,0.0,0.0,0.0,0.0,0.0,0.0,0.0,0.0,0.0
1761396950212249022,19043,1761396950211383500,,joint1,joint2,joint3,joint4,joint5,joint6,-0.00031403140746988356,-0.5378037691116333,-0.6396039724349976,0.13346335291862488,-0.2141014039516449,0.835951566696167,0.0,0.0,0.0,0.0,0.0,0.0,0.0,0.0,0.0,0.0,0.0,0.0
1761396950232132723,19044,1761396950231331798,,joint1,joint2,joint3,joint4,joint5,joint6,-0.00031403140746988356,-0.5378037691116333,-0.6396039724349976,0.13346335291862488,-0.2141014039516449,0.835951566696167,0.0,0.0,0.0,0.0,0.0,0.0,0.0,0.0,0.0,0.0,0.0,0.0
1761396950252235585,19045,1761396950251380004,,joint1,joint2,joint3,joint4,joint5,joint6,-0.00031403140746988356,-0.5378037691116333,-0.6396039724349976,0.1529332995414734,-0.2141014039516449,0.835951566696167,0.0,0.0,0.0,0.0,0.0,0.0,0.0,0.0,0.0,0.0,0.0,0.0
1761396950272408074,19046,1761396950271386903,,joint1,joint2,joint3,joint4,joint5,joint6,-0.00031403140746988356,-0.5378037691116333,-0.6396039724349976,0.19375737011432648,-0.2141014039516449,0.835951566696167,0.0,0.0,0.0,0.0,0.0,0.0,0.0,0.0,0.0,0.0,0.0,0.0
1761396950292238666,19047,1761396950291319392,,joint1,joint2,joint3,joint4,joint5,joint6,-0.00031403140746988356,-0.5378037691116333,-0.6396039724349976,0.19375737011432648,-0.2141014039516449,0.835951566696167,0.0,0.0,0.0,0.0,0.0,0.0,0.0,0.0,0.0,0.0,0.0,0.0
1761396950312189161,19048,1761396950311375306,,joint1,joint2,joint3,joint4,joint5,joint6,-0.00031403140746988356,-0.5378037691116333,-0.6396039724349976,0.009106910787522793,-0.2141014039516449,0.835951566696167,0.0,0.0,0.0,0.0,0.0,0.0,0.0,0.0,0.0,0.0,0.0,0.0
1761396950332343808,19049,1761396950331366743,,joint1,joint2,joint3,joint4,joint5,joint6,-0.00031403140746988356,-0.5378037691116333,-0.6396039724349976,0.009106910787522793,-0.2141014039516449,0.835951566696167,0.0,0.0,0.0,0.0,0.0,0.0,0.0,0.0,0.0,0.0,0.0,0.0
1761396950351910481,19050,1761396950351384031,,joint1,joint2,joint3,joint4,joint5,joint6,-0.00031403140746988356,-0.5378037691116333,-0.6396039724349976,0.04993099346756935,-0.2141014039516449,0.835951566696167,0.0,0.0,0.0,0.0,0.0,0.0,0.0,0.0,0.0,0.0,0.0,0.0
1761396950372165410,19051,1761396950371381632,,joint1,joint2,joint3,joint4,joint5,joint6,-0.00031403140746988356,-0.5378037691116333,-0.6396039724349976,0.04993099346756935,-0.2141014039516449,0.835951566696167,0.0,0.0,0.0,0.0,0.0,0.0,0.0,0.0,0.0,0.0,0.0,0.0
1761396950391870741,19052,1761396950391379199,,joint1,joint2,joint3,joint4,joint5,joint6,-0.00031403140746988356,-0.5378037691116333,-0.6396039724349976,0.07002900540828705,-0.2141014039516449,0.835951566696167,0.0,0.0,0.0,0.0,0.0,0.0,0.0,0.0,0.0,0.0,0.0,0.0
1761396950411905109,19053,1761396950411362831,,joint1,joint2,joint3,joint4,joint5,joint6,-0.00031403140746988356,-0.5378037691116333,-0.6396039724349976,0.112737275660038,-0.2141014039516449,0.835951566696167,0.0,0.0,0.0,0.0,0.0,0.0,0.0,0.0,0.0,0.0,0.0,0.0
1761396950432169221,19054,1761396950431326911,,joint1,joint2,joint3,joint4,joint5,joint6,-0.00031403140746988356,-0.5378037691116333,-0.6396039724349976,0.112737275660038,-0.2141014039516449,0.835951566696167,0.0,0.0,0.0,0.0,0.0,0.0,0.0,0.0,0.0,0.0,0.0,0.0
1761396950452092888,19055,1761396950451381462,,joint1,joint2,joint3,joint4,joint5,joint6,-0.00031403140746988356,-0.5378037691116333,-0.6396039724349976,0.15481747686862946,-0.2141014039516449,0.835951566696167,0.0,0.0,0.0,0.0,0.0,0.0,0.0,0.0,0.0,0.0,0.0,0.0
1761396950472093437,19056,1761396950471378660,,joint1,joint2,joint3,joint4,joint5,joint6,-0.00031403140746988356,-0.5378037691116333,-0.6396039724349976,0.15481747686862946,-0.2141014039516449,0.835951566696167,0.0,0.0,0.0,0.0,0.0,0.0,0.0,0.0,0.0,0.0,0.0,0.0
1761396950492092645,19057,1761396950491362242,,joint1,joint2,joint3,joint4,joint5,joint6,-0.00031403140746988356,-0.5378037691116333,-0.6396039724349976,0.197525754570961,-0.2141014039516449,0.835951566696167,0.0,0.0,0.0,0.0,0.0,0.0,0.0,0.0,0.0,0.0,0.0,0.0
1761396950512286880,19058,1761396950511379121,,joint1,joint2,joint3,joint4,joint5,joint6,-0.00031403140746988356,-0.5378037691116333,-0.6396039724349976,0.197525754570961,-0.2141014039516449,0.835951566696167,0.0,0.0,0.0,0.0,0.0,0.0,0.0,0.0,0.0,0.0,0.0,0.0
1761396950532016441,19059,1761396950531382711,,joint1,joint2,joint3,joint4,joint5,joint6,-0.00031403140746988356,-0.5378037691116333,-0.6396039724349976,0.016643663868308067,-0.2141014039516449,0.835951566696167,0.0,0.0,0.0,0.0,0.0,0.0,0.0,0.0,0.0,0.0,0.0,0.0
1761396950551929551,19060,1761396950551390361,,joint1,joint2,joint3,joint4,joint5,joint6,-0.00031403140746988356,-0.5378037691116333,-0.6396039724349976,0.016643663868308067,-0.2141014039516449,0.835951566696167,0.0,0.0,0.0,0.0,0.0,0.0,0.0,0.0,0.0,0.0,0.0,0.0
1761396950572374447,19061,1761396950571373124,,joint1,joint2,joint3,joint4,joint5,joint6,-0.00031403140746988356,-0.5378037691116333,-0.6396039724349976,0.03862586244940758,-0.2141014039516449,0.835951566696167,0.0,0.0,0.0,0.0,0.0,0.0,0.0,0.0,0.0,0.0,0.0,0.0
1761396950592110482,19062,1761396950591376811,,joint1,joint2,joint3,joint4,joint5,joint6,-0.00031403140746988356,-0.5378037691116333,-0.6396039724349976,0.0825902596116066,-0.2141014039516449,0.835951566696167,0.0,0.0,0.0,0.0,0.0,0.0,0.0,0.0,0.0,0.0,0.0,0.0
1761396950611902304,19063,1761396950611381651,,joint1,joint2,joint3,joint4,joint5,joint6,-0.00031403140746988356,-0.5378037691116333,-0.6396039724349976,0.0825902596116066,-0.2141014039516449,0.835951566696167,0.0,0.0,0.0,0.0,0.0,0.0,0.0,0.0,0.0,0.0,0.0,0.0
1761396950631913243,19064,1761396950631331247,,joint1,joint2,joint3,joint4,joint5,joint6,-0.00031403140746988356,-0.5378037691116333,-0.6396039724349976,0.12655465304851532,-0.2141014039516449,0.835951566696167,0.0,0.0,0.0,0.0,0.0,0.0,0.0,0.0,0.0,0.0,0.0,0.0
1761396950651984147,19065,1761396950651378523,,joint1,joint2,joint3,joint4,joint5,joint6,-0.00031403140746988356,-0.5378037691116333,-0.6396039724349976,0.12655465304851532,-0.2141014039516449,0.835951566696167,0.0,0.0,0.0,0.0,0.0,0.0,0.0,0.0,0.0,0.0,0.0,0.0
1761396950672108834,19066,1761396950671383041,,joint1,joint2,joint3,joint4,joint5,joint6,-0.00031403140746988356,-0.5378037691116333,-0.6396039724349976,0.17365936934947968,-0.2141014039516449,0.835951566696167,0.0,0.0,0.0,0.0,0.0,0.0,0.0,0.0,0.0,0.0,0.0,0.0
1761396950691947855,19067,1761396950691374156,,joint1,joint2,joint3,joint4,joint5,joint6,-0.00031403140746988356,-0.5378037691116333,-0.6396039724349976,0.17365936934947968,-0.2141014039516449,0.835951566696167,0.0,0.0,0.0,0.0,0.0,0.0,0.0,0.0,0.0,0.0,0.0,0.0
1761396950711913599,19068,1761396950711372108,,joint1,joint2,joint3,joint4,joint5,joint6,-0.00031403140746988356,-0.5378037691116333,-0.6396039724349976,0.19564156234264374,-0.2141014039516449,0.835951566696167,0.0,0.0,0.0,0.0,0.0,0.0,0.0,0.0,0.0,0.0,0.0,0.0
1761396950731978662,19069,1761396950731354176,,joint1,joint2,joint3,joint4,joint5,joint6,-0.00031403140746988356,-0.5378037691116333,-0.6396039724349976,0.19564156234264374,-0.2141014039516449,0.835951566696167,0.0,0.0,0.0,0.0,0.0,0.0,0.0,0.0,0.0,0.0,0.0,0.0
1761396950752161940,19070,1761396950751325705,,joint1,joint2,joint3,joint4,joint5,joint6,-0.00031403140746988356,-0.5378037691116333,-0.6396039724349976,0.01789979077875614,-0.2141014039516449,0.835951566696167,0.0,0.0,0.0,0.0,0.0,0.0,0.0,0.0,0.0,0.0,0.0,0.0
1761396950772086355,19071,1761396950771372699,,joint1,joint2,joint3,joint4,joint5,joint6,-0.00031403140746988356,-0.5378037691116333,-0.6396039724349976,0.04113811254501343,-0.2141014039516449,0.835951566696167,0.0,0.0,0.0,0.0,0.0,0.0,0.0,0.0,0.0,0.0,0.0,0.0
1761396950792283019,19072,1761396950791330558,,joint1,joint2,joint3,joint4,joint5,joint6,-0.00031403140746988356,-0.5378037691116333,-0.6396039724349976,0.04113811254501343,-0.2141014039516449,0.835951566696167,0.0,0.0,0.0,0.0,0.0,0.0,0.0,0.0,0.0,0.0,0.0,0.0
1761396950812403871,19073,1761396950811384156,,joint1,joint2,joint3,joint4,joint5,joint6,-0.00031403140746988356,-0.5378037691116333,-0.6396039724349976,0.04113811254501343,-0.2141014039516449,0.835951566696167,0.0,0.0,0.0,0.0,0.0,0.0,0.0,0.0,0.0,0.0,0.0,0.0
1761396950831941472,19074,1761396950831389147,,joint1,joint2,joint3,joint4,joint5,joint6,-0.00031403140746988356,-0.5378037691116333,-0.6396039724349976,0.04113811254501343,-0.2141014039516449,0.835951566696167,0.0,0.0,0.0,0.0,0.0,0.0,0.0,0.0,0.0,0.0,0.0,0.0
1761396950851897694,19075,1761396950851381397,,joint1,joint2,joint3,joint4,joint5,joint6,-0.00031403140746988356,-0.5378037691116333,-0.6396039724349976,0.04113811254501343,-0.2141014039516449,0.835951566696167,0.0,0.0,0.0,0.0,0.0,0.0,0.0,0.0,0.0,0.0,0.0,0.0
1761396950872204314,19076,1761396950871351635,,joint1,joint2,joint3,joint4,joint5,joint6,-0.00031403140746988356,-0.5378037691116333,-0.6396039724349976,0.04113811254501343,-0.2141014039516449,0.835951566696167,0.0,0.0,0.0,0.0,0.0,0.0,0.0,0.0,0.0,0.0,0.0,0.0
1761396950892064775,19077,1761396950891330783,,joint1,joint2,joint3,joint4,joint5,joint6,-0.00031403140746988356,-0.5378037691116333,-0.6396039724349976,0.04113811254501343,-0.2141014039516449,0.835951566696167,0.0,0.0,0.0,0.0,0.0,0.0,0.0,0.0,0.0,0.0,0.0,0.0
1761396950912351939,19078,1761396950911374360,,joint1,joint2,joint3,joint4,joint5,joint6,-0.00031403140746988356,-0.5378037691116333,-0.6396039724349976,0.04113811254501343,-0.2141014039516449,0.835951566696167,0.0,0.0,0.0,0.0,0.0,0.0,0.0,0.0,0.0,0.0,0.0,0.0
1761396950931909427,19079,1761396950931380208,,joint1,joint2,joint3,joint4,joint5,joint6,-0.00031403140746988356,-0.5378037691116333,-0.6396039724349976,0.04113811254501343,-0.2141014039516449,0.835951566696167,0.0,0.0,0.0,0.0,0.0,0.0,0.0,0.0,0.0,0.0,0.0,0.0
1761396950952030048,19080,1761396950951320787,,joint1,joint2,joint3,joint4,joint5,joint6,-0.00031403140746988356,-0.5378037691116333,-0.6396039724349976,0.04113811254501343,-0.2141014039516449,0.835951566696167,0.0,0.0,0.0,0.0,0.0,0.0,0.0,0.0,0.0,0.0,0.0,0.0
1761396950972272929,19081,1761396950971324756,,joint1,joint2,joint3,joint4,joint5,joint6,-0.00031403140746988356,-0.5378037691116333,-0.6396039724349976,0.04113811254501343,-0.2141014039516449,0.835951566696167,0.0,0.0,0.0,0.0,0.0,0.0,0.0,0.0,0.0,0.0,0.0,0.0
1761396950992213767,19082,1761396950991331281,,joint1,joint2,joint3,joint4,joint5,joint6,-0.00031403140746988356,-0.5378037691116333,-0.6396039724349976,0.04113811254501343,-0.2141014039516449,0.835951566696167,0.0,0.0,0.0,0.0,0.0,0.0,0.0,0.0,0.0,0.0,0.0,0.0
1761396951012078219,19083,1761396951011326404,,joint1,joint2,joint3,joint4,joint5,joint6,-0.00031403140746988356,-0.5378037691116333,-0.6396039724349976,0.04113811254501343,-0.2141014039516449,0.835951566696167,0.0,0.0,0.0,0.0,0.0,0.0,0.0,0.0,0.0,0.0,0.0,0.0
1761396951032182888,19084,1761396951031326762,,joint1,joint2,joint3,joint4,joint5,joint6,-0.00031403140746988356,-0.5378037691116333,-0.6396039724349976,0.04113811254501343,-0.2141014039516449,0.835951566696167,0.0,0.0,0.0,0.0,0.0,0.0,0.0,0.0,0.0,0.0,0.0,0.0
1761396951052379144,19085,1761396951051371903,,joint1,joint2,joint3,joint4,joint5,joint6,-0.00031403140746988356,-0.5378037691116333,-0.6396039724349976,0.04113811254501343,-0.2141014039516449,0.835951566696167,0.0,0.0,0.0,0.0,0.0,0.0,0.0,0.0,0.0,0.0,0.0,0.0
1761396951072250818,19086,1761396951071321525,,joint1,joint2,joint3,joint4,joint5,joint6,-0.00031403140746988356,-0.5378037691116333,-0.6396039724349976,0.04113811254501343,-0.2141014039516449,0.835951566696167,0.0,0.0,0.0,0.0,0.0,0.0,0.0,0.0,0.0,0.0,0.0,0.0
1761396951091885609,19087,1761396951091377543,,joint1,joint2,joint3,joint4,joint5,joint6,-0.00031403140746988356,-0.5378037691116333,-0.6396039724349976,0.04113811254501343,-0.2141014039516449,0.835951566696167,0.0,0.0,0.0,0.0,0.0,0.0,0.0,0.0,0.0,0.0,0.0,0.0
1761396951111917996,19088,1761396951111380454,,joint1,joint2,joint3,joint4,joint5,joint6,-0.00031403140746988356,-0.5378037691116333,-0.6396039724349976,0.04113811254501343,-0.2141014039516449,0.835951566696167,0.0,0.0,0.0,0.0,0.0,0.0,0.0,0.0,0.0,0.0,0.0,0.0
1761396951132237080,19089,1761396951131333232,,joint1,joint2,joint3,joint4,joint5,joint6,-0.00031403140746988356,-0.5378037691116333,-0.6396039724349976,0.0423942394554615,-0.2141014039516449,0.835951566696167,0.0,0.0,0.0,0.0,0.0,0.0,0.0,0.0,0.0,0.0,0.0,0.0
1761396951152275904,19090,1761396951151374524,,joint1,joint2,joint3,joint4,joint5,joint6,-0.00031403140746988356,-0.5378037691116333,-0.6396039724349976,0.0423942394554615,-0.2141014039516449,0.835951566696167,0.0,0.0,0.0,0.0,0.0,0.0,0.0,0.0,0.0,0.0,0.0,0.0
1761396951172219597,19091,1761396951171329923,,joint1,joint2,joint3,joint4,joint5,joint6,-0.00031403140746988356,-0.5378037691116333,-0.6396039724349976,0.041766177862882614,-0.2141014039516449,0.835951566696167,0.0,0.0,0.0,0.0,0.0,0.0,0.0,0.0,0.0,0.0,0.0,0.0
1761396951192349984,19092,1761396951191342335,,joint1,joint2,joint3,joint4,joint5,joint6,-0.00031403140746988356,-0.5378037691116333,-0.6396039724349976,0.041766177862882614,-0.2141014039516449,0.835951566696167,0.0,0.0,0.0,0.0,0.0,0.0,0.0,0.0,0.0,0.0,0.0,0.0
1761396951211900962,19093,1761396951211328161,,joint1,joint2,joint3,joint4,joint5,joint6,-0.00031403140746988356,-0.5378037691116333,-0.6396039724349976,0.04113811254501343,-0.2141014039516449,0.835951566696167,0.0,0.0,0.0,0.0,0.0,0.0,0.0,0.0,0.0,0.0,0.0,0.0
1761396951232408093,19094,1761396951231387329,,joint1,joint2,joint3,joint4,joint5,joint6,-0.00031403140746988356,-0.5378037691116333,-0.6396039724349976,0.04113811254501343,-0.2141014039516449,0.835951566696167,0.0,0.0,0.0,0.0,0.0,0.0,0.0,0.0,0.0,0.0,0.0,0.0
1761396951251848854,19095,1761396951251322092,,joint1,joint2,joint3,joint4,joint5,joint6,-0.00031403140746988356,-0.5378037691116333,-0.6396039724349976,0.039253924041986465,-0.2141014039516449,0.835951566696167,0.0,0.0,0.0,0.0,0.0,0.0,0.0,0.0,0.0,0.0,0.0,0.0
1761396951272260675,19096,1761396951271330688,,joint1,joint2,joint3,joint4,joint5,joint6,-0.00031403140746988356,-0.5378037691116333,-0.6396039724349976,0.039253924041986465,-0.2141014039516449,0.835951566696167,0.0,0.0,0.0,0.0,0.0,0.0,0.0,0.0,0.0,0.0,0.0,0.0
1761396951292051232,19097,1761396951291377343,,joint1,joint2,joint3,joint4,joint5,joint6,-0.00031403140746988356,-0.5378037691116333,-0.6396039724349976,0.0373697355389595,-0.2141014039516449,0.835951566696167,0.0,0.0,0.0,0.0,0.0,0.0,0.0,0.0,0.0,0.0,0.0,0.0
1761396951312234181,19098,1761396951311325213,,joint1,joint2,joint3,joint4,joint5,joint6,-0.00031403140746988356,-0.5378037691116333,-0.6396039724349976,0.03611361235380173,-0.2141014039516449,0.835951566696167,0.0,0.0,0.0,0.0,0.0,0.0,0.0,0.0,0.0,0.0,0.0,0.0
1761396951332386102,19099,1761396951331383082,,joint1,joint2,joint3,joint4,joint5,joint6,-0.00031403140746988356,-0.5378037691116333,-0.6396039724349976,0.03611361235380173,-0.2141014039516449,0.835951566696167,0.0,0.0,0.0,0.0,0.0,0.0,0.0,0.0,0.0,0.0,0.0,0.0
1761396951352297975,19100,1761396951351374658,,joint1,joint2,joint3,joint4,joint5,joint6,-0.00031403140746988356,-0.5378037691116333,-0.6396039724349976,0.03297329694032669,-0.2141014039516449,0.835951566696167,0.0,0.0,0.0,0.0,0.0,0.0,0.0,0.0,0.0,0.0,0.0,0.0
1761396951372368260,19101,1761396951371382487,,joint1,joint2,joint3,joint4,joint5,joint6,-0.00031403140746988356,-0.5378037691116333,-0.6396039724349976,0.03297329694032669,-0.2141014039516449,0.835951566696167,0.0,0.0,0.0,0.0,0.0,0.0,0.0,0.0,0.0,0.0,0.0,0.0
1761396951392314756,19102,1761396951391389311,,joint1,joint2,joint3,joint4,joint5,joint6,-0.00031403140746988356,-0.5378037691116333,-0.6396039724349976,0.031717170029878616,-0.2141014039516449,0.835951566696167,0.0,0.0,0.0,0.0,0.0,0.0,0.0,0.0,0.0,0.0,0.0,0.0
1761396951412012044,19103,1761396951411382445,,joint1,joint2,joint3,joint4,joint5,joint6,-0.00031403140746988356,-0.5378037691116333,-0.6396039724349976,0.031717170029878616,-0.2141014039516449,0.835951566696167,0.0,0.0,0.0,0.0,0.0,0.0,0.0,0.0,0.0,0.0,0.0,0.0
1761396951432436950,19104,1761396951431393851,,joint1,joint2,joint3,joint4,joint5,joint6,-0.00031403140746988356,-0.5378037691116333,-0.6396039724349976,0.031717170029878616,-0.2141014039516449,0.835951566696167,0.0,0.0,0.0,0.0,0.0,0.0,0.0,0.0,0.0,0.0,0.0,0.0
1761396951451914971,19105,1761396951451326348,,joint1,joint2,joint3,joint4,joint5,joint6,-0.00031403140746988356,-0.5378037691116333,-0.6396039724349976,0.031717170029878616,-0.2141014039516449,0.835951566696167,0.0,0.0,0.0,0.0,0.0,0.0,0.0,0.0,0.0,0.0,0.0,0.0
1761396951472117408,19106,1761396951471379537,,joint1,joint2,joint3,joint4,joint5,joint6,-0.00031403140746988356,-0.5378037691116333,-0.6396039724349976,0.031717170029878616,-0.2141014039516449,0.835951566696167,0.0,0.0,0.0,0.0,0.0,0.0,0.0,0.0,0.0,0.0,0.0,0.0
1761396951492205041,19107,1761396951491372711,,joint1,joint2,joint3,joint4,joint5,joint6,-0.00031403140746988356,-0.5378037691116333,-0.6396039724349976,0.031717170029878616,-0.2141014039516449,0.835951566696167,0.0,0.0,0.0,0.0,0.0,0.0,0.0,0.0,0.0,0.0,0.0,0.0
1761396951512010220,19108,1761396951511380077,,joint1,joint2,joint3,joint4,joint5,joint6,-0.00031403140746988356,-0.5378037691116333,-0.6396039724349976,0.031717170029878616,-0.2141014039516449,0.835951566696167,0.0,0.0,0.0,0.0,0.0,0.0,0.0,0.0,0.0,0.0,0.0,0.0
1761396951532092494,19109,1761396951531374368,,joint1,joint2,joint3,joint4,joint5,joint6,-0.00031403140746988356,-0.5378037691116333,-0.6396039724349976,0.031717170029878616,-0.2141014039516449,0.835951566696167,0.0,0.0,0.0,0.0,0.0,0.0,0.0,0.0,0.0,0.0,0.0,0.0
1761396951552333758,19110,1761396951551395091,,joint1,joint2,joint3,joint4,joint5,joint6,-0.00031403140746988356,-0.5378037691116333,-0.6396039724349976,0.031717170029878616,-0.2141014039516449,0.835951566696167,0.0,0.0,0.0,0.0,0.0,0.0,0.0,0.0,0.0,0.0,0.0,0.0
1761396951571906627,19111,1761396951571379220,,joint1,joint2,joint3,joint4,joint5,joint6,-0.00031403140746988356,-0.5378037691116333,-0.6396039724349976,0.031717170029878616,-0.2141014039516449,0.835951566696167,0.0,0.0,0.0,0.0,0.0,0.0,0.0,0.0,0.0,0.0,0.0,0.0
1761396951592041745,19112,1761396951591382413,,joint1,joint2,joint3,joint4,joint5,joint6,-0.00031403140746988356,-0.5378037691116333,-0.6396039724349976,0.031717170029878616,-0.2141014039516449,0.835951566696167,0.0,0.0,0.0,0.0,0.0,0.0,0.0,0.0,0.0,0.0,0.0,0.0
1761396951612097421,19113,1761396951611346558,,joint1,joint2,joint3,joint4,joint5,joint6,-0.00031403140746988356,-0.5378037691116333,-0.6396039724349976,0.031717170029878616,-0.2141014039516449,0.835951566696167,0.0,0.0,0.0,0.0,0.0,0.0,0.0,0.0,0.0,0.0,0.0,0.0
1761396951632242254,19114,1761396951631325797,,joint1,joint2,joint3,joint4,joint5,joint6,-0.00031403140746988356,-0.5378037691116333,-0.6396039724349976,0.031717170029878616,-0.2141014039516449,0.835951566696167,0.0,0.0,0.0,0.0,0.0,0.0,0.0,0.0,0.0,0.0,0.0,0.0
1761396951651955999,19115,1761396951651381367,,joint1,joint2,joint3,joint4,joint5,joint6,-0.00031403140746988356,-0.5378037691116333,-0.6396039724349976,0.031717170029878616,-0.2141014039516449,0.835951566696167,0.0,0.0,0.0,0.0,0.0,0.0,0.0,0.0,0.0,0.0,0.0,0.0
1761396951671917889,19116,1761396951671383399,,joint1,joint2,joint3,joint4,joint5,joint6,-0.00031403140746988356,-0.5378037691116333,-0.6396039724349976,0.031717170029878616,-0.2141014039516449,0.835951566696167,0.0,0.0,0.0,0.0,0.0,0.0,0.0,0.0,0.0,0.0,0.0,0.0
1761396951692237847,19117,1761396951691339617,,joint1,joint2,joint3,joint4,joint5,joint6,-0.00031403140746988356,-0.5378037691116333,-0.6396039724349976,0.031717170029878616,-0.2141014039516449,0.835951566696167,0.0,0.0,0.0,0.0,0.0,0.0,0.0,0.0,0.0,0.0,0.0,0.0
1761396951712323319,19118,1761396951711385017,,joint1,joint2,joint3,joint4,joint5,joint6,-0.00031403140746988356,-0.5378037691116333,-0.6396039724349976,0.031717170029878616,-0.2141014039516449,0.835951566696167,0.0,0.0,0.0,0.0,0.0,0.0,0.0,0.0,0.0,0.0,0.0,0.0
1761396951731898820,19119,1761396951731382327,,joint1,joint2,joint3,joint4,joint5,joint6,-0.00031403140746988356,-0.5378037691116333,-0.6396039724349976,0.031717170029878616,-0.2141014039516449,0.835951566696167,0.0,0.0,0.0,0.0,0.0,0.0,0.0,0.0,0.0,0.0,0.0,0.0
1761396951751959009,19120,1761396951751354082,,joint1,joint2,joint3,joint4,joint5,joint6,-0.00031403140746988356,-0.5378037691116333,-0.6396039724349976,0.031717170029878616,-0.2141014039516449,0.835951566696167,0.0,0.0,0.0,0.0,0.0,0.0,0.0,0.0,0.0,0.0,0.0,0.0
1761396951772255509,19121,1761396951771319020,,joint1,joint2,joint3,joint4,joint5,joint6,-0.00031403140746988356,-0.5378037691116333,-0.6396039724349976,0.031717170029878616,-0.2141014039516449,0.835951566696167,0.0,0.0,0.0,0.0,0.0,0.0,0.0,0.0,0.0,0.0,0.0,0.0
1761396951792268312,19122,1761396951791381989,,joint1,joint2,joint3,joint4,joint5,joint6,-0.00031403140746988356,-0.5378037691116333,-0.6396039724349976,0.031717170029878616,-0.2141014039516449,0.835951566696167,0.0,0.0,0.0,0.0,0.0,0.0,0.0,0.0,0.0,0.0,0.0,0.0
1761396951812095273,19123,1761396951811328031,,joint1,joint2,joint3,joint4,joint5,joint6,-0.00031403140746988356,-0.5378037691116333,-0.6396039724349976,0.031717170029878616,-0.2141014039516449,0.835951566696167,0.0,0.0,0.0,0.0,0.0,0.0,0.0,0.0,0.0,0.0,0.0,0.0
1761396951831945668,19124,1761396951831382968,,joint1,joint2,joint3,joint4,joint5,joint6,-0.00031403140746988356,-0.5378037691116333,-0.6396039724349976,0.031717170029878616,-0.2141014039516449,0.835951566696167,0.0,0.0,0.0,0.0,0.0,0.0,0.0,0.0,0.0,0.0,0.0,0.0
1761396951852409698,19125,1761396951851402493,,joint1,joint2,joint3,joint4,joint5,joint6,-0.00031403140746988356,-0.5378037691116333,-0.6396039724349976,0.031717170029878616,-0.2141014039516449,0.835951566696167,0.0,0.0,0.0,0.0,0.0,0.0,0.0,0.0,0.0,0.0,0.0,0.0
1761396951872124159,19126,1761396951871340071,,joint1,joint2,joint3,joint4,joint5,joint6,-0.00031403140746988356,-0.5378037691116333,-0.6396039724349976,0.031717170029878616,-0.2141014039516449,0.835951566696167,0.0,0.0,0.0,0.0,0.0,0.0,0.0,0.0,0.0,0.0,0.0,0.0
1761396951892273443,19127,1761396951891379774,,joint1,joint2,joint3,joint4,joint5,joint6,-0.00031403140746988356,-0.5378037691116333,-0.6396039724349976,0.031717170029878616,-0.2141014039516449,0.835951566696167,0.0,0.0,0.0,0.0,0.0,0.0,0.0,0.0,0.0,0.0,0.0,0.0
1761396951912329337,19128,1761396951911340222,,joint1,joint2,joint3,joint4,joint5,joint6,-0.00031403140746988356,-0.5378037691116333,-0.6396039724349976,0.031717170029878616,-0.2141014039516449,0.835951566696167,0.0,0.0,0.0,0.0,0.0,0.0,0.0,0.0,0.0,0.0,0.0,0.0
1761396951931930553,19129,1761396951931379967,,joint1,joint2,joint3,joint4,joint5,joint6,-0.00031403140746988356,-0.5378037691116333,-0.6396039724349976,0.031717170029878616,-0.2141014039516449,0.835951566696167,0.0,0.0,0.0,0.0,0.0,0.0,0.0,0.0,0.0,0.0,0.0,0.0
1761396951952160378,19130,1761396951951380007,,joint1,joint2,joint3,joint4,joint5,joint6,-0.00031403140746988356,-0.5378037691116333,-0.6396039724349976,0.031717170029878616,-0.2141014039516449,0.835951566696167,0.0,0.0,0.0,0.0,0.0,0.0,0.0,0.0,0.0,0.0,0.0,0.0
1761396951972333451,19131,1761396951971381570,,joint1,joint2,joint3,joint4,joint5,joint6,-0.00031403140746988356,-0.5378037691116333,-0.6396039724349976,0.031717170029878616,-0.2141014039516449,0.835951566696167,0.0,0.0,0.0,0.0,0.0,0.0,0.0,0.0,0.0,0.0,0.0,0.0
1761396951992237299,19132,1761396951991403830,,joint1,joint2,joint3,joint4,joint5,joint6,-0.00031403140746988356,-0.5378037691116333,-0.6396039724349976,0.031717170029878616,-0.2141014039516449,0.835951566696167,0.0,0.0,0.0,0.0,0.0,0.0,0.0,0.0,0.0,0.0,0.0,0.0
1761396952011902849,19133,1761396952011379038,,joint1,joint2,joint3,joint4,joint5,joint6,-0.00031403140746988356,-0.5378037691116333,-0.6396039724349976,0.031717170029878616,-0.2141014039516449,0.835951566696167,0.0,0.0,0.0,0.0,0.0,0.0,0.0,0.0,0.0,0.0,0.0,0.0
1761396952031849065,19134,1761396952031395167,,joint1,joint2,joint3,joint4,joint5,joint6,-0.00031403140746988356,-0.5378037691116333,-0.6396039724349976,0.031717170029878616,-0.2141014039516449,0.835951566696167,0.0,0.0,0.0,0.0,0.0,0.0,0.0,0.0,0.0,0.0,0.0,0.0
1761396952052334081,19135,1761396952051330161,,joint1,joint2,joint3,joint4,joint5,joint6,-0.00031403140746988356,-0.5378037691116333,-0.6396039724349976,0.031717170029878616,-0.2141014039516449,0.835951566696167,0.0,0.0,0.0,0.0,0.0,0.0,0.0,0.0,0.0,0.0,0.0,0.0
1761396952072306922,19136,1761396952071381041,,joint1,joint2,joint3,joint4,joint5,joint6,-0.00031403140746988356,-0.5378037691116333,-0.6396039724349976,0.031717170029878616,-0.2141014039516449,0.835951566696167,0.0,0.0,0.0,0.0,0.0,0.0,0.0,0.0,0.0,0.0,0.0,0.0
1761396952092216069,19137,1761396952091382622,,joint1,joint2,joint3,joint4,joint5,joint6,-0.00031403140746988356,-0.5378037691116333,-0.6396039724349976,0.031717170029878616,-0.2141014039516449,0.835951566696167,0.0,0.0,0.0,0.0,0.0,0.0,0.0,0.0,0.0,0.0,0.0,0.0
1761396952112170257,19138,1761396952111379286,,joint1,joint2,joint3,joint4,joint5,joint6,-0.00031403140746988356,-0.5378037691116333,-0.6396039724349976,0.031717170029878616,-0.2141014039516449,0.835951566696167,0.0,0.0,0.0,0.0,0.0,0.0,0.0,0.0,0.0,0.0,0.0,0.0
1761396952132327682,19139,1761396952131386686,,joint1,joint2,joint3,joint4,joint5,joint6,-0.00031403140746988356,-0.5378037691116333,-0.6396039724349976,0.031717170029878616,-0.2141014039516449,0.835951566696167,0.0,0.0,0.0,0.0,0.0,0.0,0.0,0.0,0.0,0.0,0.0,0.0
1761396952151833507,19140,1761396952151357740,,joint1,joint2,joint3,joint4,joint5,joint6,-0.00031403140746988356,-0.5378037691116333,-0.6396039724349976,0.031717170029878616,-0.2141014039516449,0.835951566696167,0.0,0.0,0.0,0.0,0.0,0.0,0.0,0.0,0.0,0.0,0.0,0.0
1761396952172043719,19141,1761396952171333793,,joint1,joint2,joint3,joint4,joint5,joint6,-0.00031403140746988356,-0.5378037691116333,-0.6396039724349976,0.031717170029878616,-0.2141014039516449,0.835951566696167,0.0,0.0,0.0,0.0,0.0,0.0,0.0,0.0,0.0,0.0,0.0,0.0
1761396952192344042,19142,1761396952191382067,,joint1,joint2,joint3,joint4,joint5,joint6,-0.00031403140746988356,-0.5378037691116333,-0.6396039724349976,0.031717170029878616,-0.2141014039516449,0.835951566696167,0.0,0.0,0.0,0.0,0.0,0.0,0.0,0.0,0.0,0.0,0.0,0.0
1761396952211874050,19143,1761396952211373551,,joint1,joint2,joint3,joint4,joint5,joint6,-0.00031403140746988356,-0.5378037691116333,-0.6396039724349976,0.031717170029878616,-0.2141014039516449,0.835951566696167,0.0,0.0,0.0,0.0,0.0,0.0,0.0,0.0,0.0,0.0,0.0,0.0
1761396952232131050,19144,1761396952231327647,,joint1,joint2,joint3,joint4,joint5,joint6,-0.00031403140746988356,-0.5378037691116333,-0.6396039724349976,0.031717170029878616,-0.2141014039516449,0.835951566696167,0.0,0.0,0.0,0.0,0.0,0.0,0.0,0.0,0.0,0.0,0.0,0.0
1761396952252136093,19145,1761396952251379548,,joint1,joint2,joint3,joint4,joint5,joint6,-0.00031403140746988356,-0.5378037691116333,-0.6396039724349976,0.031717170029878616,-0.2141014039516449,0.835951566696167,0.0,0.0,0.0,0.0,0.0,0.0,0.0,0.0,0.0,0.0,0.0,0.0
1761396952272511694,19146,1761396952271394570,,joint1,joint2,joint3,joint4,joint5,joint6,-0.00031403140746988356,-0.5378037691116333,-0.6396039724349976,0.031717170029878616,-0.2141014039516449,0.835951566696167,0.0,0.0,0.0,0.0,0.0,0.0,0.0,0.0,0.0,0.0,0.0,0.0
1761396952292067585,19147,1761396952291382297,,joint1,joint2,joint3,joint4,joint5,joint6,-0.00031403140746988356,-0.5378037691116333,-0.6396039724349976,0.031717170029878616,-0.2141014039516449,0.835951566696167,0.0,0.0,0.0,0.0,0.0,0.0,0.0,0.0,0.0,0.0,0.0,0.0
1761396952312121875,19148,1761396952311379343,,joint1,joint2,joint3,joint4,joint5,joint6,-0.00031403140746988356,-0.5378037691116333,-0.6396039724349976,0.031717170029878616,-0.2141014039516449,0.835951566696167,0.0,0.0,0.0,0.0,0.0,0.0,0.0,0.0,0.0,0.0,0.0,0.0
1761396952332290791,19149,1761396952331323906,,joint1,joint2,joint3,joint4,joint5,joint6,-0.00031403140746988356,-0.5378037691116333,-0.6396039724349976,0.031717170029878616,-0.2141014039516449,0.835951566696167,0.0,0.0,0.0,0.0,0.0,0.0,0.0,0.0,0.0,0.0,0.0,0.0
1761396952351953296,19150,1761396952351374796,,joint1,joint2,joint3,joint4,joint5,joint6,-0.00031403140746988356,-0.5378037691116333,-0.6396039724349976,0.031717170029878616,-0.2141014039516449,0.835951566696167,0.0,0.0,0.0,0.0,0.0,0.0,0.0,0.0,0.0,0.0,0.0,0.0
1761396952372025759,19151,1761396952371383419,,joint1,joint2,joint3,joint4,joint5,joint6,-0.00031403140746988356,-0.5378037691116333,-0.6396039724349976,0.031717170029878616,-0.2141014039516449,0.835951566696167,0.0,0.0,0.0,0.0,0.0,0.0,0.0,0.0,0.0,0.0,0.0,0.0
1761396952391572656,19152,1761396952391320837,,joint1,joint2,joint3,joint4,joint5,joint6,-0.00031403140746988356,-0.5378037691116333,-0.6396039724349976,0.031717170029878616,-0.2141014039516449,0.835951566696167,0.0,0.0,0.0,0.0,0.0,0.0,0.0,0.0,0.0,0.0,0.0,0.0
1761396952412243492,19153,1761396952411390798,,joint1,joint2,joint3,joint4,joint5,joint6,-0.00031403140746988356,-0.5378037691116333,-0.6396039724349976,0.031717170029878616,-0.2141014039516449,0.835951566696167,0.0,0.0,0.0,0.0,0.0,0.0,0.0,0.0,0.0,0.0,0.0,0.0
1761396952432291473,19154,1761396952431380087,,joint1,joint2,joint3,joint4,joint5,joint6,-0.00031403140746988356,-0.5378037691116333,-0.6396039724349976,0.031717170029878616,-0.2141014039516449,0.835951566696167,0.0,0.0,0.0,0.0,0.0,0.0,0.0,0.0,0.0,0.0,0.0,0.0
1761396952451933066,19155,1761396952451381516,,joint1,joint2,joint3,joint4,joint5,joint6,-0.00031403140746988356,-0.5378037691116333,-0.6396039724349976,0.031717170029878616,-0.2141014039516449,0.835951566696167,0.0,0.0,0.0,0.0,0.0,0.0,0.0,0.0,0.0,0.0,0.0,0.0
1761396952472239782,19156,1761396952471319870,,joint1,joint2,joint3,joint4,joint5,joint6,-0.00031403140746988356,-0.5378037691116333,-0.6396039724349976,0.031717170029878616,-0.2141014039516449,0.835951566696167,0.0,0.0,0.0,0.0,0.0,0.0,0.0,0.0,0.0,0.0,0.0,0.0
1761396952492210637,19157,1761396952491346021,,joint1,joint2,joint3,joint4,joint5,joint6,-0.00031403140746988356,-0.5378037691116333,-0.6396039724349976,0.031717170029878616,-0.2141014039516449,0.835951566696167,0.0,0.0,0.0,0.0,0.0,0.0,0.0,0.0,0.0,0.0,0.0,0.0
1761396952511966053,19158,1761396952511361292,,joint1,joint2,joint3,joint4,joint5,joint6,-0.00031403140746988356,-0.5378037691116333,-0.6396039724349976,0.031717170029878616,-0.2141014039516449,0.835951566696167,0.0,0.0,0.0,0.0,0.0,0.0,0.0,0.0,0.0,0.0,0.0,0.0
1761396952532009643,19159,1761396952531325875,,joint1,joint2,joint3,joint4,joint5,joint6,-0.00031403140746988356,-0.5378037691116333,-0.6396039724349976,0.031717170029878616,-0.2141014039516449,0.835951566696167,0.0,0.0,0.0,0.0,0.0,0.0,0.0,0.0,0.0,0.0,0.0,0.0
1761396952552319241,19160,1761396952551332484,,joint1,joint2,joint3,joint4,joint5,joint6,-0.00031403140746988356,-0.5378037691116333,-0.6396039724349976,0.031717170029878616,-0.2141014039516449,0.835951566696167,0.0,0.0,0.0,0.0,0.0,0.0,0.0,0.0,0.0,0.0,0.0,0.0
1761396952572333842,19161,1761396952571331487,,joint1,joint2,joint3,joint4,joint5,joint6,-0.00031403140746988356,-0.5378037691116333,-0.6396039724349976,0.031717170029878616,-0.2141014039516449,0.835951566696167,0.0,0.0,0.0,0.0,0.0,0.0,0.0,0.0,0.0,0.0,0.0,0.0
1761396952591837018,19162,1761396952591336010,,joint1,joint2,joint3,joint4,joint5,joint6,-0.00031403140746988356,-0.5378037691116333,-0.6396039724349976,0.031717170029878616,-0.2141014039516449,0.835951566696167,0.0,0.0,0.0,0.0,0.0,0.0,0.0,0.0,0.0,0.0,0.0,0.0
1761396952612367963,19163,1761396952611327727,,joint1,joint2,joint3,joint4,joint5,joint6,-0.00031403140746988356,-0.5378037691116333,-0.6396039724349976,0.031717170029878616,-0.2141014039516449,0.835951566696167,0.0,0.0,0.0,0.0,0.0,0.0,0.0,0.0,0.0,0.0,0.0,0.0
1761396952631908375,19164,1761396952631340295,,joint1,joint2,joint3,joint4,joint5,joint6,-0.00031403140746988356,-0.5378037691116333,-0.6396039724349976,0.031717170029878616,-0.2141014039516449,0.835951566696167,0.0,0.0,0.0,0.0,0.0,0.0,0.0,0.0,0.0,0.0,0.0,0.0
1761396952651923435,19165,1761396952651370387,,joint1,joint2,joint3,joint4,joint5,joint6,-0.00031403140746988356,-0.5378037691116333,-0.6396039724349976,0.031717170029878616,-0.2141014039516449,0.835951566696167,0.0,0.0,0.0,0.0,0.0,0.0,0.0,0.0,0.0,0.0,0.0,0.0
1761396952672012849,19166,1761396952671385808,,joint1,joint2,joint3,joint4,joint5,joint6,-0.00031403140746988356,-0.5378037691116333,-0.6396039724349976,0.031717170029878616,-0.2141014039516449,0.835951566696167,0.0,0.0,0.0,0.0,0.0,0.0,0.0,0.0,0.0,0.0,0.0,0.0
1761396952691875090,19167,1761396952691387667,,joint1,joint2,joint3,joint4,joint5,joint6,-0.00031403140746988356,-0.5378037691116333,-0.6396039724349976,0.031717170029878616,-0.2141014039516449,0.835951566696167,0.0,0.0,0.0,0.0,0.0,0.0,0.0,0.0,0.0,0.0,0.0,0.0
1761396952712180528,19168,1761396952711326996,,joint1,joint2,joint3,joint4,joint5,joint6,-0.00031403140746988356,-0.5378037691116333,-0.6396039724349976,0.031717170029878616,-0.2141014039516449,0.835951566696167,0.0,0.0,0.0,0.0,0.0,0.0,0.0,0.0,0.0,0.0,0.0,0.0
1761396952732227963,19169,1761396952731328975,,joint1,joint2,joint3,joint4,joint5,joint6,-0.00031403140746988356,-0.5378037691116333,-0.6396039724349976,0.031717170029878616,-0.2141014039516449,0.835951566696167,0.0,0.0,0.0,0.0,0.0,0.0,0.0,0.0,0.0,0.0,0.0,0.0
1761396952751788118,19170,1761396952751337898,,joint1,joint2,joint3,joint4,joint5,joint6,-0.00031403140746988356,-0.5378037691116333,-0.6396039724349976,0.031717170029878616,-0.2141014039516449,0.835951566696167,0.0,0.0,0.0,0.0,0.0,0.0,0.0,0.0,0.0,0.0,0.0,0.0
1761396952771914963,19171,1761396952771386877,,joint1,joint2,joint3,joint4,joint5,joint6,-0.00031403140746988356,-0.5378037691116333,-0.6396039724349976,0.031717170029878616,-0.2141014039516449,0.835951566696167,0.0,0.0,0.0,0.0,0.0,0.0,0.0,0.0,0.0,0.0,0.0,0.0
1761396952791945967,19172,1761396952791378731,,joint1,joint2,joint3,joint4,joint5,joint6,-0.00031403140746988356,-0.5378037691116333,-0.6396039724349976,0.031717170029878616,-0.2141014039516449,0.835951566696167,0.0,0.0,0.0,0.0,0.0,0.0,0.0,0.0,0.0,0.0,0.0,0.0
1761396952811975625,19173,1761396952811399549,,joint1,joint2,joint3,joint4,joint5,joint6,-0.00031403140746988356,-0.5378037691116333,-0.6396039724349976,0.031717170029878616,-0.2141014039516449,0.835951566696167,0.0,0.0,0.0,0.0,0.0,0.0,0.0,0.0,0.0,0.0,0.0,0.0
1761396952832058029,19174,1761396952831335208,,joint1,joint2,joint3,joint4,joint5,joint6,-0.00031403140746988356,-0.5378037691116333,-0.6396039724349976,0.031717170029878616,-0.2141014039516449,0.835951566696167,0.0,0.0,0.0,0.0,0.0,0.0,0.0,0.0,0.0,0.0,0.0,0.0
1761396952852426932,19175,1761396952851382853,,joint1,joint2,joint3,joint4,joint5,joint6,-0.00031403140746988356,-0.5378037691116333,-0.6396039724349976,0.031717170029878616,-0.2141014039516449,0.835951566696167,0.0,0.0,0.0,0.0,0.0,0.0,0.0,0.0,0.0,0.0,0.0,0.0
1761396952871833345,19176,1761396952871327011,,joint1,joint2,joint3,joint4,joint5,joint6,-0.00031403140746988356,-0.5378037691116333,-0.6396039724349976,0.031717170029878616,-0.2141014039516449,0.835951566696167,0.0,0.0,0.0,0.0,0.0,0.0,0.0,0.0,0.0,0.0,0.0,0.0
1761396952892132558,19177,1761396952891372831,,joint1,joint2,joint3,joint4,joint5,joint6,-0.00031403140746988356,-0.5378037691116333,-0.6396039724349976,0.031717170029878616,-0.2141014039516449,0.835951566696167,0.0,0.0,0.0,0.0,0.0,0.0,0.0,0.0,0.0,0.0,0.0,0.0
1761396952911888262,19178,1761396952911331843,,joint1,joint2,joint3,joint4,joint5,joint6,-0.00031403140746988356,-0.5378037691116333,-0.6396039724349976,0.031717170029878616,-0.2141014039516449,0.835951566696167,0.0,0.0,0.0,0.0,0.0,0.0,0.0,0.0,0.0,0.0,0.0,0.0
1761396952932046774,19179,1761396952931330622,,joint1,joint2,joint3,joint4,joint5,joint6,-0.00031403140746988356,-0.5378037691116333,-0.6396039724349976,0.031717170029878616,-0.2141014039516449,0.835951566696167,0.0,0.0,0.0,0.0,0.0,0.0,0.0,0.0,0.0,0.0,0.0,0.0
1761396952952191158,19180,1761396952951390352,,joint1,joint2,joint3,joint4,joint5,joint6,-0.00031403140746988356,-0.5378037691116333,-0.6396039724349976,0.031717170029878616,-0.2141014039516449,0.835951566696167,0.0,0.0,0.0,0.0,0.0,0.0,0.0,0.0,0.0,0.0,0.0,0.0
1761396952972135028,19181,1761396952971381391,,joint1,joint2,joint3,joint4,joint5,joint6,-0.00031403140746988356,-0.5378037691116333,-0.6396039724349976,0.031717170029878616,-0.2141014039516449,0.835951566696167,0.0,0.0,0.0,0.0,0.0,0.0,0.0,0.0,0.0,0.0,0.0,0.0
1761396952991869961,19182,1761396952991338774,,joint1,joint2,joint3,joint4,joint5,joint6,-0.00031403140746988356,-0.5378037691116333,-0.6396039724349976,0.031717170029878616,-0.2141014039516449,0.835951566696167,0.0,0.0,0.0,0.0,0.0,0.0,0.0,0.0,0.0,0.0,0.0,0.0
1761396953012170150,19183,1761396953011323762,,joint1,joint2,joint3,joint4,joint5,joint6,-0.00031403140746988356,-0.5378037691116333,-0.6396039724349976,0.031717170029878616,-0.2141014039516449,0.835951566696167,0.0,0.0,0.0,0.0,0.0,0.0,0.0,0.0,0.0,0.0,0.0,0.0
1761396953032328536,19184,1761396953031353474,,joint1,joint2,joint3,joint4,joint5,joint6,-0.00031403140746988356,-0.5378037691116333,-0.6396039724349976,0.031717170029878616,-0.2141014039516449,0.835951566696167,0.0,0.0,0.0,0.0,0.0,0.0,0.0,0.0,0.0,0.0,0.0,0.0
1761396953052449715,19185,1761396953051412471,,joint1,joint2,joint3,joint4,joint5,joint6,-0.00031403140746988356,-0.5378037691116333,-0.6396039724349976,0.031717170029878616,-0.2141014039516449,0.835951566696167,0.0,0.0,0.0,0.0,0.0,0.0,0.0,0.0,0.0,0.0,0.0,0.0
1761396953072263324,19186,1761396953071372213,,joint1,joint2,joint3,joint4,joint5,joint6,-0.00031403140746988356,-0.5378037691116333,-0.6396039724349976,0.031717170029878616,-0.2141014039516449,0.835951566696167,0.0,0.0,0.0,0.0,0.0,0.0,0.0,0.0,0.0,0.0,0.0,0.0
1761396953092100438,19187,1761396953091381221,,joint1,joint2,joint3,joint4,joint5,joint6,-0.00031403140746988356,-0.5378037691116333,-0.6396039724349976,0.031717170029878616,-0.2141014039516449,0.835951566696167,0.0,0.0,0.0,0.0,0.0,0.0,0.0,0.0,0.0,0.0,0.0,0.0
1761396953111879642,19188,1761396953111386627,,joint1,joint2,joint3,joint4,joint5,joint6,-0.00031403140746988356,-0.5378037691116333,-0.6396039724349976,0.031717170029878616,-0.2141014039516449,0.835951566696167,0.0,0.0,0.0,0.0,0.0,0.0,0.0,0.0,0.0,0.0,0.0,0.0
1761396953131968072,19189,1761396953131381883,,joint1,joint2,joint3,joint4,joint5,joint6,-0.00031403140746988356,-0.5378037691116333,-0.6396039724349976,0.031717170029878616,-0.2141014039516449,0.835951566696167,0.0,0.0,0.0,0.0,0.0,0.0,0.0,0.0,0.0,0.0,0.0,0.0
1761396953151917343,19190,1761396953151388457,,joint1,joint2,joint3,joint4,joint5,joint6,-0.00031403140746988356,-0.5378037691116333,-0.6396039724349976,0.031717170029878616,-0.2141014039516449,0.835951566696167,0.0,0.0,0.0,0.0,0.0,0.0,0.0,0.0,0.0,0.0,0.0,0.0
1761396953172193916,19191,1761396953171373143,,joint1,joint2,joint3,joint4,joint5,joint6,-0.00031403140746988356,-0.5378037691116333,-0.6396039724349976,0.031717170029878616,-0.2141014039516449,0.835951566696167,0.0,0.0,0.0,0.0,0.0,0.0,0.0,0.0,0.0,0.0,0.0,0.0
1761396953192013058,19192,1761396953191373463,,joint1,joint2,joint3,joint4,joint5,joint6,-0.00031403140746988356,-0.5378037691116333,-0.6396039724349976,0.031717170029878616,-0.2141014039516449,0.835951566696167,0.0,0.0,0.0,0.0,0.0,0.0,0.0,0.0,0.0,0.0,0.0,0.0
1761396953212151665,19193,1761396953211388349,,joint1,joint2,joint3,joint4,joint5,joint6,-0.00031403140746988356,-0.5378037691116333,-0.6396039724349976,0.031717170029878616,-0.2141014039516449,0.835951566696167,0.0,0.0,0.0,0.0,0.0,0.0,0.0,0.0,0.0,0.0,0.0,0.0
1761396953232291965,19194,1761396953231346533,,joint1,joint2,joint3,joint4,joint5,joint6,-0.00031403140746988356,-0.5378037691116333,-0.6396039724349976,0.031717170029878616,-0.2141014039516449,0.835951566696167,0.0,0.0,0.0,0.0,0.0,0.0,0.0,0.0,0.0,0.0,0.0,0.0
1761396953251936493,19195,1761396953251372004,,joint1,joint2,joint3,joint4,joint5,joint6,-0.00031403140746988356,-0.5378037691116333,-0.6396039724349976,0.031717170029878616,-0.2141014039516449,0.835951566696167,0.0,0.0,0.0,0.0,0.0,0.0,0.0,0.0,0.0,0.0,0.0,0.0
1761396953272201994,19196,1761396953271379018,,joint1,joint2,joint3,joint4,joint5,joint6,-0.00031403140746988356,-0.5378037691116333,-0.6396039724349976,0.031717170029878616,-0.2141014039516449,0.835951566696167,0.0,0.0,0.0,0.0,0.0,0.0,0.0,0.0,0.0,0.0,0.0,0.0
1761396953292056147,19197,1761396953291321066,,joint1,joint2,joint3,joint4,joint5,joint6,-0.00031403140746988356,-0.5378037691116333,-0.6396039724349976,0.031717170029878616,-0.2141014039516449,0.835951566696167,0.0,0.0,0.0,0.0,0.0,0.0,0.0,0.0,0.0,0.0,0.0,0.0
1761396953312018358,19198,1761396953311381201,,joint1,joint2,joint3,joint4,joint5,joint6,-0.00031403140746988356,-0.5378037691116333,-0.6396039724349976,0.031717170029878616,-0.2141014039516449,0.835951566696167,0.0,0.0,0.0,0.0,0.0,0.0,0.0,0.0,0.0,0.0,0.0,0.0
1761396953332183654,19199,1761396953331338280,,joint1,joint2,joint3,joint4,joint5,joint6,-0.00031403140746988356,-0.5378037691116333,-0.6396039724349976,0.031717170029878616,-0.2141014039516449,0.835951566696167,0.0,0.0,0.0,0.0,0.0,0.0,0.0,0.0,0.0,0.0,0.0,0.0
1761396953352389053,19200,1761396953351381621,,joint1,joint2,joint3,joint4,joint5,joint6,-0.00031403140746988356,-0.5378037691116333,-0.6396039724349976,0.031717170029878616,-0.2141014039516449,0.835951566696167,0.0,0.0,0.0,0.0,0.0,0.0,0.0,0.0,0.0,0.0,0.0,0.0
1761396953372188066,19201,1761396953371325897,,joint1,joint2,joint3,joint4,joint5,joint6,-0.00031403140746988356,-0.5378037691116333,-0.6396039724349976,0.031717170029878616,-0.2141014039516449,0.835951566696167,0.0,0.0,0.0,0.0,0.0,0.0,0.0,0.0,0.0,0.0,0.0,0.0
1761396953392041440,19202,1761396953391337673,,joint1,joint2,joint3,joint4,joint5,joint6,-0.00031403140746988356,-0.5378037691116333,-0.6396039724349976,0.031717170029878616,-0.2141014039516449,0.835951566696167,0.0,0.0,0.0,0.0,0.0,0.0,0.0,0.0,0.0,0.0,0.0,0.0
1761396953411834079,19203,1761396953411381762,,joint1,joint2,joint3,joint4,joint5,joint6,-0.00031403140746988356,-0.5378037691116333,-0.6396039724349976,0.031717170029878616,-0.2141014039516449,0.835951566696167,0.0,0.0,0.0,0.0,0.0,0.0,0.0,0.0,0.0,0.0,0.0,0.0
1761396953432285761,19204,1761396953431332296,,joint1,joint2,joint3,joint4,joint5,joint6,-0.00031403140746988356,-0.5378037691116333,-0.6396039724349976,0.031717170029878616,-0.2141014039516449,0.835951566696167,0.0,0.0,0.0,0.0,0.0,0.0,0.0,0.0,0.0,0.0,0.0,0.0
1761396953451950688,19205,1761396953451385838,,joint1,joint2,joint3,joint4,joint5,joint6,-0.00031403140746988356,-0.5378037691116333,-0.6396039724349976,0.031717170029878616,-0.2141014039516449,0.835951566696167,0.0,0.0,0.0,0.0,0.0,0.0,0.0,0.0,0.0,0.0,0.0,0.0
1761396953471945562,19206,1761396953471401053,,joint1,joint2,joint3,joint4,joint5,joint6,-0.00031403140746988356,-0.5378037691116333,-0.6396039724349976,0.031717170029878616,-0.2141014039516449,0.835951566696167,0.0,0.0,0.0,0.0,0.0,0.0,0.0,0.0,0.0,0.0,0.0,0.0
1761396953492120360,19207,1761396953491337692,,joint1,joint2,joint3,joint4,joint5,joint6,-0.00031403140746988356,-0.5378037691116333,-0.6396039724349976,0.031717170029878616,-0.2141014039516449,0.835951566696167,0.0,0.0,0.0,0.0,0.0,0.0,0.0,0.0,0.0,0.0,0.0,0.0
1761396953512076383,19208,1761396953511379461,,joint1,joint2,joint3,joint4,joint5,joint6,-0.00031403140746988356,-0.5378037691116333,-0.6396039724349976,0.031717170029878616,-0.2141014039516449,0.835951566696167,0.0,0.0,0.0,0.0,0.0,0.0,0.0,0.0,0.0,0.0,0.0,0.0
1761396953532259767,19209,1761396953531322296,,joint1,joint2,joint3,joint4,joint5,joint6,-0.00031403140746988356,-0.5378037691116333,-0.6396039724349976,0.031717170029878616,-0.2141014039516449,0.835951566696167,0.0,0.0,0.0,0.0,0.0,0.0,0.0,0.0,0.0,0.0,0.0,0.0
1761396953552083666,19210,1761396953551332779,,joint1,joint2,joint3,joint4,joint5,joint6,-0.00031403140746988356,-0.5378037691116333,-0.6396039724349976,0.031717170029878616,-0.2141014039516449,0.835951566696167,0.0,0.0,0.0,0.0,0.0,0.0,0.0,0.0,0.0,0.0,0.0,0.0
1761396953572377557,19211,1761396953571324582,,joint1,joint2,joint3,joint4,joint5,joint6,-0.00031403140746988356,-0.5378037691116333,-0.6396039724349976,0.031717170029878616,-0.2141014039516449,0.835951566696167,0.0,0.0,0.0,0.0,0.0,0.0,0.0,0.0,0.0,0.0,0.0,0.0
1761396953592172999,19212,1761396953591384135,,joint1,joint2,joint3,joint4,joint5,joint6,-0.00031403140746988356,-0.5378037691116333,-0.6396039724349976,0.031717170029878616,-0.2141014039516449,0.835951566696167,0.0,0.0,0.0,0.0,0.0,0.0,0.0,0.0,0.0,0.0,0.0,0.0
1761396953612200351,19213,1761396953611377338,,joint1,joint2,joint3,joint4,joint5,joint6,-0.00031403140746988356,-0.5378037691116333,-0.6396039724349976,0.031717170029878616,-0.2141014039516449,0.835951566696167,0.0,0.0,0.0,0.0,0.0,0.0,0.0,0.0,0.0,0.0,0.0,0.0
1761396953631944675,19214,1761396953631375236,,joint1,joint2,joint3,joint4,joint5,joint6,-0.00031403140746988356,-0.5378037691116333,-0.6396039724349976,0.031717170029878616,-0.2141014039516449,0.835951566696167,0.0,0.0,0.0,0.0,0.0,0.0,0.0,0.0,0.0,0.0,0.0,0.0
1761396953652263180,19215,1761396953651378974,,joint1,joint2,joint3,joint4,joint5,joint6,-0.00031403140746988356,-0.5378037691116333,-0.6396039724349976,0.031717170029878616,-0.2141014039516449,0.835951566696167,0.0,0.0,0.0,0.0,0.0,0.0,0.0,0.0,0.0,0.0,0.0,0.0
1761396953672013421,19216,1761396953671378901,,joint1,joint2,joint3,joint4,joint5,joint6,-0.00031403140746988356,-0.5378037691116333,-0.6396039724349976,0.031717170029878616,-0.2141014039516449,0.835951566696167,0.0,0.0,0.0,0.0,0.0,0.0,0.0,0.0,0.0,0.0,0.0,0.0
1761396953692213560,19217,1761396953691378255,,joint1,joint2,joint3,joint4,joint5,joint6,-0.00031403140746988356,-0.5378037691116333,-0.6396039724349976,0.031717170029878616,-0.2141014039516449,0.835951566696167,0.0,0.0,0.0,0.0,0.0,0.0,0.0,0.0,0.0,0.0,0.0,0.0
1761396953711913682,19218,1761396953711393300,,joint1,joint2,joint3,joint4,joint5,joint6,-0.00031403140746988356,-0.5378037691116333,-0.6396039724349976,0.031717170029878616,-0.2141014039516449,0.835951566696167,0.0,0.0,0.0,0.0,0.0,0.0,0.0,0.0,0.0,0.0,0.0,0.0
1761396953732088639,19219,1761396953731320525,,joint1,joint2,joint3,joint4,joint5,joint6,-0.00031403140746988356,-0.5378037691116333,-0.6396039724349976,0.031717170029878616,-0.2141014039516449,0.835951566696167,0.0,0.0,0.0,0.0,0.0,0.0,0.0,0.0,0.0,0.0,0.0,0.0
1761396953752027837,19220,1761396953751364068,,joint1,joint2,joint3,joint4,joint5,joint6,-0.00031403140746988356,-0.5378037691116333,-0.6396039724349976,0.031717170029878616,-0.2141014039516449,0.835951566696167,0.0,0.0,0.0,0.0,0.0,0.0,0.0,0.0,0.0,0.0,0.0,0.0
1761396953772363405,19221,1761396953771375215,,joint1,joint2,joint3,joint4,joint5,joint6,-0.00031403140746988356,-0.5378037691116333,-0.6396039724349976,0.031717170029878616,-0.2141014039516449,0.835951566696167,0.0,0.0,0.0,0.0,0.0,0.0,0.0,0.0,0.0,0.0,0.0,0.0
1761396953792283548,19222,1761396953791329633,,joint1,joint2,joint3,joint4,joint5,joint6,-0.00031403140746988356,-0.5378037691116333,-0.6396039724349976,0.031717170029878616,-0.2141014039516449,0.835951566696167,0.0,0.0,0.0,0.0,0.0,0.0,0.0,0.0,0.0,0.0,0.0,0.0
1761396953811906088,19223,1761396953811383117,,joint1,joint2,joint3,joint4,joint5,joint6,-0.00031403140746988356,-0.5378037691116333,-0.6396039724349976,0.031717170029878616,-0.2141014039516449,0.835951566696167,0.0,0.0,0.0,0.0,0.0,0.0,0.0,0.0,0.0,0.0,0.0,0.0
1761396953831847041,19224,1761396953831328496,,joint1,joint2,joint3,joint4,joint5,joint6,-0.00031403140746988356,-0.5378037691116333,-0.6396039724349976,0.031717170029878616,-0.2141014039516449,0.835951566696167,0.0,0.0,0.0,0.0,0.0,0.0,0.0,0.0,0.0,0.0,0.0,0.0
1761396953852359153,19225,1761396953851326417,,joint1,joint2,joint3,joint4,joint5,joint6,-0.00031403140746988356,-0.5378037691116333,-0.6396039724349976,0.031717170029878616,-0.2141014039516449,0.835951566696167,0.0,0.0,0.0,0.0,0.0,0.0,0.0,0.0,0.0,0.0,0.0,0.0
1761396953872195397,19226,1761396953871354058,,joint1,joint2,joint3,joint4,joint5,joint6,-0.00031403140746988356,-0.5378037691116333,-0.6396039724349976,0.031717170029878616,-0.2141014039516449,0.835951566696167,0.0,0.0,0.0,0.0,0.0,0.0,0.0,0.0,0.0,0.0,0.0,0.0
1761396953891964653,19227,1761396953891383022,,joint1,joint2,joint3,joint4,joint5,joint6,-0.00031403140746988356,-0.5378037691116333,-0.6396039724349976,0.031717170029878616,-0.2141014039516449,0.835951566696167,0.0,0.0,0.0,0.0,0.0,0.0,0.0,0.0,0.0,0.0,0.0,0.0
1761396953911986297,19228,1761396953911323537,,joint1,joint2,joint3,joint4,joint5,joint6,-0.00031403140746988356,-0.5378037691116333,-0.6396039724349976,0.031717170029878616,-0.2141014039516449,0.835951566696167,0.0,0.0,0.0,0.0,0.0,0.0,0.0,0.0,0.0,0.0,0.0,0.0
1761396953932203621,19229,1761396953931318608,,joint1,joint2,joint3,joint4,joint5,joint6,-0.00031403140746988356,-0.5378037691116333,-0.6396039724349976,0.031717170029878616,-0.2141014039516449,0.835951566696167,0.0,0.0,0.0,0.0,0.0,0.0,0.0,0.0,0.0,0.0,0.0,0.0
1761396953952151045,19230,1761396953951383635,,joint1,joint2,joint3,joint4,joint5,joint6,-0.00031403140746988356,-0.5378037691116333,-0.6396039724349976,0.031717170029878616,-0.2141014039516449,0.835951566696167,0.0,0.0,0.0,0.0,0.0,0.0,0.0,0.0,0.0,0.0,0.0,0.0
1761396953972285566,19231,1761396953971379775,,joint1,joint2,joint3,joint4,joint5,joint6,-0.00031403140746988356,-0.5378037691116333,-0.6396039724349976,0.031717170029878616,-0.2141014039516449,0.835951566696167,0.0,0.0,0.0,0.0,0.0,0.0,0.0,0.0,0.0,0.0,0.0,0.0
1761396953992187679,19232,1761396953991325804,,joint1,joint2,joint3,joint4,joint5,joint6,-0.00031403140746988356,-0.5378037691116333,-0.6396039724349976,0.031717170029878616,-0.2141014039516449,0.835951566696167,0.0,0.0,0.0,0.0,0.0,0.0,0.0,0.0,0.0,0.0,0.0,0.0
1761396954011921747,19233,1761396954011394308,,joint1,joint2,joint3,joint4,joint5,joint6,-0.00031403140746988356,-0.5378037691116333,-0.6396039724349976,0.031717170029878616,-0.2141014039516449,0.835951566696167,0.0,0.0,0.0,0.0,0.0,0.0,0.0,0.0,0.0,0.0,0.0,0.0
1761396954032204608,19234,1761396954031339685,,joint1,joint2,joint3,joint4,joint5,joint6,-0.00031403140746988356,-0.5378037691116333,-0.6396039724349976,0.031717170029878616,-0.2141014039516449,0.835951566696167,0.0,0.0,0.0,0.0,0.0,0.0,0.0,0.0,0.0,0.0,0.0,0.0
1761396954052154642,19235,1761396954051327495,,joint1,joint2,joint3,joint4,joint5,joint6,-0.00031403140746988356,-0.5378037691116333,-0.6396039724349976,0.031717170029878616,-0.2141014039516449,0.835951566696167,0.0,0.0,0.0,0.0,0.0,0.0,0.0,0.0,0.0,0.0,0.0,0.0
1761396954072327976,19236,1761396954071321389,,joint1,joint2,joint3,joint4,joint5,joint6,-0.00031403140746988356,-0.5378037691116333,-0.6396039724349976,0.031717170029878616,-0.2141014039516449,0.835951566696167,0.0,0.0,0.0,0.0,0.0,0.0,0.0,0.0,0.0,0.0,0.0,0.0
1761396954092237302,19237,1761396954091331810,,joint1,joint2,joint3,joint4,joint5,joint6,-0.00031403140746988356,-0.5378037691116333,-0.6396039724349976,0.031717170029878616,-0.2141014039516449,0.835951566696167,0.0,0.0,0.0,0.0,0.0,0.0,0.0,0.0,0.0,0.0,0.0,0.0
1761396954112387380,19238,1761396954111381387,,joint1,joint2,joint3,joint4,joint5,joint6,-0.00031403140746988356,-0.5378037691116333,-0.6396039724349976,0.031717170029878616,-0.2141014039516449,0.835951566696167,0.0,0.0,0.0,0.0,0.0,0.0,0.0,0.0,0.0,0.0,0.0,0.0
1761396954131965013,19239,1761396954131386548,,joint1,joint2,joint3,joint4,joint5,joint6,-0.00031403140746988356,-0.5378037691116333,-0.6396039724349976,0.031717170029878616,-0.2141014039516449,0.835951566696167,0.0,0.0,0.0,0.0,0.0,0.0,0.0,0.0,0.0,0.0,0.0,0.0
1761396954151861889,19240,1761396954151371599,,joint1,joint2,joint3,joint4,joint5,joint6,-0.00031403140746988356,-0.5378037691116333,-0.6396039724349976,0.031717170029878616,-0.2141014039516449,0.835951566696167,0.0,0.0,0.0,0.0,0.0,0.0,0.0,0.0,0.0,0.0,0.0,0.0
1761396954172330575,19241,1761396954171372384,,joint1,joint2,joint3,joint4,joint5,joint6,-0.00031403140746988356,-0.5378037691116333,-0.6396039724349976,0.031717170029878616,-0.2141014039516449,0.835951566696167,0.0,0.0,0.0,0.0,0.0,0.0,0.0,0.0,0.0,0.0,0.0,0.0
1761396954192368012,19242,1761396954191373555,,joint1,joint2,joint3,joint4,joint5,joint6,-0.00031403140746988356,-0.5378037691116333,-0.6396039724349976,0.031717170029878616,-0.2141014039516449,0.835951566696167,0.0,0.0,0.0,0.0,0.0,0.0,0.0,0.0,0.0,0.0,0.0,0.0
1761396954211910471,19243,1761396954211379334,,joint1,joint2,joint3,joint4,joint5,joint6,-0.00031403140746988356,-0.5378037691116333,-0.6396039724349976,0.031717170029878616,-0.2141014039516449,0.835951566696167,0.0,0.0,0.0,0.0,0.0,0.0,0.0,0.0,0.0,0.0,0.0,0.0
1761396954232384841,19244,1761396954231340401,,joint1,joint2,joint3,joint4,joint5,joint6,-0.00031403140746988356,-0.5378037691116333,-0.6396039724349976,0.031717170029878616,-0.2141014039516449,0.835951566696167,0.0,0.0,0.0,0.0,0.0,0.0,0.0,0.0,0.0,0.0,0.0,0.0
1761396954251882669,19245,1761396954251378203,,joint1,joint2,joint3,joint4,joint5,joint6,-0.00031403140746988356,-0.5378037691116333,-0.6396039724349976,0.031717170029878616,-0.2141014039516449,0.835951566696167,0.0,0.0,0.0,0.0,0.0,0.0,0.0,0.0,0.0,0.0,0.0,0.0
1761396954271956722,19246,1761396954271379196,,joint1,joint2,joint3,joint4,joint5,joint6,-0.00031403140746988356,-0.5378037691116333,-0.6396039724349976,0.031717170029878616,-0.2141014039516449,0.835951566696167,0.0,0.0,0.0,0.0,0.0,0.0,0.0,0.0,0.0,0.0,0.0,0.0
1761396954292133715,19247,1761396954291380811,,joint1,joint2,joint3,joint4,joint5,joint6,-0.00031403140746988356,-0.5378037691116333,-0.6396039724349976,0.031717170029878616,-0.2141014039516449,0.835951566696167,0.0,0.0,0.0,0.0,0.0,0.0,0.0,0.0,0.0,0.0,0.0,0.0
1761396954311889881,19248,1761396954311385529,,joint1,joint2,joint3,joint4,joint5,joint6,-0.00031403140746988356,-0.5378037691116333,-0.6396039724349976,0.031717170029878616,-0.2141014039516449,0.835951566696167,0.0,0.0,0.0,0.0,0.0,0.0,0.0,0.0,0.0,0.0,0.0,0.0
1761396954331925903,19249,1761396954331329938,,joint1,joint2,joint3,joint4,joint5,joint6,-0.00031403140746988356,-0.5378037691116333,-0.6396039724349976,0.031717170029878616,-0.2141014039516449,0.835951566696167,0.0,0.0,0.0,0.0,0.0,0.0,0.0,0.0,0.0,0.0,0.0,0.0
1761396954351960107,19250,1761396954351330978,,joint1,joint2,joint3,joint4,joint5,joint6,-0.00031403140746988356,-0.5378037691116333,-0.6396039724349976,0.031717170029878616,-0.2141014039516449,0.835951566696167,0.0,0.0,0.0,0.0,0.0,0.0,0.0,0.0,0.0,0.0,0.0,0.0
1761396954372399943,19251,1761396954371379850,,joint1,joint2,joint3,joint4,joint5,joint6,-0.00031403140746988356,-0.5378037691116333,-0.6396039724349976,0.031717170029878616,-0.2141014039516449,0.835951566696167,0.0,0.0,0.0,0.0,0.0,0.0,0.0,0.0,0.0,0.0,0.0,0.0
1761396954391907275,19252,1761396954391378759,,joint1,joint2,joint3,joint4,joint5,joint6,-0.00031403140746988356,-0.5378037691116333,-0.6396039724349976,0.031717170029878616,-0.2141014039516449,0.835951566696167,0.0,0.0,0.0,0.0,0.0,0.0,0.0,0.0,0.0,0.0,0.0,0.0
1761396954412301429,19253,1761396954411326726,,joint1,joint2,joint3,joint4,joint5,joint6,-0.00031403140746988356,-0.5378037691116333,-0.6396039724349976,0.031717170029878616,-0.2141014039516449,0.835951566696167,0.0,0.0,0.0,0.0,0.0,0.0,0.0,0.0,0.0,0.0,0.0,0.0
1761396954431831786,19254,1761396954431334721,,joint1,joint2,joint3,joint4,joint5,joint6,-0.00031403140746988356,-0.5378037691116333,-0.6396039724349976,0.031717170029878616,-0.2141014039516449,0.835951566696167,0.0,0.0,0.0,0.0,0.0,0.0,0.0,0.0,0.0,0.0,0.0,0.0
1761396954451878861,19255,1761396954451382428,,joint1,joint2,joint3,joint4,joint5,joint6,-0.00031403140746988356,-0.5378037691116333,-0.6396039724349976,0.031717170029878616,-0.2141014039516449,0.835951566696167,0.0,0.0,0.0,0.0,0.0,0.0,0.0,0.0,0.0,0.0,0.0,0.0
1761396954472114635,19256,1761396954471318411,,joint1,joint2,joint3,joint4,joint5,joint6,-0.00031403140746988356,-0.5378037691116333,-0.6396039724349976,0.031717170029878616,-0.2141014039516449,0.835951566696167,0.0,0.0,0.0,0.0,0.0,0.0,0.0,0.0,0.0,0.0,0.0,0.0
1761396954491864601,19257,1761396954491381418,,joint1,joint2,joint3,joint4,joint5,joint6,-0.00031403140746988356,-0.5378037691116333,-0.6396039724349976,0.031717170029878616,-0.2141014039516449,0.835951566696167,0.0,0.0,0.0,0.0,0.0,0.0,0.0,0.0,0.0,0.0,0.0,0.0
1761396954512370776,19258,1761396954511400810,,joint1,joint2,joint3,joint4,joint5,joint6,-0.00031403140746988356,-0.5378037691116333,-0.6396039724349976,0.031717170029878616,-0.2141014039516449,0.835951566696167,0.0,0.0,0.0,0.0,0.0,0.0,0.0,0.0,0.0,0.0,0.0,0.0
1761396954532081508,19259,1761396954531338333,,joint1,joint2,joint3,joint4,joint5,joint6,-0.00031403140746988356,-0.5378037691116333,-0.6396039724349976,0.031717170029878616,-0.2141014039516449,0.835951566696167,0.0,0.0,0.0,0.0,0.0,0.0,0.0,0.0,0.0,0.0,0.0,0.0
1761396954551859429,19260,1761396954551351680,,joint1,joint2,joint3,joint4,joint5,joint6,-0.00031403140746988356,-0.5378037691116333,-0.6396039724349976,0.031717170029878616,-0.2141014039516449,0.835951566696167,0.0,0.0,0.0,0.0,0.0,0.0,0.0,0.0,0.0,0.0,0.0,0.0
1761396954571903275,19261,1761396954571379084,,joint1,joint2,joint3,joint4,joint5,joint6,-0.00031403140746988356,-0.5378037691116333,-0.6396039724349976,0.031717170029878616,-0.2141014039516449,0.835951566696167,0.0,0.0,0.0,0.0,0.0,0.0,0.0,0.0,0.0,0.0,0.0,0.0
1761396954591746375,19262,1761396954591343709,,joint1,joint2,joint3,joint4,joint5,joint6,-0.00031403140746988356,-0.5378037691116333,-0.6396039724349976,0.031717170029878616,-0.2141014039516449,0.835951566696167,0.0,0.0,0.0,0.0,0.0,0.0,0.0,0.0,0.0,0.0,0.0,0.0
1761396954611742102,19263,1761396954611376229,,joint1,joint2,joint3,joint4,joint5,joint6,-0.00031403140746988356,-0.5378037691116333,-0.6396039724349976,0.031717170029878616,-0.2141014039516449,0.835951566696167,0.0,0.0,0.0,0.0,0.0,0.0,0.0,0.0,0.0,0.0,0.0,0.0
1761396954632343899,19264,1761396954631347035,,joint1,joint2,joint3,joint4,joint5,joint6,-0.00031403140746988356,-0.5378037691116333,-0.6396039724349976,0.031717170029878616,-0.2141014039516449,0.835951566696167,0.0,0.0,0.0,0.0,0.0,0.0,0.0,0.0,0.0,0.0,0.0,0.0
1761396954651834168,19265,1761396954651340830,,joint1,joint2,joint3,joint4,joint5,joint6,-0.00031403140746988356,-0.5378037691116333,-0.6396039724349976,0.031717170029878616,-0.2141014039516449,0.835951566696167,0.0,0.0,0.0,0.0,0.0,0.0,0.0,0.0,0.0,0.0,0.0,0.0
1761396954671923026,19266,1761396954671323374,,joint1,joint2,joint3,joint4,joint5,joint6,-0.00031403140746988356,-0.5378037691116333,-0.6396039724349976,0.031717170029878616,-0.2141014039516449,0.835951566696167,0.0,0.0,0.0,0.0,0.0,0.0,0.0,0.0,0.0,0.0,0.0,0.0
1761396954692224493,19267,1761396954691319032,,joint1,joint2,joint3,joint4,joint5,joint6,-0.00031403140746988356,-0.5378037691116333,-0.6396039724349976,0.031717170029878616,-0.2141014039516449,0.835951566696167,0.0,0.0,0.0,0.0,0.0,0.0,0.0,0.0,0.0,0.0,0.0,0.0
1761396954711877032,19268,1761396954711388651,,joint1,joint2,joint3,joint4,joint5,joint6,-0.00031403140746988356,-0.5378037691116333,-0.6396039724349976,0.031717170029878616,-0.2141014039516449,0.835951566696167,0.0,0.0,0.0,0.0,0.0,0.0,0.0,0.0,0.0,0.0,0.0,0.0
1761396954731762021,19269,1761396954731373647,,joint1,joint2,joint3,joint4,joint5,joint6,-0.00031403140746988356,-0.5378037691116333,-0.6396039724349976,0.031717170029878616,-0.2141014039516449,0.835951566696167,0.0,0.0,0.0,0.0,0.0,0.0,0.0,0.0,0.0,0.0,0.0,0.0
1761396954752168814,19270,1761396954751313748,,joint1,joint2,joint3,joint4,joint5,joint6,-0.00031403140746988356,-0.5378037691116333,-0.6396039724349976,0.031717170029878616,-0.2141014039516449,0.835951566696167,0.0,0.0,0.0,0.0,0.0,0.0,0.0,0.0,0.0,0.0,0.0,0.0
1761396954772100574,19271,1761396954771374956,,joint1,joint2,joint3,joint4,joint5,joint6,-0.00031403140746988356,-0.5378037691116333,-0.6396039724349976,0.031717170029878616,-0.2141014039516449,0.835951566696167,0.0,0.0,0.0,0.0,0.0,0.0,0.0,0.0,0.0,0.0,0.0,0.0
1761396954791960308,19272,1761396954791384849,,joint1,joint2,joint3,joint4,joint5,joint6,-0.00031403140746988356,-0.5378037691116333,-0.6396039724349976,0.031717170029878616,-0.2141014039516449,0.835951566696167,0.0,0.0,0.0,0.0,0.0,0.0,0.0,0.0,0.0,0.0,0.0,0.0
1761396954811839629,19273,1761396954811383443,,joint1,joint2,joint3,joint4,joint5,joint6,-0.00031403140746988356,-0.5378037691116333,-0.6396039724349976,0.031717170029878616,-0.2141014039516449,0.835951566696167,0.0,0.0,0.0,0.0,0.0,0.0,0.0,0.0,0.0,0.0,0.0,0.0
1761396954832093293,19274,1761396954831339560,,joint1,joint2,joint3,joint4,joint5,joint6,-0.00031403140746988356,-0.5378037691116333,-0.6396039724349976,0.031717170029878616,-0.2141014039516449,0.835951566696167,0.0,0.0,0.0,0.0,0.0,0.0,0.0,0.0,0.0,0.0,0.0,0.0
1761396954851964569,19275,1761396954851326120,,joint1,joint2,joint3,joint4,joint5,joint6,-0.00031403140746988356,-0.5378037691116333,-0.6396039724349976,0.031717170029878616,-0.2141014039516449,0.835951566696167,0.0,0.0,0.0,0.0,0.0,0.0,0.0,0.0,0.0,0.0,0.0,0.0
1761396954872226844,19276,1761396954871362299,,joint1,joint2,joint3,joint4,joint5,joint6,-0.00031403140746988356,-0.5378037691116333,-0.6396039724349976,0.031717170029878616,-0.2141014039516449,0.835951566696167,0.0,0.0,0.0,0.0,0.0,0.0,0.0,0.0,0.0,0.0,0.0,0.0
1761396954892368520,19277,1761396954891383925,,joint1,joint2,joint3,joint4,joint5,joint6,-0.00031403140746988356,-0.5378037691116333,-0.6396039724349976,0.031717170029878616,-0.2141014039516449,0.835951566696167,0.0,0.0,0.0,0.0,0.0,0.0,0.0,0.0,0.0,0.0,0.0,0.0
1761396954911933713,19278,1761396954911383625,,joint1,joint2,joint3,joint4,joint5,joint6,-0.00031403140746988356,-0.5378037691116333,-0.6396039724349976,0.031717170029878616,-0.2141014039516449,0.835951566696167,0.0,0.0,0.0,0.0,0.0,0.0,0.0,0.0,0.0,0.0,0.0,0.0
1761396954932301762,19279,1761396954931337455,,joint1,joint2,joint3,joint4,joint5,joint6,-0.00031403140746988356,-0.5378037691116333,-0.6396039724349976,0.031717170029878616,-0.2141014039516449,0.835951566696167,0.0,0.0,0.0,0.0,0.0,0.0,0.0,0.0,0.0,0.0,0.0,0.0
1761396954952159897,19280,1761396954951380147,,joint1,joint2,joint3,joint4,joint5,joint6,-0.00031403140746988356,-0.5378037691116333,-0.6396039724349976,0.031717170029878616,-0.2141014039516449,0.835951566696167,0.0,0.0,0.0,0.0,0.0,0.0,0.0,0.0,0.0,0.0,0.0,0.0
1761396954971889832,19281,1761396954971378893,,joint1,joint2,joint3,joint4,joint5,joint6,-0.00031403140746988356,-0.5378037691116333,-0.6396039724349976,0.031717170029878616,-0.2141014039516449,0.835951566696167,0.0,0.0,0.0,0.0,0.0,0.0,0.0,0.0,0.0,0.0,0.0,0.0
1761396954991877864,19282,1761396954991375671,,joint1,joint2,joint3,joint4,joint5,joint6,-0.00031403140746988356,-0.5378037691116333,-0.6396039724349976,0.031717170029878616,-0.2141014039516449,0.835951566696167,0.0,0.0,0.0,0.0,0.0,0.0,0.0,0.0,0.0,0.0,0.0,0.0
1761396955012060614,19283,1761396955011335672,,joint1,joint2,joint3,joint4,joint5,joint6,-0.00031403140746988356,-0.5378037691116333,-0.6396039724349976,0.031717170029878616,-0.2141014039516449,0.835951566696167,0.0,0.0,0.0,0.0,0.0,0.0,0.0,0.0,0.0,0.0,0.0,0.0
1761396955032078903,19284,1761396955031382777,,joint1,joint2,joint3,joint4,joint5,joint6,-0.00031403140746988356,-0.5378037691116333,-0.6396039724349976,0.031717170029878616,-0.2141014039516449,0.835951566696167,0.0,0.0,0.0,0.0,0.0,0.0,0.0,0.0,0.0,0.0,0.0,0.0
1761396955052065069,19285,1761396955051318284,,joint1,joint2,joint3,joint4,joint5,joint6,-0.00031403140746988356,-0.5378037691116333,-0.6396039724349976,0.031717170029878616,-0.2141014039516449,0.835951566696167,0.0,0.0,0.0,0.0,0.0,0.0,0.0,0.0,0.0,0.0,0.0,0.0
1761396955071851429,19286,1761396955071369572,,joint1,joint2,joint3,joint4,joint5,joint6,-0.00031403140746988356,-0.5378037691116333,-0.6396039724349976,0.031717170029878616,-0.2141014039516449,0.835951566696167,0.0,0.0,0.0,0.0,0.0,0.0,0.0,0.0,0.0,0.0,0.0,0.0
1761396955092137551,19287,1761396955091333230,,joint1,joint2,joint3,joint4,joint5,joint6,-0.00031403140746988356,-0.5378037691116333,-0.6396039724349976,0.031717170029878616,-0.2141014039516449,0.835951566696167,0.0,0.0,0.0,0.0,0.0,0.0,0.0,0.0,0.0,0.0,0.0,0.0
1761396955112297665,19288,1761396955111367559,,joint1,joint2,joint3,joint4,joint5,joint6,-0.00031403140746988356,-0.5378037691116333,-0.6396039724349976,0.031717170029878616,-0.2141014039516449,0.835951566696167,0.0,0.0,0.0,0.0,0.0,0.0,0.0,0.0,0.0,0.0,0.0,0.0
1761396955131909351,19289,1761396955131342936,,joint1,joint2,joint3,joint4,joint5,joint6,-0.00031403140746988356,-0.5378037691116333,-0.6396039724349976,0.031717170029878616,-0.2141014039516449,0.835951566696167,0.0,0.0,0.0,0.0,0.0,0.0,0.0,0.0,0.0,0.0,0.0,0.0
1761396955152248259,19290,1761396955151330977,,joint1,joint2,joint3,joint4,joint5,joint6,-0.00031403140746988356,-0.5378037691116333,-0.6396039724349976,0.031717170029878616,-0.2141014039516449,0.835951566696167,0.0,0.0,0.0,0.0,0.0,0.0,0.0,0.0,0.0,0.0,0.0,0.0
1761396955171847111,19291,1761396955171334908,,joint1,joint2,joint3,joint4,joint5,joint6,-0.00031403140746988356,-0.5378037691116333,-0.6396039724349976,0.031717170029878616,-0.2141014039516449,0.835951566696167,0.0,0.0,0.0,0.0,0.0,0.0,0.0,0.0,0.0,0.0,0.0,0.0
1761396955192118831,19292,1761396955191372212,,joint1,joint2,joint3,joint4,joint5,joint6,-0.00031403140746988356,-0.5378037691116333,-0.6396039724349976,0.031717170029878616,-0.2141014039516449,0.835951566696167,0.0,0.0,0.0,0.0,0.0,0.0,0.0,0.0,0.0,0.0,0.0,0.0
1761396955212295519,19293,1761396955211375881,,joint1,joint2,joint3,joint4,joint5,joint6,-0.00031403140746988356,-0.5378037691116333,-0.6396039724349976,0.031717170029878616,-0.2141014039516449,0.835951566696167,0.0,0.0,0.0,0.0,0.0,0.0,0.0,0.0,0.0,0.0,0.0,0.0
1761396955232390809,19294,1761396955231324420,,joint1,joint2,joint3,joint4,joint5,joint6,-0.00031403140746988356,-0.5378037691116333,-0.6396039724349976,0.031717170029878616,-0.2141014039516449,0.835951566696167,0.0,0.0,0.0,0.0,0.0,0.0,0.0,0.0,0.0,0.0,0.0,0.0
1761396955252263987,19295,1761396955251318737,,joint1,joint2,joint3,joint4,joint5,joint6,-0.00031403140746988356,-0.5378037691116333,-0.6396039724349976,0.031717170029878616,-0.2141014039516449,0.835951566696167,0.0,0.0,0.0,0.0,0.0,0.0,0.0,0.0,0.0,0.0,0.0,0.0
1761396955272158325,19296,1761396955271381494,,joint1,joint2,joint3,joint4,joint5,joint6,-0.00031403140746988356,-0.5378037691116333,-0.6396039724349976,0.031717170029878616,-0.2141014039516449,0.835951566696167,0.0,0.0,0.0,0.0,0.0,0.0,0.0,0.0,0.0,0.0,0.0,0.0
1761396955292140704,19297,1761396955291378771,,joint1,joint2,joint3,joint4,joint5,joint6,-0.00031403140746988356,-0.5378037691116333,-0.6396039724349976,0.031717170029878616,-0.2141014039516449,0.835951566696167,0.0,0.0,0.0,0.0,0.0,0.0,0.0,0.0,0.0,0.0,0.0,0.0
1761396955312188096,19298,1761396955311372746,,joint1,joint2,joint3,joint4,joint5,joint6,-0.00031403140746988356,-0.5378037691116333,-0.6396039724349976,0.031717170029878616,-0.2141014039516449,0.835951566696167,0.0,0.0,0.0,0.0,0.0,0.0,0.0,0.0,0.0,0.0,0.0,0.0
1761396955332076360,19299,1761396955331374176,,joint1,joint2,joint3,joint4,joint5,joint6,-0.00031403140746988356,-0.5378037691116333,-0.6396039724349976,0.031717170029878616,-0.2141014039516449,0.835951566696167,0.0,0.0,0.0,0.0,0.0,0.0,0.0,0.0,0.0,0.0,0.0,0.0
1761396955352320374,19300,1761396955351388055,,joint1,joint2,joint3,joint4,joint5,joint6,-0.00031403140746988356,-0.5378037691116333,-0.6396039724349976,0.031717170029878616,-0.2141014039516449,0.835951566696167,0.0,0.0,0.0,0.0,0.0,0.0,0.0,0.0,0.0,0.0,0.0,0.0
1761396955372394889,19301,1761396955371340026,,joint1,joint2,joint3,joint4,joint5,joint6,-0.00031403140746988356,-0.5378037691116333,-0.6396039724349976,0.031717170029878616,-0.2141014039516449,0.835951566696167,0.0,0.0,0.0,0.0,0.0,0.0,0.0,0.0,0.0,0.0,0.0,0.0
1761396955392357235,19302,1761396955391340836,,joint1,joint2,joint3,joint4,joint5,joint6,-0.00031403140746988356,-0.5378037691116333,-0.6396039724349976,0.031717170029878616,-0.2141014039516449,0.835951566696167,0.0,0.0,0.0,0.0,0.0,0.0,0.0,0.0,0.0,0.0,0.0,0.0
1761396955411860187,19303,1761396955411375046,,joint1,joint2,joint3,joint4,joint5,joint6,-0.00031403140746988356,-0.5378037691116333,-0.6396039724349976,0.031717170029878616,-0.2141014039516449,0.835951566696167,0.0,0.0,0.0,0.0,0.0,0.0,0.0,0.0,0.0,0.0,0.0,0.0
1761396955432190856,19304,1761396955431396508,,joint1,joint2,joint3,joint4,joint5,joint6,-0.00031403140746988356,-0.5378037691116333,-0.6396039724349976,0.031717170029878616,-0.2141014039516449,0.835951566696167,0.0,0.0,0.0,0.0,0.0,0.0,0.0,0.0,0.0,0.0,0.0,0.0
1761396955451943091,19305,1761396955451391815,,joint1,joint2,joint3,joint4,joint5,joint6,-0.00031403140746988356,-0.5378037691116333,-0.6396039724349976,0.031717170029878616,-0.2141014039516449,0.835951566696167,0.0,0.0,0.0,0.0,0.0,0.0,0.0,0.0,0.0,0.0,0.0,0.0
1761396955472222207,19306,1761396955471380331,,joint1,joint2,joint3,joint4,joint5,joint6,-0.00031403140746988356,-0.5378037691116333,-0.6396039724349976,0.031717170029878616,-0.2141014039516449,0.835951566696167,0.0,0.0,0.0,0.0,0.0,0.0,0.0,0.0,0.0,0.0,0.0,0.0
1761396955491832768,19307,1761396955491386618,,joint1,joint2,joint3,joint4,joint5,joint6,-0.00031403140746988356,-0.5378037691116333,-0.6396039724349976,0.031717170029878616,-0.2141014039516449,0.835951566696167,0.0,0.0,0.0,0.0,0.0,0.0,0.0,0.0,0.0,0.0,0.0,0.0
1761396955511908359,19308,1761396955511384137,,joint1,joint2,joint3,joint4,joint5,joint6,-0.00031403140746988356,-0.5378037691116333,-0.6396039724349976,0.031717170029878616,-0.2141014039516449,0.835951566696167,0.0,0.0,0.0,0.0,0.0,0.0,0.0,0.0,0.0,0.0,0.0,0.0
1761396955532369990,19309,1761396955531382205,,joint1,joint2,joint3,joint4,joint5,joint6,-0.00031403140746988356,-0.5378037691116333,-0.6396039724349976,0.031717170029878616,-0.2141014039516449,0.835951566696167,0.0,0.0,0.0,0.0,0.0,0.0,0.0,0.0,0.0,0.0,0.0,0.0
1761396955552227794,19310,1761396955551320453,,joint1,joint2,joint3,joint4,joint5,joint6,-0.00031403140746988356,-0.5378037691116333,-0.6396039724349976,0.031717170029878616,-0.2141014039516449,0.835951566696167,0.0,0.0,0.0,0.0,0.0,0.0,0.0,0.0,0.0,0.0,0.0,0.0
1761396955571872495,19311,1761396955571380261,,joint1,joint2,joint3,joint4,joint5,joint6,-0.00031403140746988356,-0.5378037691116333,-0.6396039724349976,0.031717170029878616,-0.2141014039516449,0.835951566696167,0.0,0.0,0.0,0.0,0.0,0.0,0.0,0.0,0.0,0.0,0.0,0.0
1761396955592282698,19312,1761396955591325156,,joint1,joint2,joint3,joint4,joint5,joint6,-0.00031403140746988356,-0.5378037691116333,-0.6396039724349976,0.031717170029878616,-0.2141014039516449,0.835951566696167,0.0,0.0,0.0,0.0,0.0,0.0,0.0,0.0,0.0,0.0,0.0,0.0
1761396955612101188,19313,1761396955611371873,,joint1,joint2,joint3,joint4,joint5,joint6,-0.00031403140746988356,-0.5378037691116333,-0.6396039724349976,0.031717170029878616,-0.2141014039516449,0.835951566696167,0.0,0.0,0.0,0.0,0.0,0.0,0.0,0.0,0.0,0.0,0.0,0.0
1761396955631884804,19314,1761396955631390978,,joint1,joint2,joint3,joint4,joint5,joint6,-0.00031403140746988356,-0.5378037691116333,-0.6396039724349976,0.031717170029878616,-0.21346133947372437,0.835951566696167,0.0,0.0,0.0,0.0,0.0,0.0,0.0,0.0,0.0,0.0,0.0,0.0
1761396955652549124,19315,1761396955651430573,,joint1,joint2,joint3,joint4,joint5,joint6,-0.00031403140746988356,-0.5378037691116333,-0.6396039724349976,0.031717170029878616,-0.21346133947372437,0.835951566696167,0.0,0.0,0.0,0.0,0.0,0.0,0.0,0.0,0.0,0.0,0.0,0.0
1761396955671918414,19316,1761396955671338352,,joint1,joint2,joint3,joint4,joint5,joint6,-0.00031403140746988356,-0.5378037691116333,-0.6396039724349976,0.031717170029878616,-0.21282127499580383,0.835951566696167,0.0,0.0,0.0,0.0,0.0,0.0,0.0,0.0,0.0,0.0,0.0,0.0
1761396955692061383,19317,1761396955691386265,,joint1,joint2,joint3,joint4,joint5,joint6,-0.00031403140746988356,-0.5378037691116333,-0.6396039724349976,0.031717170029878616,-0.21282127499580383,0.835951566696167,0.0,0.0,0.0,0.0,0.0,0.0,0.0,0.0,0.0,0.0,0.0,0.0
1761396955712319332,19318,1761396955711333674,,joint1,joint2,joint3,joint4,joint5,joint6,-0.00031403140746988356,-0.5378037691116333,-0.6396039724349976,0.031717170029878616,-0.21090109646320343,0.835951566696167,0.0,0.0,0.0,0.0,0.0,0.0,0.0,0.0,0.0,0.0,0.0,0.0
1761396955732071232,19319,1761396955731328917,,joint1,joint2,joint3,joint4,joint5,joint6,-0.00031403140746988356,-0.5378037691116333,-0.6396039724349976,0.031717170029878616,-0.21090109646320343,0.835951566696167,0.0,0.0,0.0,0.0,0.0,0.0,0.0,0.0,0.0,0.0,0.0,0.0
1761396955752061894,19320,1761396955751338624,,joint1,joint2,joint3,joint4,joint5,joint6,-0.00031403140746988356,-0.5378037691116333,-0.6396039724349976,0.031717170029878616,-0.2083408385515213,0.835951566696167,0.0,0.0,0.0,0.0,0.0,0.0,0.0,0.0,0.0,0.0,0.0,0.0
1761396955771981075,19321,1761396955771372226,,joint1,joint2,joint3,joint4,joint5,joint6,-0.00031403140746988356,-0.5378037691116333,-0.6396039724349976,0.031717170029878616,-0.20514051616191864,0.835951566696167,0.0,0.0,0.0,0.0,0.0,0.0,0.0,0.0,0.0,0.0,0.0,0.0
1761396955791893379,19322,1761396955791359304,,joint1,joint2,joint3,joint4,joint5,joint6,-0.00031403140746988356,-0.5378037691116333,-0.6396039724349976,0.031717170029878616,-0.20514051616191864,0.835951566696167,0.0,0.0,0.0,0.0,0.0,0.0,0.0,0.0,0.0,0.0,0.0,0.0
1761396955811985051,19323,1761396955811375251,,joint1,joint2,joint3,joint4,joint5,joint6,-0.00031403140746988356,-0.5378037691116333,-0.6396039724349976,0.031717170029878616,-0.2025802582502365,0.835951566696167,0.0,0.0,0.0,0.0,0.0,0.0,0.0,0.0,0.0,0.0,0.0,0.0
1761396955832026419,19324,1761396955831378806,,joint1,joint2,joint3,joint4,joint5,joint6,-0.00031403140746988356,-0.5378037691116333,-0.6396039724349976,0.031717170029878616,-0.2025802582502365,0.835951566696167,0.0,0.0,0.0,0.0,0.0,0.0,0.0,0.0,0.0,0.0,0.0,0.0
1761396955851865614,19325,1761396955851321689,,joint1,joint2,joint3,joint4,joint5,joint6,-0.00031403140746988356,-0.5378037691116333,-0.6396039724349976,0.031717170029878616,-0.19873987138271332,0.835951566696167,0.0,0.0,0.0,0.0,0.0,0.0,0.0,0.0,0.0,0.0,0.0,0.0
1761396955872098096,19326,1761396955871379333,,joint1,joint2,joint3,joint4,joint5,joint6,-0.00031403140746988356,-0.5378037691116333,-0.6396039724349976,0.031717170029878616,-0.19873987138271332,0.835951566696167,0.0,0.0,0.0,0.0,0.0,0.0,0.0,0.0,0.0,0.0,0.0,0.0
1761396955892166026,19327,1761396955891380307,,joint1,joint2,joint3,joint4,joint5,joint6,-0.00031403140746988356,-0.5378037691116333,-0.6396039724349976,0.031717170029878616,-0.19297929108142853,0.835951566696167,0.0,0.0,0.0,0.0,0.0,0.0,0.0,0.0,0.0,0.0,0.0,0.0
1761396955912084158,19328,1761396955911326140,,joint1,joint2,joint3,joint4,joint5,joint6,-0.00031403140746988356,-0.5378037691116333,-0.6396039724349976,0.031717170029878616,-0.19297929108142853,0.835951566696167,0.0,0.0,0.0,0.0,0.0,0.0,0.0,0.0,0.0,0.0,0.0,0.0
1761396955932158081,19329,1761396955931373516,,joint1,joint2,joint3,joint4,joint5,joint6,-0.00031403140746988356,-0.5378037691116333,-0.6396039724349976,0.031717170029878616,-0.18785879015922546,0.835951566696167,0.0,0.0,0.0,0.0,0.0,0.0,0.0,0.0,0.0,0.0,0.0,0.0
1761396955952122400,19330,1761396955951322045,,joint1,joint2,joint3,joint4,joint5,joint6,-0.00031403140746988356,-0.5378037691116333,-0.6396039724349976,0.031717170029878616,-0.1808180809020996,0.835951566696167,0.0,0.0,0.0,0.0,0.0,0.0,0.0,0.0,0.0,0.0,0.0,0.0
1761396955971895450,19331,1761396955971362181,,joint1,joint2,joint3,joint4,joint5,joint6,-0.00031403140746988356,-0.5378037691116333,-0.6396039724349976,0.031717170029878616,-0.1808180809020996,0.835951566696167,0.0,0.0,0.0,0.0,0.0,0.0,0.0,0.0,0.0,0.0,0.0,0.0
1761396955992100054,19332,1761396955991326291,,joint1,joint2,joint3,joint4,joint5,joint6,-0.00031403140746988356,-0.5378037691116333,-0.6396039724349976,0.031717170029878616,-0.17761775851249695,0.835951566696167,0.0,0.0,0.0,0.0,0.0,0.0,0.0,0.0,0.0,0.0,0.0,0.0
1761396956012190565,19333,1761396956011381962,,joint1,joint2,joint3,joint4,joint5,joint6,-0.00031403140746988356,-0.5378037691116333,-0.6396039724349976,0.031717170029878616,-0.17761775851249695,0.835951566696167,0.0,0.0,0.0,0.0,0.0,0.0,0.0,0.0,0.0,0.0,0.0,0.0
1761396956032380487,19334,1761396956031344459,,joint1,joint2,joint3,joint4,joint5,joint6,-0.00031403140746988356,-0.5378037691116333,-0.6396039724349976,0.031717170029878616,-0.1705770641565323,0.835951566696167,0.0,0.0,0.0,0.0,0.0,0.0,0.0,0.0,0.0,0.0,0.0,0.0
1761396956052128133,19335,1761396956051383717,,joint1,joint2,joint3,joint4,joint5,joint6,-0.00031403140746988356,-0.5378037691116333,-0.6396039724349976,0.031717170029878616,-0.1705770641565323,0.835951566696167,0.0,0.0,0.0,0.0,0.0,0.0,0.0,0.0,0.0,0.0,0.0,0.0
1761396956071882322,19336,1761396956071372267,,joint1,joint2,joint3,joint4,joint5,joint6,-0.00031403140746988356,-0.5378037691116333,-0.6396039724349976,0.031717170029878616,-0.1628962904214859,0.835951566696167,0.0,0.0,0.0,0.0,0.0,0.0,0.0,0.0,0.0,0.0,0.0,0.0
1761396956092238583,19337,1761396956091369438,,joint1,joint2,joint3,joint4,joint5,joint6,-0.00031403140746988356,-0.5378037691116333,-0.6396039724349976,0.031717170029878616,-0.1628962904214859,0.835951566696167,0.0,0.0,0.0,0.0,0.0,0.0,0.0,0.0,0.0,0.0,0.0,0.0
1761396956112279494,19338,1761396956111318731,,joint1,joint2,joint3,joint4,joint5,joint6,-0.00031403140746988356,-0.5378037691116333,-0.6396039724349976,0.031717170029878616,-0.15329532325267792,0.835951566696167,0.0,0.0,0.0,0.0,0.0,0.0,0.0,0.0,0.0,0.0,0.0,0.0
1761396956132015225,19339,1761396956131374612,,joint1,joint2,joint3,joint4,joint5,joint6,-0.00031403140746988356,-0.5378037691116333,-0.6396039724349976,0.031717170029878616,-0.14881488680839539,0.835951566696167,0.0,0.0,0.0,0.0,0.0,0.0,0.0,0.0,0.0,0.0,0.0,0.0
1761396956152305874,19340,1761396956151372554,,joint1,joint2,joint3,joint4,joint5,joint6,-0.00031403140746988356,-0.5378037691116333,-0.6396039724349976,0.031717170029878616,-0.14881488680839539,0.835951566696167,0.0,0.0,0.0,0.0,0.0,0.0,0.0,0.0,0.0,0.0,0.0,0.0
1761396956172413500,19341,1761396956171383457,,joint1,joint2,joint3,joint4,joint5,joint6,-0.00031403140746988356,-0.5378037691116333,-0.6396039724349976,0.031717170029878616,-0.13857385516166687,0.835951566696167,0.0,0.0,0.0,0.0,0.0,0.0,0.0,0.0,0.0,0.0,0.0,0.0
1761396956192063508,19342,1761396956191379170,,joint1,joint2,joint3,joint4,joint5,joint6,-0.00031403140746988356,-0.5378037691116333,-0.6396039724349976,0.031717170029878616,-0.13857385516166687,0.835951566696167,0.0,0.0,0.0,0.0,0.0,0.0,0.0,0.0,0.0,0.0,0.0,0.0
1761396956212418618,19343,1761396956211393018,,joint1,joint2,joint3,joint4,joint5,joint6,-0.00031403140746988356,-0.5378037691116333,-0.6396039724349976,0.031717170029878616,-0.12833283841609955,0.835951566696167,0.0,0.0,0.0,0.0,0.0,0.0,0.0,0.0,0.0,0.0,0.0,0.0
1761396956231878012,19344,1761396956231379742,,joint1,joint2,joint3,joint4,joint5,joint6,-0.00031403140746988356,-0.5378037691116333,-0.6396039724349976,0.031717170029878616,-0.12833283841609955,0.835951566696167,0.0,0.0,0.0,0.0,0.0,0.0,0.0,0.0,0.0,0.0,0.0,0.0
1761396956252247281,19345,1761396956251334718,,joint1,joint2,joint3,joint4,joint5,joint6,-0.00031403140746988356,-0.5378037691116333,-0.6396039724349976,0.031717170029878616,-0.1174517422914505,0.835951566696167,0.0,0.0,0.0,0.0,0.0,0.0,0.0,0.0,0.0,0.0,0.0,0.0
1761396956272257757,19346,1761396956271336893,,joint1,joint2,joint3,joint4,joint5,joint6,-0.00031403140746988356,-0.5378037691116333,-0.6396039724349976,0.031717170029878616,-0.1174517422914505,0.835951566696167,0.0,0.0,0.0,0.0,0.0,0.0,0.0,0.0,0.0,0.0,0.0,0.0
1761396956291928028,19347,1761396956291379505,,joint1,joint2,joint3,joint4,joint5,joint6,-0.00031403140746988356,-0.5378037691116333,-0.6396039724349976,0.031717170029878616,-0.11169116944074631,0.835951566696167,0.0,0.0,0.0,0.0,0.0,0.0,0.0,0.0,0.0,0.0,0.0,0.0
1761396956312301113,19348,1761396956311380507,,joint1,joint2,joint3,joint4,joint5,joint6,-0.00031403140746988356,-0.5378037691116333,-0.6396039724349976,0.031717170029878616,-0.09888988733291626,0.835951566696167,0.0,0.0,0.0,0.0,0.0,0.0,0.0,0.0,0.0,0.0,0.0,0.0
1761396956332089750,19349,1761396956331323854,,joint1,joint2,joint3,joint4,joint5,joint6,-0.00031403140746988356,-0.5378037691116333,-0.6396039724349976,0.031717170029878616,-0.09888988733291626,0.835951566696167,0.0,0.0,0.0,0.0,0.0,0.0,0.0,0.0,0.0,0.0,0.0,0.0
1761396956351913345,19350,1761396956351373082,,joint1,joint2,joint3,joint4,joint5,joint6,-0.00031403140746988356,-0.5378037691116333,-0.6396039724349976,0.031717170029878616,-0.08672866970300674,0.835951566696167,0.0,0.0,0.0,0.0,0.0,0.0,0.0,0.0,0.0,0.0,0.0,0.0
1761396956371972631,19351,1761396956371378418,,joint1,joint2,joint3,joint4,joint5,joint6,-0.00031403140746988356,-0.5378037691116333,-0.6396039724349976,0.031717170029878616,-0.08672866970300674,0.835951566696167,0.0,0.0,0.0,0.0,0.0,0.0,0.0,0.0,0.0,0.0,0.0,0.0
1761396956392196544,19352,1761396956391378720,,joint1,joint2,joint3,joint4,joint5,joint6,-0.00031403140746988356,-0.5378037691116333,-0.6396039724349976,0.031717170029878616,-0.07328733056783676,0.835951566696167,0.0,0.0,0.0,0.0,0.0,0.0,0.0,0.0,0.0,0.0,0.0,0.0
1761396956411833598,19353,1761396956411330270,,joint1,joint2,joint3,joint4,joint5,joint6,-0.00031403140746988356,-0.5378037691116333,-0.6396039724349976,0.031717170029878616,-0.07328733056783676,0.835951566696167,0.0,0.0,0.0,0.0,0.0,0.0,0.0,0.0,0.0,0.0,0.0,0.0
1761396956431953093,19354,1761396956431379748,,joint1,joint2,joint3,joint4,joint5,joint6,-0.00031403140746988356,-0.5378037691116333,-0.6396039724349976,0.031717170029878616,-0.05920591950416565,0.835951566696167,0.0,0.0,0.0,0.0,0.0,0.0,0.0,0.0,0.0,0.0,0.0,0.0
1761396956451854479,19355,1761396956451327994,,joint1,joint2,joint3,joint4,joint5,joint6,-0.00031403140746988356,-0.5378037691116333,-0.6396039724349976,0.031717170029878616,-0.05920591950416565,0.835951566696167,0.0,0.0,0.0,0.0,0.0,0.0,0.0,0.0,0.0,0.0,0.0,0.0
1761396956472101805,19356,1761396956471355214,,joint1,joint2,joint3,joint4,joint5,joint6,-0.00031403140746988356,-0.5378037691116333,-0.6396039724349976,0.031717170029878616,-0.05216521769762039,0.835951566696167,0.0,0.0,0.0,0.0,0.0,0.0,0.0,0.0,0.0,0.0,0.0,0.0
1761396956492187671,19357,1761396956491324218,,joint1,joint2,joint3,joint4,joint5,joint6,-0.00031403140746988356,-0.5378037691116333,-0.6396039724349976,0.031717170029878616,-0.037443745881319046,0.835951566696167,0.0,0.0,0.0,0.0,0.0,0.0,0.0,0.0,0.0,0.0,0.0,0.0
1761396956512224537,19358,1761396956511344907,,joint1,joint2,joint3,joint4,joint5,joint6,-0.00031403140746988356,-0.5378037691116333,-0.6396039724349976,0.031717170029878616,-0.037443745881319046,0.835951566696167,0.0,0.0,0.0,0.0,0.0,0.0,0.0,0.0,0.0,0.0,0.0,0.0
1761396956532122127,19359,1761396956531326908,,joint1,joint2,joint3,joint4,joint5,joint6,-0.00031403140746988356,-0.5378037691116333,-0.6396039724349976,0.031717170029878616,-0.021442145109176636,0.835951566696167,0.0,0.0,0.0,0.0,0.0,0.0,0.0,0.0,0.0,0.0,0.0,0.0
1761396956551926051,19360,1761396956551329899,,joint1,joint2,joint3,joint4,joint5,joint6,-0.00031403140746988356,-0.5378037691116333,-0.6396039724349976,0.031717170029878616,-0.021442145109176636,0.835951566696167,0.0,0.0,0.0,0.0,0.0,0.0,0.0,0.0,0.0,0.0,0.0,0.0
1761396956572334427,19361,1761396956571318862,,joint1,joint2,joint3,joint4,joint5,joint6,-0.00031403140746988356,-0.5378037691116333,-0.6396039724349976,0.031717170029878616,-0.005440543871372938,0.835951566696167,0.0,0.0,0.0,0.0,0.0,0.0,0.0,0.0,0.0,0.0,0.0,0.0
1761396956591936666,19362,1761396956591378609,,joint1,joint2,joint3,joint4,joint5,joint6,-0.00031403140746988356,-0.5378037691116333,-0.6396039724349976,0.031717170029878616,-0.005440543871372938,0.835951566696167,0.0,0.0,0.0,0.0,0.0,0.0,0.0,0.0,0.0,0.0,0.0,0.0
1761396956611973449,19363,1761396956611394031,,joint1,joint2,joint3,joint4,joint5,joint6,-0.00031403140746988356,-0.5378037691116333,-0.6396039724349976,0.031717170029878616,0.003520352067425847,0.835951566696167,0.0,0.0,0.0,0.0,0.0,0.0,0.0,0.0,0.0,0.0,0.0,0.0
1761396956631831240,19364,1761396956631326922,,joint1,joint2,joint3,joint4,joint5,joint6,-0.00031403140746988356,-0.5378037691116333,-0.6396039724349976,0.031717170029878616,0.003520352067425847,0.835951566696167,0.0,0.0,0.0,0.0,0.0,0.0,0.0,0.0,0.0,0.0,0.0,0.0
1761396956651805099,19365,1761396956651353137,,joint1,joint2,joint3,joint4,joint5,joint6,-0.00031403140746988356,-0.5378037691116333,-0.6396039724349976,0.031717170029878616,0.003520352067425847,0.835951566696167,0.0,0.0,0.0,0.0,0.0,0.0,0.0,0.0,0.0,0.0,0.0,0.0
1761396956671763913,19366,1761396956671315364,,joint1,joint2,joint3,joint4,joint5,joint6,-0.00031403140746988356,-0.5378037691116333,-0.6396039724349976,0.031717170029878616,0.0016001600306481123,0.835951566696167,0.0,0.0,0.0,0.0,0.0,0.0,0.0,0.0,0.0,0.0,0.0,0.0
1761396956692064090,19367,1761396956691380198,,joint1,joint2,joint3,joint4,joint5,joint6,-0.00031403140746988356,-0.5378037691116333,-0.6396039724349976,0.031717170029878616,0.0016001600306481123,0.835951566696167,0.0,0.0,0.0,0.0,0.0,0.0,0.0,0.0,0.0,0.0,0.0,0.0
1761396956712307742,19368,1761396956711338368,,joint1,joint2,joint3,joint4,joint5,joint6,-0.00031403140746988356,-0.5378037691116333,-0.6396039724349976,0.031717170029878616,-0.0009600960183888674,0.835951566696167,0.0,0.0,0.0,0.0,0.0,0.0,0.0,0.0,0.0,0.0,0.0,0.0
1761396956732048461,19369,1761396956731381520,,joint1,joint2,joint3,joint4,joint5,joint6,-0.00031403140746988356,-0.5378037691116333,-0.6396039724349976,0.031717170029878616,-0.0009600960183888674,0.835951566696167,0.0,0.0,0.0,0.0,0.0,0.0,0.0,0.0,0.0,0.0,0.0,0.0
1761396956752241971,19370,1761396956751372068,,joint1,joint2,joint3,joint4,joint5,joint6,-0.00031403140746988356,-0.5378037691116333,-0.6396039724349976,0.031717170029878616,-0.003520352067425847,0.835951566696167,0.0,0.0,0.0,0.0,0.0,0.0,0.0,0.0,0.0,0.0,0.0,0.0
1761396956772013192,19371,1761396956771384569,,joint1,joint2,joint3,joint4,joint5,joint6,-0.00031403140746988356,-0.5378037691116333,-0.6396039724349976,0.031717170029878616,-0.003520352067425847,0.835951566696167,0.0,0.0,0.0,0.0,0.0,0.0,0.0,0.0,0.0,0.0,0.0,0.0
1761396956792193557,19372,1761396956791318548,,joint1,joint2,joint3,joint4,joint5,joint6,-0.00031403140746988356,-0.5378037691116333,-0.6396039724349976,0.031717170029878616,-0.007360735908150673,0.835951566696167,0.0,0.0,0.0,0.0,0.0,0.0,0.0,0.0,0.0,0.0,0.0,0.0
1761396956811878198,19373,1761396956811339149,,joint1,joint2,joint3,joint4,joint5,joint6,-0.00031403140746988356,-0.5378037691116333,-0.6396039724349976,0.031717170029878616,-0.007360735908150673,0.835951566696167,0.0,0.0,0.0,0.0,0.0,0.0,0.0,0.0,0.0,0.0,0.0,0.0
1761396956832345781,19374,1761396956831370551,,joint1,joint2,joint3,joint4,joint5,joint6,-0.00031403140746988356,-0.5378037691116333,-0.6396039724349976,0.031717170029878616,-0.013121312484145164,0.835951566696167,0.0,0.0,0.0,0.0,0.0,0.0,0.0,0.0,0.0,0.0,0.0,0.0
1761396956852192194,19375,1761396956851320812,,joint1,joint2,joint3,joint4,joint5,joint6,-0.00031403140746988356,-0.5378037691116333,-0.6396039724349976,0.031717170029878616,-0.01952195167541504,0.835951566696167,0.0,0.0,0.0,0.0,0.0,0.0,0.0,0.0,0.0,0.0,0.0,0.0
1761396956872293915,19376,1761396956871383358,,joint1,joint2,joint3,joint4,joint5,joint6,-0.00031403140746988356,-0.5378037691116333,-0.6396039724349976,0.031717170029878616,-0.01952195167541504,0.835951566696167,0.0,0.0,0.0,0.0,0.0,0.0,0.0,0.0,0.0,0.0,0.0,0.0
1761396956892288979,19377,1761396956891371895,,joint1,joint2,joint3,joint4,joint5,joint6,-0.00031403140746988356,-0.5378037691116333,-0.6396039724349976,0.031717170029878616,-0.024642463773489,0.835951566696167,0.0,0.0,0.0,0.0,0.0,0.0,0.0,0.0,0.0,0.0,0.0,0.0
1761396956912265697,19378,1761396956911320156,,joint1,joint2,joint3,joint4,joint5,joint6,-0.00031403140746988356,-0.5378037691116333,-0.6396039724349976,0.031717170029878616,-0.024642463773489,0.835951566696167,0.0,0.0,0.0,0.0,0.0,0.0,0.0,0.0,0.0,0.0,0.0,0.0
1761396956931876458,19379,1761396956931384434,,joint1,joint2,joint3,joint4,joint5,joint6,-0.00031403140746988356,-0.5378037691116333,-0.6396039724349976,0.031717170029878616,-0.028482848778367043,0.835951566696167,0.0,0.0,0.0,0.0,0.0,0.0,0.0,0.0,0.0,0.0,0.0,0.0
1761396956951795932,19380,1761396956951317549,,joint1,joint2,joint3,joint4,joint5,joint6,-0.00031403140746988356,-0.5378037691116333,-0.6396039724349976,0.031717170029878616,-0.028482848778367043,0.835951566696167,0.0,0.0,0.0,0.0,0.0,0.0,0.0,0.0,0.0,0.0,0.0,0.0
1761396956971900583,19381,1761396956971381528,,joint1,joint2,joint3,joint4,joint5,joint6,-0.00031403140746988356,-0.5378037691116333,-0.6396039724349976,0.031717170029878616,-0.036803681403398514,0.835951566696167,0.0,0.0,0.0,0.0,0.0,0.0,0.0,0.0,0.0,0.0,0.0,0.0
1761396956992229500,19382,1761396956991323834,,joint1,joint2,joint3,joint4,joint5,joint6,-0.00031403140746988356,-0.5378037691116333,-0.6396039724349976,0.031717170029878616,-0.036803681403398514,0.835951566696167,0.0,0.0,0.0,0.0,0.0,0.0,0.0,0.0,0.0,0.0,0.0,0.0
1761396957011929092,19383,1761396957011373262,,joint1,joint2,joint3,joint4,joint5,joint6,-0.00031403140746988356,-0.5378037691116333,-0.6396039724349976,0.031717170029878616,-0.044484447687864304,0.835951566696167,0.0,0.0,0.0,0.0,0.0,0.0,0.0,0.0,0.0,0.0,0.0,0.0
1761396957032162693,19384,1761396957031383635,,joint1,joint2,joint3,joint4,joint5,joint6,-0.00031403140746988356,-0.5378037691116333,-0.6396039724349976,0.031717170029878616,-0.05344534292817116,0.835951566696167,0.0,0.0,0.0,0.0,0.0,0.0,0.0,0.0,0.0,0.0,0.0,0.0
1761396957051871842,19385,1761396957051382342,,joint1,joint2,joint3,joint4,joint5,joint6,-0.00031403140746988356,-0.5378037691116333,-0.6396039724349976,0.031717170029878616,-0.05344534292817116,0.835951566696167,0.0,0.0,0.0,0.0,0.0,0.0,0.0,0.0,0.0,0.0,0.0,0.0
1761396957071848470,19386,1761396957071379355,,joint1,joint2,joint3,joint4,joint5,joint6,-0.00031403140746988356,-0.5378037691116333,-0.6396039724349976,0.031717170029878616,-0.05792579427361488,0.835951566696167,0.0,0.0,0.0,0.0,0.0,0.0,0.0,0.0,0.0,0.0,0.0,0.0
1761396957092524606,19387,1761396957091406227,,joint1,joint2,joint3,joint4,joint5,joint6,-0.00031403140746988356,-0.5378037691116333,-0.6396039724349976,0.031717170029878616,-0.05792579427361488,0.835951566696167,0.0,0.0,0.0,0.0,0.0,0.0,0.0,0.0,0.0,0.0,0.0,0.0
1761396957112408615,19388,1761396957111360763,,joint1,joint2,joint3,joint4,joint5,joint6,-0.00031403140746988356,-0.5378037691116333,-0.6396039724349976,0.031717170029878616,-0.06688668578863144,0.835951566696167,0.0,0.0,0.0,0.0,0.0,0.0,0.0,0.0,0.0,0.0,0.0,0.0
1761396957132320277,19389,1761396957131392949,,joint1,joint2,joint3,joint4,joint5,joint6,-0.00031403140746988356,-0.5378037691116333,-0.6396039724349976,0.031717170029878616,-0.06688668578863144,0.835951566696167,0.0,0.0,0.0,0.0,0.0,0.0,0.0,0.0,0.0,0.0,0.0,0.0
1761396957151900027,19390,1761396957151334037,,joint1,joint2,joint3,joint4,joint5,joint6,-0.00031403140746988356,-0.5378037691116333,-0.6396039724349976,0.031717170029878616,-0.07712770998477936,0.835951566696167,0.0,0.0,0.0,0.0,0.0,0.0,0.0,0.0,0.0,0.0,0.0,0.0
1761396957172187653,19391,1761396957171323428,,joint1,joint2,joint3,joint4,joint5,joint6,-0.00031403140746988356,-0.5378037691116333,-0.6396039724349976,0.031717170029878616,-0.07712770998477936,0.835951566696167,0.0,0.0,0.0,0.0,0.0,0.0,0.0,0.0,0.0,0.0,0.0,0.0
1761396957192117307,19392,1761396957191329821,,joint1,joint2,joint3,joint4,joint5,joint6,-0.00031403140746988356,-0.5378037691116333,-0.6396039724349976,0.031717170029878616,-0.08928892761468887,0.835951566696167,0.0,0.0,0.0,0.0,0.0,0.0,0.0,0.0,0.0,0.0,0.0,0.0
1761396957212386568,19393,1761396957211330600,,joint1,joint2,joint3,joint4,joint5,joint6,-0.00031403140746988356,-0.5378037691116333,-0.6396039724349976,0.031717170029878616,-0.09440944343805313,0.835951566696167,0.0,0.0,0.0,0.0,0.0,0.0,0.0,0.0,0.0,0.0,0.0,0.0
1761396957232047167,19394,1761396957231383323,,joint1,joint2,joint3,joint4,joint5,joint6,-0.00031403140746988356,-0.5378037691116333,-0.6396039724349976,0.031717170029878616,-0.09440944343805313,0.835951566696167,0.0,0.0,0.0,0.0,0.0,0.0,0.0,0.0,0.0,0.0,0.0,0.0
1761396957251865561,19395,1761396957251367609,,joint1,joint2,joint3,joint4,joint5,joint6,-0.00031403140746988356,-0.5378037691116333,-0.6396039724349976,0.031717170029878616,-0.10721071809530258,0.835951566696167,0.0,0.0,0.0,0.0,0.0,0.0,0.0,0.0,0.0,0.0,0.0,0.0
1761396957272246777,19396,1761396957271372068,,joint1,joint2,joint3,joint4,joint5,joint6,-0.00031403140746988356,-0.5378037691116333,-0.6396039724349976,0.031717170029878616,-0.10721071809530258,0.835951566696167,0.0,0.0,0.0,0.0,0.0,0.0,0.0,0.0,0.0,0.0,0.0,0.0
1761396957292463864,19397,1761396957291396059,,joint1,joint2,joint3,joint4,joint5,joint6,-0.00031403140746988356,-0.5378037691116333,-0.6396039724349976,0.031717170029878616,-0.1193719357252121,0.835951566696167,0.0,0.0,0.0,0.0,0.0,0.0,0.0,0.0,0.0,0.0,0.0,0.0
1761396957312039779,19398,1761396957311343892,,joint1,joint2,joint3,joint4,joint5,joint6,-0.00031403140746988356,-0.5378037691116333,-0.6396039724349976,0.031717170029878616,-0.1193719357252121,0.835951566696167,0.0,0.0,0.0,0.0,0.0,0.0,0.0,0.0,0.0,0.0,0.0,0.0
1761396957332313096,19399,1761396957331384442,,joint1,joint2,joint3,joint4,joint5,joint6,-0.00031403140746988356,-0.5378037691116333,-0.6396039724349976,0.031717170029878616,-0.13281327486038208,0.835951566696167,0.0,0.0,0.0,0.0,0.0,0.0,0.0,0.0,0.0,0.0,0.0,0.0
1761396957352165194,19400,1761396957351372945,,joint1,joint2,joint3,joint4,joint5,joint6,-0.00031403140746988356,-0.5378037691116333,-0.6396039724349976,0.031717170029878616,-0.13281327486038208,0.835951566696167,0.0,0.0,0.0,0.0,0.0,0.0,0.0,0.0,0.0,0.0,0.0,0.0
1761396957371823592,19401,1761396957371372220,,joint1,joint2,joint3,joint4,joint5,joint6,-0.00031403140746988356,-0.5378037691116333,-0.6396039724349976,0.031717170029878616,-0.1468946933746338,0.835951566696167,0.0,0.0,0.0,0.0,0.0,0.0,0.0,0.0,0.0,0.0,0.0,0.0
1761396957391919707,19402,1761396957391356779,,joint1,joint2,joint3,joint4,joint5,joint6,-0.00031403140746988356,-0.5378037691116333,-0.6396039724349976,0.031717170029878616,-0.15457545220851898,0.835951566696167,0.0,0.0,0.0,0.0,0.0,0.0,0.0,0.0,0.0,0.0,0.0,0.0
1761396957412376003,19403,1761396957411385157,,joint1,joint2,joint3,joint4,joint5,joint6,-0.00031403140746988356,-0.5378037691116333,-0.6396039724349976,0.031717170029878616,-0.15457545220851898,0.835951566696167,0.0,0.0,0.0,0.0,0.0,0.0,0.0,0.0,0.0,0.0,0.0,0.0
1761396957432167345,19404,1761396957431360474,,joint1,joint2,joint3,joint4,joint5,joint6,-0.00031403140746988356,-0.5378037691116333,-0.6396039724349976,0.031717170029878616,-0.16993699967861176,0.835951566696167,0.0,0.0,0.0,0.0,0.0,0.0,0.0,0.0,0.0,0.0,0.0,0.0
1761396957452266259,19405,1761396957451317000,,joint1,joint2,joint3,joint4,joint5,joint6,-0.00031403140746988356,-0.5378037691116333,-0.6396039724349976,0.031717170029878616,-0.16993699967861176,0.835951566696167,0.0,0.0,0.0,0.0,0.0,0.0,0.0,0.0,0.0,0.0,0.0,0.0
1761396957472330538,19406,1761396957471344037,,joint1,joint2,joint3,joint4,joint5,joint6,-0.00031403140746988356,-0.5378037691116333,-0.6396039724349976,0.031717170029878616,-0.18529853224754333,0.835951566696167,0.0,0.0,0.0,0.0,0.0,0.0,0.0,0.0,0.0,0.0,0.0,0.0
1761396957492397585,19407,1761396957491392109,,joint1,joint2,joint3,joint4,joint5,joint6,-0.00031403140746988356,-0.5378037691116333,-0.6396039724349976,0.031717170029878616,-0.18529853224754333,0.835951566696167,0.0,0.0,0.0,0.0,0.0,0.0,0.0,0.0,0.0,0.0,0.0,0.0
1761396957512343039,19408,1761396957511323642,,joint1,joint2,joint3,joint4,joint5,joint6,-0.00031403140746988356,-0.5378037691116333,-0.6396039724349976,0.031717170029878616,-0.20194019377231598,0.835951566696167,0.0,0.0,0.0,0.0,0.0,0.0,0.0,0.0,0.0,0.0,0.0,0.0
1761396957532316695,19409,1761396957531362921,,joint1,joint2,joint3,joint4,joint5,joint6,-0.00031403140746988356,-0.5378037691116333,-0.6396039724349976,0.031717170029878616,-0.2102610319852829,0.835951566696167,0.0,0.0,0.0,0.0,0.0,0.0,0.0,0.0,0.0,0.0,0.0,0.0
1761396957552123114,19410,1761396957551332169,,joint1,joint2,joint3,joint4,joint5,joint6,-0.00031403140746988356,-0.5378037691116333,-0.6396039724349976,0.031717170029878616,-0.2102610319852829,0.835951566696167,0.0,0.0,0.0,0.0,0.0,0.0,0.0,0.0,0.0,0.0,0.0,0.0
1761396957572339693,19411,1761396957571366156,,joint1,joint2,joint3,joint4,joint5,joint6,-0.00031403140746988356,-0.5378037691116333,-0.6396039724349976,0.031717170029878616,-0.22754275798797607,0.835951566696167,0.0,0.0,0.0,0.0,0.0,0.0,0.0,0.0,0.0,0.0,0.0,0.0
1761396957591965250,19412,1761396957591380042,,joint1,joint2,joint3,joint4,joint5,joint6,-0.00031403140746988356,-0.5378037691116333,-0.6396039724349976,0.031717170029878616,-0.22754275798797607,0.835951566696167,0.0,0.0,0.0,0.0,0.0,0.0,0.0,0.0,0.0,0.0,0.0,0.0
1761396957612102793,19413,1761396957611381048,,joint1,joint2,joint3,joint4,joint5,joint6,-0.00031403140746988356,-0.5378037691116333,-0.6396039724349976,0.031717170029878616,-0.24546454846858978,0.835951566696167,0.0,0.0,0.0,0.0,0.0,0.0,0.0,0.0,0.0,0.0,0.0,0.0
1761396957632315307,19414,1761396957631383508,,joint1,joint2,joint3,joint4,joint5,joint6,-0.00031403140746988356,-0.5378037691116333,-0.6396039724349976,0.031717170029878616,-0.24546454846858978,0.835951566696167,0.0,0.0,0.0,0.0,0.0,0.0,0.0,0.0,0.0,0.0,0.0,0.0
1761396957651852141,19415,1761396957651312324,,joint1,joint2,joint3,joint4,joint5,joint6,-0.00031403140746988356,-0.5378037691116333,-0.6396039724349976,0.031717170029878616,-0.26466646790504456,0.835951566696167,0.0,0.0,0.0,0.0,0.0,0.0,0.0,0.0,0.0,0.0,0.0,0.0
1761396957672100683,19416,1761396957671332904,,joint1,joint2,joint3,joint4,joint5,joint6,-0.00031403140746988356,-0.5378037691116333,-0.6396039724349976,0.031717170029878616,-0.26466646790504456,0.835951566696167,0.0,0.0,0.0,0.0,0.0,0.0,0.0,0.0,0.0,0.0,0.0,0.0
1761396957692282263,19417,1761396957691380141,,joint1,joint2,joint3,joint4,joint5,joint6,-0.00031403140746988356,-0.5378037691116333,-0.6396039724349976,0.031717170029878616,-0.273627370595932,0.835951566696167,0.0,0.0,0.0,0.0,0.0,0.0,0.0,0.0,0.0,0.0,0.0,0.0
1761396957711967653,19418,1761396957711337059,,joint1,joint2,joint3,joint4,joint5,joint6,-0.00031403140746988356,-0.5378037691116333,-0.6396039724349976,0.031717170029878616,-0.273627370595932,0.835951566696167,0.0,0.0,0.0,0.0,0.0,0.0,0.0,0.0,0.0,0.0,0.0,0.0
1761396957732200016,19419,1761396957731383637,,joint1,joint2,joint3,joint4,joint5,joint6,-0.00031403140746988356,-0.5378037691116333,-0.6396039724349976,0.031717170029878616,-0.2934693396091461,0.835951566696167,0.0,0.0,0.0,0.0,0.0,0.0,0.0,0.0,0.0,0.0,0.0,0.0
1761396957752082530,19420,1761396957751324077,,joint1,joint2,joint3,joint4,joint5,joint6,-0.00031403140746988356,-0.5378037691116333,-0.6396039724349976,0.031717170029878616,-0.31395140290260315,0.835951566696167,0.0,0.0,0.0,0.0,0.0,0.0,0.0,0.0,0.0,0.0,0.0,0.0
1761396957772373602,19421,1761396957771327061,,joint1,joint2,joint3,joint4,joint5,joint6,-0.00031403140746988356,-0.5378037691116333,-0.6396039724349976,0.031717170029878616,-0.31395140290260315,0.835951566696167,0.0,0.0,0.0,0.0,0.0,0.0,0.0,0.0,0.0,0.0,0.0,0.0
1761396957792366496,19422,1761396957791382970,,joint1,joint2,joint3,joint4,joint5,joint6,-0.00031403140746988356,-0.5378037691116333,-0.6396039724349976,0.031717170029878616,-0.3350735008716583,0.835951566696167,0.0,0.0,0.0,0.0,0.0,0.0,0.0,0.0,0.0,0.0,0.0,0.0
1761396957812273736,19423,1761396957811374833,,joint1,joint2,joint3,joint4,joint5,joint6,-0.00031403140746988356,-0.5378037691116333,-0.6396039724349976,0.031717170029878616,-0.3350735008716583,0.835951566696167,0.0,0.0,0.0,0.0,0.0,0.0,0.0,0.0,0.0,0.0,0.0,0.0
1761396957831941711,19424,1761396957831378947,,joint1,joint2,joint3,joint4,joint5,joint6,-0.00031403140746988356,-0.5378037691116333,-0.6396039724349976,0.031717170029878616,-0.3568356931209564,0.835951566696167,0.0,0.0,0.0,0.0,0.0,0.0,0.0,0.0,0.0,0.0,0.0,0.0
1761396957852076775,19425,1761396957851366977,,joint1,joint2,joint3,joint4,joint5,joint6,-0.00031403140746988356,-0.5378037691116333,-0.6396039724349976,0.031717170029878616,-0.3568356931209564,0.835951566696167,0.0,0.0,0.0,0.0,0.0,0.0,0.0,0.0,0.0,0.0,0.0,0.0
1761396957872178520,19426,1761396957871342506,,joint1,joint2,joint3,joint4,joint5,joint6,-0.00031403140746988356,-0.5378037691116333,-0.6396039724349976,0.031717170029878616,-0.3677167594432831,0.835951566696167,0.0,0.0,0.0,0.0,0.0,0.0,0.0,0.0,0.0,0.0,0.0,0.0
1761396957892196071,19427,1761396957891318101,,joint1,joint2,joint3,joint4,joint5,joint6,-0.00031403140746988356,-0.5378037691116333,-0.6396039724349976,0.031717170029878616,-0.39075908064842224,0.835951566696167,0.0,0.0,0.0,0.0,0.0,0.0,0.0,0.0,0.0,0.0,0.0,0.0
1761396957912054501,19428,1761396957911331929,,joint1,joint2,joint3,joint4,joint5,joint6,-0.00031403140746988356,-0.5378037691116333,-0.6396039724349976,0.031717170029878616,-0.39075908064842224,0.835951566696167,0.0,0.0,0.0,0.0,0.0,0.0,0.0,0.0,0.0,0.0,0.0,0.0
1761396957931934051,19429,1761396957931380489,,joint1,joint2,joint3,joint4,joint5,joint6,-0.00031403140746988356,-0.5378037691116333,-0.6396039724349976,0.031717170029878616,-0.413801372051239,0.835951566696167,0.0,0.0,0.0,0.0,0.0,0.0,0.0,0.0,0.0,0.0,0.0,0.0
1761396957952079415,19430,1761396957951320560,,joint1,joint2,joint3,joint4,joint5,joint6,-0.00031403140746988356,-0.5378037691116333,-0.6396039724349976,0.031717170029878616,-0.413801372051239,0.835951566696167,0.0,0.0,0.0,0.0,0.0,0.0,0.0,0.0,0.0,0.0,0.0,0.0
1761396957972291788,19431,1761396957971331232,,joint1,joint2,joint3,joint4,joint5,joint6,-0.00031403140746988356,-0.5378037691116333,-0.6396039724349976,0.031717170029878616,-0.4374837577342987,0.835951566696167,0.0,0.0,0.0,0.0,0.0,0.0,0.0,0.0,0.0,0.0,0.0,0.0
1761396957992274485,19432,1761396957991326898,,joint1,joint2,joint3,joint4,joint5,joint6,-0.00031403140746988356,-0.5378037691116333,-0.6396039724349976,0.031717170029878616,-0.4374837577342987,0.835951566696167,0.0,0.0,0.0,0.0,0.0,0.0,0.0,0.0,0.0,0.0,0.0,0.0
1761396958012031088,19433,1761396958011350360,,joint1,joint2,joint3,joint4,joint5,joint6,-0.00031403140746988356,-0.5378037691116333,-0.6396039724349976,0.031717170029878616,-0.45028501749038696,0.835951566696167,0.0,0.0,0.0,0.0,0.0,0.0,0.0,0.0,0.0,0.0,0.0,0.0
1761396958031909893,19434,1761396958031344821,,joint1,joint2,joint3,joint4,joint5,joint6,-0.00031403140746988356,-0.5378037691116333,-0.6396039724349976,0.031717170029878616,-0.45028501749038696,0.835951566696167,0.0,0.0,0.0,0.0,0.0,0.0,0.0,0.0,0.0,0.0,0.0,0.0
1761396958051997235,19435,1761396958051375099,,joint1,joint2,joint3,joint4,joint5,joint6,-0.00031403140746988356,-0.5378037691116333,-0.6396039724349976,0.031717170029878616,-0.4752475321292877,0.835951566696167,0.0,0.0,0.0,0.0,0.0,0.0,0.0,0.0,0.0,0.0,0.0,0.0
1761396958072406888,19436,1761396958071372605,,joint1,joint2,joint3,joint4,joint5,joint6,-0.00031403140746988356,-0.5378037691116333,-0.6396039724349976,0.031717170029878616,-0.4752475321292877,0.835951566696167,0.0,0.0,0.0,0.0,0.0,0.0,0.0,0.0,0.0,0.0,0.0,0.0
1761396958091971112,19437,1761396958091379060,,joint1,joint2,joint3,joint4,joint5,joint6,-0.00031403140746988356,-0.5378037691116333,-0.6396039724349976,0.031717170029878616,-0.4752475321292877,0.835951566696167,0.0,0.0,0.0,0.0,0.0,0.0,0.0,0.0,0.0,0.0,0.0,0.0
1761396958111915308,19438,1761396958111385729,,joint1,joint2,joint3,joint4,joint5,joint6,-0.00031403140746988356,-0.5378037691116333,-0.6396039724349976,0.031717170029878616,-0.4746074676513672,0.835951566696167,0.0,0.0,0.0,0.0,0.0,0.0,0.0,0.0,0.0,0.0,0.0,0.0
1761396958132014508,19439,1761396958131384979,,joint1,joint2,joint3,joint4,joint5,joint6,-0.00031403140746988356,-0.5378037691116333,-0.6396039724349976,0.031717170029878616,-0.4746074676513672,0.835951566696167,0.0,0.0,0.0,0.0,0.0,0.0,0.0,0.0,0.0,0.0,0.0,0.0
1761396958152129515,19440,1761396958151398880,,joint1,joint2,joint3,joint4,joint5,joint6,-0.00031403140746988356,-0.5378037691116333,-0.6396039724349976,0.031717170029878616,-0.4726872742176056,0.835951566696167,0.0,0.0,0.0,0.0,0.0,0.0,0.0,0.0,0.0,0.0,0.0,0.0
1761396958172113200,19441,1761396958171383362,,joint1,joint2,joint3,joint4,joint5,joint6,-0.00031403140746988356,-0.5378037691116333,-0.6396039724349976,0.031717170029878616,-0.4726872742176056,0.835951566696167,0.0,0.0,0.0,0.0,0.0,0.0,0.0,0.0,0.0,0.0,0.0,0.0
1761396958192217798,19442,1761396958191382738,,joint1,joint2,joint3,joint4,joint5,joint6,-0.00031403140746988356,-0.5378037691116333,-0.6396039724349976,0.031717170029878616,-0.4688468873500824,0.835951566696167,0.0,0.0,0.0,0.0,0.0,0.0,0.0,0.0,0.0,0.0,0.0,0.0
1761396958215304594,19443,1761396958214691511,,joint1,joint2,joint3,joint4,joint5,joint6,-0.00031403140746988356,-0.5378037691116333,-0.6396039724349976,0.031717170029878616,-0.46564656496047974,0.835951566696167,0.0,0.0,0.0,0.0,0.0,0.0,0.0,0.0,0.0,0.0,0.0,0.0
1761396958231875200,19444,1761396958231372971,,joint1,joint2,joint3,joint4,joint5,joint6,-0.00031403140746988356,-0.5378037691116333,-0.6396039724349976,0.031717170029878616,-0.46564656496047974,0.835951566696167,0.0,0.0,0.0,0.0,0.0,0.0,0.0,0.0,0.0,0.0,0.0,0.0
1761396958251940143,19445,1761396958251380163,,joint1,joint2,joint3,joint4,joint5,joint6,-0.00031403140746988356,-0.5378037691116333,-0.6396039724349976,0.031717170029878616,-0.4605260491371155,0.835951566696167,0.0,0.0,0.0,0.0,0.0,0.0,0.0,0.0,0.0,0.0,0.0,0.0
1761396958271950824,19446,1761396958271368047,,joint1,joint2,joint3,joint4,joint5,joint6,-0.00031403140746988356,-0.5378037691116333,-0.6396039724349976,0.031717170029878616,-0.4605260491371155,0.835951566696167,0.0,0.0,0.0,0.0,0.0,0.0,0.0,0.0,0.0,0.0,0.0,0.0
1761396958292368751,19447,1761396958291329694,,joint1,joint2,joint3,joint4,joint5,joint6,-0.00031403140746988356,-0.5378037691116333,-0.6396039724349976,0.031717170029878616,-0.4547654688358307,0.835951566696167,0.0,0.0,0.0,0.0,0.0,0.0,0.0,0.0,0.0,0.0,0.0,0.0
1761396958311902321,19448,1761396958311382774,,joint1,joint2,joint3,joint4,joint5,joint6,-0.00031403140746988356,-0.5378037691116333,-0.6396039724349976,0.031717170029878616,-0.4547654688358307,0.835951566696167,0.0,0.0,0.0,0.0,0.0,0.0,0.0,0.0,0.0,0.0,0.0,0.0
1761396958332325330,19449,1761396958331372415,,joint1,joint2,joint3,joint4,joint5,joint6,-0.00031403140746988356,-0.5378037691116333,-0.6396039724349976,0.031717170029878616,-0.451565146446228,0.835951566696167,0.0,0.0,0.0,0.0,0.0,0.0,0.0,0.0,0.0,0.0,0.0,0.0
1761396958352049936,19450,1761396958351382332,,joint1,joint2,joint3,joint4,joint5,joint6,-0.00031403140746988356,-0.5378037691116333,-0.6396039724349976,0.031717170029878616,-0.451565146446228,0.835951566696167,0.0,0.0,0.0,0.0,0.0,0.0,0.0,0.0,0.0,0.0,0.0,0.0
1761396958372052333,19451,1761396958371429174,,joint1,joint2,joint3,joint4,joint5,joint6,-0.00031403140746988356,-0.5378037691116333,-0.6396039724349976,0.031717170029878616,-0.4451645016670227,0.835951566696167,0.0,0.0,0.0,0.0,0.0,0.0,0.0,0.0,0.0,0.0,0.0,0.0
1761396958392288040,19452,1761396958391335631,,joint1,joint2,joint3,joint4,joint5,joint6,-0.00031403140746988356,-0.5378037691116333,-0.6396039724349976,0.031717170029878616,-0.4451645016670227,0.835951566696167,0.0,0.0,0.0,0.0,0.0,0.0,0.0,0.0,0.0,0.0,0.0,0.0
1761396958411908138,19453,1761396958411379631,,joint1,joint2,joint3,joint4,joint5,joint6,-0.00031403140746988356,-0.5378037691116333,-0.6396039724349976,0.031717170029878616,-0.43812382221221924,0.835951566696167,0.0,0.0,0.0,0.0,0.0,0.0,0.0,0.0,0.0,0.0,0.0,0.0
1761396958432215853,19454,1761396958431381516,,joint1,joint2,joint3,joint4,joint5,joint6,-0.00031403140746988356,-0.5378037691116333,-0.6396039724349976,0.031717170029878616,-0.43044304847717285,0.835951566696167,0.0,0.0,0.0,0.0,0.0,0.0,0.0,0.0,0.0,0.0,0.0,0.0
1761396958452119643,19455,1761396958451331268,,joint1,joint2,joint3,joint4,joint5,joint6,-0.00031403140746988356,-0.5378037691116333,-0.6396039724349976,0.031717170029878616,-0.43044304847717285,0.835951566696167,0.0,0.0,0.0,0.0,0.0,0.0,0.0,0.0,0.0,0.0,0.0,0.0
1761396958471860983,19456,1761396958471322502,,joint1,joint2,joint3,joint4,joint5,joint6,-0.00031403140746988356,-0.5378037691116333,-0.6396039724349976,0.031717170029878616,-0.42660266160964966,0.835951566696167,0.0,0.0,0.0,0.0,0.0,0.0,0.0,0.0,0.0,0.0,0.0,0.0
1761396958492204993,19457,1761396958491381747,,joint1,joint2,joint3,joint4,joint5,joint6,-0.00031403140746988356,-0.5378037691116333,-0.6396039724349976,0.031717170029878616,-0.42660266160964966,0.835951566696167,0.0,0.0,0.0,0.0,0.0,0.0,0.0,0.0,0.0,0.0,0.0,0.0
1761396958512086204,19458,1761396958511340790,,joint1,joint2,joint3,joint4,joint5,joint6,-0.00031403140746988356,-0.5378037691116333,-0.6396039724349976,0.031717170029878616,-0.41828182339668274,0.835951566696167,0.0,0.0,0.0,0.0,0.0,0.0,0.0,0.0,0.0,0.0,0.0,0.0
1761396958531905886,19459,1761396958531370963,,joint1,joint2,joint3,joint4,joint5,joint6,-0.00031403140746988356,-0.5378037691116333,-0.6396039724349976,0.031717170029878616,-0.41828182339668274,0.835951566696167,0.0,0.0,0.0,0.0,0.0,0.0,0.0,0.0,0.0,0.0,0.0,0.0
1761396958552131370,19460,1761396958551379351,,joint1,joint2,joint3,joint4,joint5,joint6,-0.00031403140746988356,-0.5378037691116333,-0.6396039724349976,0.031717170029878616,-0.40868085622787476,0.835951566696167,0.0,0.0,0.0,0.0,0.0,0.0,0.0,0.0,0.0,0.0,0.0,0.0
1761396958571866150,19461,1761396958571341570,,joint1,joint2,joint3,joint4,joint5,joint6,-0.00031403140746988356,-0.5378037691116333,-0.6396039724349976,0.031717170029878616,-0.40868085622787476,0.835951566696167,0.0,0.0,0.0,0.0,0.0,0.0,0.0,0.0,0.0,0.0,0.0,0.0
1761396958591930707,19462,1761396958591378627,,joint1,joint2,joint3,joint4,joint5,joint6,-0.00031403140746988356,-0.5378037691116333,-0.6396039724349976,0.031717170029878616,-0.39843985438346863,0.835951566696167,0.0,0.0,0.0,0.0,0.0,0.0,0.0,0.0,0.0,0.0,0.0,0.0
1761396958611978649,19463,1761396958611326139,,joint1,joint2,joint3,joint4,joint5,joint6,-0.00031403140746988356,-0.5378037691116333,-0.6396039724349976,0.031717170029878616,-0.3939594030380249,0.835951566696167,0.0,0.0,0.0,0.0,0.0,0.0,0.0,0.0,0.0,0.0,0.0,0.0
1761396958632044389,19464,1761396958631379805,,joint1,joint2,joint3,joint4,joint5,joint6,-0.00031403140746988356,-0.5378037691116333,-0.6396039724349976,0.031717170029878616,-0.3939594030380249,0.835951566696167,0.0,0.0,0.0,0.0,0.0,0.0,0.0,0.0,0.0,0.0,0.0,0.0
1761396958651981312,19465,1761396958651379005,,joint1,joint2,joint3,joint4,joint5,joint6,-0.00031403140746988356,-0.5378037691116333,-0.6396039724349976,0.031717170029878616,-0.3817981779575348,0.835951566696167,0.0,0.0,0.0,0.0,0.0,0.0,0.0,0.0,0.0,0.0,0.0,0.0
1761396958671956131,19466,1761396958671389194,,joint1,joint2,joint3,joint4,joint5,joint6,-0.00031403140746988356,-0.5378037691116333,-0.6396039724349976,0.031717170029878616,-0.3817981779575348,0.835951566696167,0.0,0.0,0.0,0.0,0.0,0.0,0.0,0.0,0.0,0.0,0.0,0.0
1761396958692365190,19467,1761396958691330505,,joint1,joint2,joint3,joint4,joint5,joint6,-0.00031403140746988356,-0.5378037691116333,-0.6396039724349976,0.031717170029878616,-0.3702770173549652,0.835951566696167,0.0,0.0,0.0,0.0,0.0,0.0,0.0,0.0,0.0,0.0,0.0,0.0
1761396958712118453,19468,1761396958711359492,,joint1,joint2,joint3,joint4,joint5,joint6,-0.00031403140746988356,-0.5378037691116333,-0.6396039724349976,0.031717170029878616,-0.3702770173549652,0.835951566696167,0.0,0.0,0.0,0.0,0.0,0.0,0.0,0.0,0.0,0.0,0.0,0.0
1761396958731944632,19469,1761396958731382397,,joint1,joint2,joint3,joint4,joint5,joint6,-0.00031403140746988356,-0.5378037691116333,-0.6396039724349976,0.031717170029878616,-0.35747575759887695,0.835951566696167,0.0,0.0,0.0,0.0,0.0,0.0,0.0,0.0,0.0,0.0,0.0,0.0
1761396958752154000,19470,1761396958751322970,,joint1,joint2,joint3,joint4,joint5,joint6,-0.00031403140746988356,-0.5378037691116333,-0.6396039724349976,0.031717170029878616,-0.35747575759887695,0.835951566696167,0.0,0.0,0.0,0.0,0.0,0.0,0.0,0.0,0.0,0.0,0.0,0.0
1761396958771945620,19471,1761396958771382263,,joint1,joint2,joint3,joint4,joint5,joint6,-0.00031403140746988356,-0.5378037691116333,-0.6396039724349976,0.031717170029878616,-0.35171517729759216,0.835951566696167,0.0,0.0,0.0,0.0,0.0,0.0,0.0,0.0,0.0,0.0,0.0,0.0
1761396958791812124,19472,1761396958791328659,,joint1,joint2,joint3,joint4,joint5,joint6,-0.00031403140746988356,-0.5378037691116333,-0.6396039724349976,0.031717170029878616,-0.338273823261261,0.835951566696167,0.0,0.0,0.0,0.0,0.0,0.0,0.0,0.0,0.0,0.0,0.0,0.0
1761396958812066383,19473,1761396958811389376,,joint1,joint2,joint3,joint4,joint5,joint6,-0.00031403140746988356,-0.5378037691116333,-0.6396039724349976,0.031717170029878616,-0.338273823261261,0.835951566696167,0.0,0.0,0.0,0.0,0.0,0.0,0.0,0.0,0.0,0.0,0.0,0.0
1761396958832418619,19474,1761396958831395594,,joint1,joint2,joint3,joint4,joint5,joint6,-0.00031403140746988356,-0.5378037691116333,-0.6396039724349976,0.031717170029878616,-0.3241924047470093,0.835951566696167,0.0,0.0,0.0,0.0,0.0,0.0,0.0,0.0,0.0,0.0,0.0,0.0
1761396958851937027,19475,1761396958851355627,,joint1,joint2,joint3,joint4,joint5,joint6,-0.00031403140746988356,-0.5378037691116333,-0.6396039724349976,0.031717170029878616,-0.3241924047470093,0.835951566696167,0.0,0.0,0.0,0.0,0.0,0.0,0.0,0.0,0.0,0.0,0.0,0.0
1761396958872060552,19476,1761396958871379706,,joint1,joint2,joint3,joint4,joint5,joint6,-0.00031403140746988356,-0.5378037691116333,-0.6396039724349976,0.031717170029878616,-0.3088308870792389,0.835951566696167,0.0,0.0,0.0,0.0,0.0,0.0,0.0,0.0,0.0,0.0,0.0,0.0
1761396958891923101,19477,1761396958891351434,,joint1,joint2,joint3,joint4,joint5,joint6,-0.00031403140746988356,-0.5378037691116333,-0.6396039724349976,0.031717170029878616,-0.3088308870792389,0.835951566696167,0.0,0.0,0.0,0.0,0.0,0.0,0.0,0.0,0.0,0.0,0.0,0.0
1761396958911937673,19478,1761396958911386970,,joint1,joint2,joint3,joint4,joint5,joint6,-0.00031403140746988356,-0.5378037691116333,-0.6396039724349976,0.031717170029878616,-0.29410940408706665,0.835951566696167,0.0,0.0,0.0,0.0,0.0,0.0,0.0,0.0,0.0,0.0,0.0,0.0
1761396958932110497,19479,1761396958931321158,,joint1,joint2,joint3,joint4,joint5,joint6,-0.00031403140746988356,-0.5378037691116333,-0.6396039724349976,0.031717170029878616,-0.29410940408706665,0.835951566696167,0.0,0.0,0.0,0.0,0.0,0.0,0.0,0.0,0.0,0.0,0.0,0.0
1761396958952395146,19480,1761396958951371304,,joint1,joint2,joint3,joint4,joint5,joint6,-0.00031403140746988356,-0.5378037691116333,-0.6396039724349976,0.031717170029878616,-0.28642863035202026,0.835951566696167,0.0,0.0,0.0,0.0,0.0,0.0,0.0,0.0,0.0,0.0,0.0,0.0
1761396958972325162,19481,1761396958971298310,,joint1,joint2,joint3,joint4,joint5,joint6,-0.00031403140746988356,-0.5378037691116333,-0.6396039724349976,0.031717170029878616,-0.2691469192504883,0.835951566696167,0.0,0.0,0.0,0.0,0.0,0.0,0.0,0.0,0.0,0.0,0.0,0.0
1761396958991923744,19482,1761396958991355657,,joint1,joint2,joint3,joint4,joint5,joint6,-0.00031403140746988356,-0.5378037691116333,-0.6396039724349976,0.031717170029878616,-0.2691469192504883,0.835951566696167,0.0,0.0,0.0,0.0,0.0,0.0,0.0,0.0,0.0,0.0,0.0,0.0
1761396959011934772,19483,1761396959011382490,,joint1,joint2,joint3,joint4,joint5,joint6,-0.00031403140746988356,-0.5378037691116333,-0.6396039724349976,0.031717170029878616,-0.25250524282455444,0.835951566696167,0.0,0.0,0.0,0.0,0.0,0.0,0.0,0.0,0.0,0.0,0.0,0.0
1761396959032354047,19484,1761396959031381391,,joint1,joint2,joint3,joint4,joint5,joint6,-0.00031403140746988356,-0.5378037691116333,-0.6396039724349976,0.031717170029878616,-0.25250524282455444,0.835951566696167,0.0,0.0,0.0,0.0,0.0,0.0,0.0,0.0,0.0,0.0,0.0,0.0
1761396959051993345,19485,1761396959051385220,,joint1,joint2,joint3,joint4,joint5,joint6,-0.00031403140746988356,-0.5378037691116333,-0.6396039724349976,0.031717170029878616,-0.23458345234394073,0.835951566696167,0.0,0.0,0.0,0.0,0.0,0.0,0.0,0.0,0.0,0.0,0.0,0.0
1761396959072226858,19486,1761396959071322937,,joint1,joint2,joint3,joint4,joint5,joint6,-0.00031403140746988356,-0.5378037691116333,-0.6396039724349976,0.031717170029878616,-0.23458345234394073,0.835951566696167,0.0,0.0,0.0,0.0,0.0,0.0,0.0,0.0,0.0,0.0,0.0,0.0
1761396959092211116,19487,1761396959091326291,,joint1,joint2,joint3,joint4,joint5,joint6,-0.00031403140746988356,-0.5378037691116333,-0.6396039724349976,0.031717170029878616,-0.226262629032135,0.835951566696167,0.0,0.0,0.0,0.0,0.0,0.0,0.0,0.0,0.0,0.0,0.0,0.0
1761396959112102149,19488,1761396959111330744,,joint1,joint2,joint3,joint4,joint5,joint6,-0.00031403140746988356,-0.5378037691116333,-0.6396039724349976,0.031717170029878616,-0.226262629032135,0.835951566696167,0.0,0.0,0.0,0.0,0.0,0.0,0.0,0.0,0.0,0.0,0.0,0.0
1761396959131999601,19489,1761396959131378417,,joint1,joint2,joint3,joint4,joint5,joint6,-0.00031403140746988356,-0.5378037691116333,-0.6396039724349976,0.031717170029878616,-0.2064206451177597,0.835951566696167,0.0,0.0,0.0,0.0,0.0,0.0,0.0,0.0,0.0,0.0,0.0,0.0
1761396959152035961,19490,1761396959151424896,,joint1,joint2,joint3,joint4,joint5,joint6,-0.00031403140746988356,-0.5378037691116333,-0.6396039724349976,0.031717170029878616,-0.18785879015922546,0.835951566696167,0.0,0.0,0.0,0.0,0.0,0.0,0.0,0.0,0.0,0.0,0.0,0.0
1761396959171946029,19491,1761396959171384289,,joint1,joint2,joint3,joint4,joint5,joint6,-0.00031403140746988356,-0.5378037691116333,-0.6396039724349976,0.031717170029878616,-0.18785879015922546,0.835951566696167,0.0,0.0,0.0,0.0,0.0,0.0,0.0,0.0,0.0,0.0,0.0,0.0
1761396959192339989,19492,1761396959191388068,,joint1,joint2,joint3,joint4,joint5,joint6,-0.00031403140746988356,-0.5378037691116333,-0.6396039724349976,0.031717170029878616,-0.16737674176692963,0.835951566696167,0.0,0.0,0.0,0.0,0.0,0.0,0.0,0.0,0.0,0.0,0.0,0.0
1761396959212117685,19493,1761396959211358892,,joint1,joint2,joint3,joint4,joint5,joint6,-0.00031403140746988356,-0.5378037691116333,-0.6396039724349976,0.031717170029878616,-0.16737674176692963,0.835951566696167,0.0,0.0,0.0,0.0,0.0,0.0,0.0,0.0,0.0,0.0,0.0,0.0
1761396959231895533,19494,1761396959231387204,,joint1,joint2,joint3,joint4,joint5,joint6,-0.00031403140746988356,-0.5378037691116333,-0.6396039724349976,0.031717170029878616,-0.1571357101202011,0.835951566696167,0.0,0.0,0.0,0.0,0.0,0.0,0.0,0.0,0.0,0.0,0.0,0.0
1761396959252333595,19495,1761396959251318578,,joint1,joint2,joint3,joint4,joint5,joint6,-0.00031403140746988356,-0.5378037691116333,-0.6396039724349976,0.031717170029878616,-0.1571357101202011,0.835951566696167,0.0,0.0,0.0,0.0,0.0,0.0,0.0,0.0,0.0,0.0,0.0,0.0
1761396959272305383,19496,1761396959271327420,,joint1,joint2,joint3,joint4,joint5,joint6,-0.00031403140746988356,-0.5378037691116333,-0.6396039724349976,0.031717170029878616,-0.13601359724998474,0.835951566696167,0.0,0.0,0.0,0.0,0.0,0.0,0.0,0.0,0.0,0.0,0.0,0.0
1761396959292179420,19497,1761396959291376407,,joint1,joint2,joint3,joint4,joint5,joint6,-0.00031403140746988356,-0.5378037691116333,-0.6396039724349976,0.031717170029878616,-0.13601359724998474,0.835951566696167,0.0,0.0,0.0,0.0,0.0,0.0,0.0,0.0,0.0,0.0,0.0,0.0
1761396959312092170,19498,1761396959311379391,,joint1,joint2,joint3,joint4,joint5,joint6,-0.00031403140746988356,-0.5378037691116333,-0.6396039724349976,0.031717170029878616,-0.11425142735242844,0.835951566696167,0.0,0.0,0.0,0.0,0.0,0.0,0.0,0.0,0.0,0.0,0.0,0.0
1761396959331882774,19499,1761396959331376983,,joint1,joint2,joint3,joint4,joint5,joint6,-0.00031403140746988356,-0.5378037691116333,-0.6396039724349976,0.031717170029878616,-0.091849185526371,0.835951566696167,0.0,0.0,0.0,0.0,0.0,0.0,0.0,0.0,0.0,0.0,0.0,0.0
1761396959352167389,19500,1761396959351322453,,joint1,joint2,joint3,joint4,joint5,joint6,-0.00031403140746988356,-0.5378037691116333,-0.6396039724349976,0.031717170029878616,-0.091849185526371,0.835951566696167,0.0,0.0,0.0,0.0,0.0,0.0,0.0,0.0,0.0,0.0,0.0,0.0
1761396959372266623,19501,1761396959371380163,,joint1,joint2,joint3,joint4,joint5,joint6,-0.00031403140746988356,-0.5378037691116333,-0.6396039724349976,0.031717170029878616,-0.06944694370031357,0.835951566696167,0.0,0.0,0.0,0.0,0.0,0.0,0.0,0.0,0.0,0.0,0.0,0.0
1761396959391920688,19502,1761396959391380756,,joint1,joint2,joint3,joint4,joint5,joint6,-0.00031403140746988356,-0.5378037691116333,-0.6396039724349976,0.031717170029878616,-0.06944694370031357,0.835951566696167,0.0,0.0,0.0,0.0,0.0,0.0,0.0,0.0,0.0,0.0,0.0,0.0
1761396959412407976,19503,1761396959411387580,,joint1,joint2,joint3,joint4,joint5,joint6,-0.00031403140746988356,-0.5378037691116333,-0.6396039724349976,0.031717170029878616,-0.05664566531777382,0.835951566696167,0.0,0.0,0.0,0.0,0.0,0.0,0.0,0.0,0.0,0.0,0.0,0.0
1761396959432371031,19504,1761396959431329448,,joint1,joint2,joint3,joint4,joint5,joint6,-0.00031403140746988356,-0.5378037691116333,-0.6396039724349976,0.031717170029878616,-0.05664566531777382,0.835951566696167,0.0,0.0,0.0,0.0,0.0,0.0,0.0,0.0,0.0,0.0,0.0,0.0
1761396959452237478,19505,1761396959451326434,,joint1,joint2,joint3,joint4,joint5,joint6,-0.00031403140746988356,-0.5378037691116333,-0.6396039724349976,0.031717170029878616,-0.05664566531777382,0.835951566696167,0.0,0.0,0.0,0.0,0.0,0.0,0.0,0.0,0.0,0.0,0.0,0.0
1761396959472179208,19506,1761396959471331647,,joint1,joint2,joint3,joint4,joint5,joint6,-0.00031403140746988356,-0.5378037691116333,-0.6396039724349976,0.031717170029878616,-0.05664566531777382,0.835951566696167,0.0,0.0,0.0,0.0,0.0,0.0,0.0,0.0,0.0,0.0,0.0,0.0
1761396959492403436,19507,1761396959491386922,,joint1,joint2,joint3,joint4,joint5,joint6,-0.00031403140746988356,-0.5378037691116333,-0.6396039724349976,0.031717170029878616,-0.05664566531777382,0.835951566696167,0.0,0.0,0.0,0.0,0.0,0.0,0.0,0.0,0.0,0.0,0.0,0.0
1761396959512162853,19508,1761396959511381746,,joint1,joint2,joint3,joint4,joint5,joint6,-0.00031403140746988356,-0.5378037691116333,-0.6396039724349976,0.031717170029878616,-0.05664566531777382,0.835951566696167,0.0,0.0,0.0,0.0,0.0,0.0,0.0,0.0,0.0,0.0,0.0,0.0
1761396959531939698,19509,1761396959531378209,,joint1,joint2,joint3,joint4,joint5,joint6,-0.00031403140746988356,-0.5378037691116333,-0.6396039724349976,0.031717170029878616,-0.05664566531777382,0.835951566696167,0.0,0.0,0.0,0.0,0.0,0.0,0.0,0.0,0.0,0.0,0.0,0.0
1761396959552309108,19510,1761396959551378588,,joint1,joint2,joint3,joint4,joint5,joint6,-0.00031403140746988356,-0.5378037691116333,-0.6396039724349976,0.031717170029878616,-0.05664566531777382,0.835951566696167,0.0,0.0,0.0,0.0,0.0,0.0,0.0,0.0,0.0,0.0,0.0,0.0
1761396959571907258,19511,1761396959571370204,,joint1,joint2,joint3,joint4,joint5,joint6,-0.00031403140746988356,-0.5378037691116333,-0.6396039724349976,0.031717170029878616,-0.05664566531777382,0.835951566696167,0.0,0.0,0.0,0.0,0.0,0.0,0.0,0.0,0.0,0.0,0.0,0.0
1761396959591990070,19512,1761396959591364758,,joint1,joint2,joint3,joint4,joint5,joint6,-0.00031403140746988356,-0.5378037691116333,-0.6396039724349976,0.031717170029878616,-0.05664566531777382,0.835951566696167,0.0,0.0,0.0,0.0,0.0,0.0,0.0,0.0,0.0,0.0,0.0,0.0
1761396959611913541,19513,1761396959611386293,,joint1,joint2,joint3,joint4,joint5,joint6,-0.00031403140746988356,-0.5378037691116333,-0.6396039724349976,0.031717170029878616,-0.05664566531777382,0.835951566696167,0.0,0.0,0.0,0.0,0.0,0.0,0.0,0.0,0.0,0.0,0.0,0.0
1761396959631969270,19514,1761396959631371453,,joint1,joint2,joint3,joint4,joint5,joint6,-0.00031403140746988356,-0.5378037691116333,-0.6396039724349976,0.031717170029878616,-0.05664566531777382,0.835951566696167,0.0,0.0,0.0,0.0,0.0,0.0,0.0,0.0,0.0,0.0,0.0,0.0
1761396959651953217,19515,1761396959651384466,,joint1,joint2,joint3,joint4,joint5,joint6,-0.00031403140746988356,-0.5378037691116333,-0.6396039724349976,0.031717170029878616,-0.05664566531777382,0.835951566696167,0.0,0.0,0.0,0.0,0.0,0.0,0.0,0.0,0.0,0.0,0.0,0.0
1761396959672222990,19516,1761396959671326613,,joint1,joint2,joint3,joint4,joint5,joint6,-0.00031403140746988356,-0.5378037691116333,-0.6396039724349976,0.031717170029878616,-0.05664566531777382,0.835951566696167,0.0,0.0,0.0,0.0,0.0,0.0,0.0,0.0,0.0,0.0,0.0,0.0
1761396959691932423,19517,1761396959691390902,,joint1,joint2,joint3,joint4,joint5,joint6,-0.00031403140746988356,-0.5378037691116333,-0.6396039724349976,0.031717170029878616,-0.05664566531777382,0.835951566696167,0.0,0.0,0.0,0.0,0.0,0.0,0.0,0.0,0.0,0.0,0.0,0.0
1761396959712214970,19518,1761396959711382806,,joint1,joint2,joint3,joint4,joint5,joint6,-0.00031403140746988356,-0.5378037691116333,-0.6396039724349976,0.031717170029878616,-0.05664566531777382,0.835951566696167,0.0,0.0,0.0,0.0,0.0,0.0,0.0,0.0,0.0,0.0,0.0,0.0
1761396959732460233,19519,1761396959731332738,,joint1,joint2,joint3,joint4,joint5,joint6,-0.00031403140746988356,-0.5378037691116333,-0.6396039724349976,0.031717170029878616,-0.05664566531777382,0.835951566696167,0.0,0.0,0.0,0.0,0.0,0.0,0.0,0.0,0.0,0.0,0.0,0.0
1761396959752240329,19520,1761396959751380820,,joint1,joint2,joint3,joint4,joint5,joint6,-0.00031403140746988356,-0.5378037691116333,-0.6396039724349976,0.031717170029878616,-0.05664566531777382,0.835951566696167,0.0,0.0,0.0,0.0,0.0,0.0,0.0,0.0,0.0,0.0,0.0,0.0
1761396959772280308,19521,1761396959771327573,,joint1,joint2,joint3,joint4,joint5,joint6,-0.00031403140746988356,-0.5378037691116333,-0.6396039724349976,0.031717170029878616,-0.05664566531777382,0.835951566696167,0.0,0.0,0.0,0.0,0.0,0.0,0.0,0.0,0.0,0.0,0.0,0.0
1761396959792099835,19522,1761396959791325730,,joint1,joint2,joint3,joint4,joint5,joint6,-0.00031403140746988356,-0.5378037691116333,-0.6396039724349976,0.031717170029878616,-0.05664566531777382,0.835951566696167,0.0,0.0,0.0,0.0,0.0,0.0,0.0,0.0,0.0,0.0,0.0,0.0
1761396959811981252,19523,1761396959811381420,,joint1,joint2,joint3,joint4,joint5,joint6,-0.00031403140746988356,-0.5378037691116333,-0.6396039724349976,0.031717170029878616,-0.05664566531777382,0.835951566696167,0.0,0.0,0.0,0.0,0.0,0.0,0.0,0.0,0.0,0.0,0.0,0.0
1761396959832253444,19524,1761396959831369546,,joint1,joint2,joint3,joint4,joint5,joint6,-0.00031403140746988356,-0.5378037691116333,-0.6396039724349976,0.031717170029878616,-0.05664566531777382,0.835951566696167,0.0,0.0,0.0,0.0,0.0,0.0,0.0,0.0,0.0,0.0,0.0,0.0
1761396959852218255,19525,1761396959851384149,,joint1,joint2,joint3,joint4,joint5,joint6,-0.00031403140746988356,-0.5378037691116333,-0.6396039724349976,0.031717170029878616,-0.05664566531777382,0.835951566696167,0.0,0.0,0.0,0.0,0.0,0.0,0.0,0.0,0.0,0.0,0.0,0.0
1761396959872362836,19526,1761396959871381211,,joint1,joint2,joint3,joint4,joint5,joint6,-0.00031403140746988356,-0.5378037691116333,-0.6396039724349976,0.031717170029878616,-0.05664566531777382,0.835951566696167,0.0,0.0,0.0,0.0,0.0,0.0,0.0,0.0,0.0,0.0,0.0,0.0
1761396959892156960,19527,1761396959891328004,,joint1,joint2,joint3,joint4,joint5,joint6,-0.00031403140746988356,-0.5378037691116333,-0.6396039724349976,0.031717170029878616,-0.05664566531777382,0.835951566696167,0.0,0.0,0.0,0.0,0.0,0.0,0.0,0.0,0.0,0.0,0.0,0.0
1761396959912358012,19528,1761396959911385575,,joint1,joint2,joint3,joint4,joint5,joint6,-0.00031403140746988356,-0.5378037691116333,-0.6396039724349976,0.031717170029878616,-0.05664566531777382,0.835951566696167,0.0,0.0,0.0,0.0,0.0,0.0,0.0,0.0,0.0,0.0,0.0,0.0
1761396959932533734,19529,1761396959931395184,,joint1,joint2,joint3,joint4,joint5,joint6,-0.00031403140746988356,-0.5378037691116333,-0.6396039724349976,0.031717170029878616,-0.05664566531777382,0.835951566696167,0.0,0.0,0.0,0.0,0.0,0.0,0.0,0.0,0.0,0.0,0.0,0.0
1761396959952273263,19530,1761396959951354546,,joint1,joint2,joint3,joint4,joint5,joint6,-0.00031403140746988356,-0.5378037691116333,-0.6396039724349976,0.031717170029878616,-0.05664566531777382,0.835951566696167,0.0,0.0,0.0,0.0,0.0,0.0,0.0,0.0,0.0,0.0,0.0,0.0
1761396959971914914,19531,1761396959971380939,,joint1,joint2,joint3,joint4,joint5,joint6,-0.00031403140746988356,-0.5378037691116333,-0.6396039724349976,0.031717170029878616,-0.05664566531777382,0.835951566696167,0.0,0.0,0.0,0.0,0.0,0.0,0.0,0.0,0.0,0.0,0.0,0.0
1761396959991941433,19532,1761396959991379407,,joint1,joint2,joint3,joint4,joint5,joint6,-0.00031403140746988356,-0.5378037691116333,-0.6396039724349976,0.031717170029878616,-0.05664566531777382,0.835951566696167,0.0,0.0,0.0,0.0,0.0,0.0,0.0,0.0,0.0,0.0,0.0,0.0
1761396960011837122,19533,1761396960011349360,,joint1,joint2,joint3,joint4,joint5,joint6,-0.00031403140746988356,-0.5378037691116333,-0.6396039724349976,0.031717170029878616,-0.05664566531777382,0.835951566696167,0.0,0.0,0.0,0.0,0.0,0.0,0.0,0.0,0.0,0.0,0.0,0.0
1761396960031891248,19534,1761396960031380390,,joint1,joint2,joint3,joint4,joint5,joint6,-0.00031403140746988356,-0.5378037691116333,-0.6396039724349976,0.031717170029878616,-0.05664566531777382,0.835951566696167,0.0,0.0,0.0,0.0,0.0,0.0,0.0,0.0,0.0,0.0,0.0,0.0
1761396960052119462,19535,1761396960051383958,,joint1,joint2,joint3,joint4,joint5,joint6,-0.00031403140746988356,-0.5378037691116333,-0.6396039724349976,0.031717170029878616,-0.05664566531777382,0.835951566696167,0.0,0.0,0.0,0.0,0.0,0.0,0.0,0.0,0.0,0.0,0.0,0.0
1761396960072376906,19536,1761396960071355702,,joint1,joint2,joint3,joint4,joint5,joint6,-0.00031403140746988356,-0.5378037691116333,-0.6396039724349976,0.031717170029878616,-0.05664566531777382,0.835951566696167,0.0,0.0,0.0,0.0,0.0,0.0,0.0,0.0,0.0,0.0,0.0,0.0
1761396960092398758,19537,1761396960091381106,,joint1,joint2,joint3,joint4,joint5,joint6,-0.00031403140746988356,-0.5378037691116333,-0.6396039724349976,0.031717170029878616,-0.05664566531777382,0.835951566696167,0.0,0.0,0.0,0.0,0.0,0.0,0.0,0.0,0.0,0.0,0.0,0.0
1761396960112185276,19538,1761396960111357305,,joint1,joint2,joint3,joint4,joint5,joint6,-0.00031403140746988356,-0.5378037691116333,-0.6396039724349976,0.031717170029878616,-0.05664566531777382,0.835951566696167,0.0,0.0,0.0,0.0,0.0,0.0,0.0,0.0,0.0,0.0,0.0,0.0
1761396960132124656,19539,1761396960131381214,,joint1,joint2,joint3,joint4,joint5,joint6,-0.00031403140746988356,-0.5378037691116333,-0.6396039724349976,0.031717170029878616,-0.05664566531777382,0.835951566696167,0.0,0.0,0.0,0.0,0.0,0.0,0.0,0.0,0.0,0.0,0.0,0.0
1761396960152269668,19540,1761396960151330259,,joint1,joint2,joint3,joint4,joint5,joint6,-0.00031403140746988356,-0.5378037691116333,-0.6396039724349976,0.031717170029878616,-0.05664566531777382,0.835951566696167,0.0,0.0,0.0,0.0,0.0,0.0,0.0,0.0,0.0,0.0,0.0,0.0
1761396960171868290,19541,1761396960171330082,,joint1,joint2,joint3,joint4,joint5,joint6,-0.00031403140746988356,-0.5378037691116333,-0.6396039724349976,0.031717170029878616,-0.05664566531777382,0.835951566696167,0.0,0.0,0.0,0.0,0.0,0.0,0.0,0.0,0.0,0.0,0.0,0.0
1761396960192040714,19542,1761396960191333555,,joint1,joint2,joint3,joint4,joint5,joint6,-0.00031403140746988356,-0.5378037691116333,-0.6396039724349976,0.031717170029878616,-0.05664566531777382,0.835951566696167,0.0,0.0,0.0,0.0,0.0,0.0,0.0,0.0,0.0,0.0,0.0,0.0
1761396960212076424,19543,1761396960211381899,,joint1,joint2,joint3,joint4,joint5,joint6,-0.00031403140746988356,-0.5378037691116333,-0.6396039724349976,0.031717170029878616,-0.05664566531777382,0.835951566696167,0.0,0.0,0.0,0.0,0.0,0.0,0.0,0.0,0.0,0.0,0.0,0.0
1761396960232159603,19544,1761396960231380135,,joint1,joint2,joint3,joint4,joint5,joint6,-0.00031403140746988356,-0.5378037691116333,-0.6396039724349976,0.031717170029878616,-0.05664566531777382,0.835951566696167,0.0,0.0,0.0,0.0,0.0,0.0,0.0,0.0,0.0,0.0,0.0,0.0
1761396960252241695,19545,1761396960251337088,,joint1,joint2,joint3,joint4,joint5,joint6,-0.00031403140746988356,-0.5378037691116333,-0.6396039724349976,0.031717170029878616,-0.05664566531777382,0.835951566696167,0.0,0.0,0.0,0.0,0.0,0.0,0.0,0.0,0.0,0.0,0.0,0.0
1761396960271832668,19546,1761396960271349741,,joint1,joint2,joint3,joint4,joint5,joint6,-0.00031403140746988356,-0.5378037691116333,-0.6396039724349976,0.031717170029878616,-0.05664566531777382,0.835951566696167,0.0,0.0,0.0,0.0,0.0,0.0,0.0,0.0,0.0,0.0,0.0,0.0
1761396960292351443,19547,1761396960291327041,,joint1,joint2,joint3,joint4,joint5,joint6,-0.00031403140746988356,-0.5378037691116333,-0.6396039724349976,0.031717170029878616,-0.05664566531777382,0.835951566696167,0.0,0.0,0.0,0.0,0.0,0.0,0.0,0.0,0.0,0.0,0.0,0.0
1761396960312231332,19548,1761396960311328754,,joint1,joint2,joint3,joint4,joint5,joint6,-0.00031403140746988356,-0.5378037691116333,-0.6396039724349976,0.031717170029878616,-0.05664566531777382,0.835951566696167,0.0,0.0,0.0,0.0,0.0,0.0,0.0,0.0,0.0,0.0,0.0,0.0
1761396960332363628,19549,1761396960331380544,,joint1,joint2,joint3,joint4,joint5,joint6,-0.00031403140746988356,-0.5378037691116333,-0.6396039724349976,0.031717170029878616,-0.05664566531777382,0.835951566696167,0.0,0.0,0.0,0.0,0.0,0.0,0.0,0.0,0.0,0.0,0.0,0.0
1761396960351821196,19550,1761396960351325702,,joint1,joint2,joint3,joint4,joint5,joint6,-0.00031403140746988356,-0.5378037691116333,-0.6396039724349976,0.031717170029878616,-0.05664566531777382,0.835951566696167,0.0,0.0,0.0,0.0,0.0,0.0,0.0,0.0,0.0,0.0,0.0,0.0
1761396960371797007,19551,1761396960371375132,,joint1,joint2,joint3,joint4,joint5,joint6,-0.00031403140746988356,-0.5378037691116333,-0.6396039724349976,0.031717170029878616,-0.05664566531777382,0.835951566696167,0.0,0.0,0.0,0.0,0.0,0.0,0.0,0.0,0.0,0.0,0.0,0.0
1761396960391892634,19552,1761396960391383128,,joint1,joint2,joint3,joint4,joint5,joint6,-0.00031403140746988356,-0.5378037691116333,-0.6396039724349976,0.031717170029878616,-0.05664566531777382,0.835951566696167,0.0,0.0,0.0,0.0,0.0,0.0,0.0,0.0,0.0,0.0,0.0,0.0
1761396960412420747,19553,1761396960411365475,,joint1,joint2,joint3,joint4,joint5,joint6,-0.00031403140746988356,-0.5378037691116333,-0.6396039724349976,0.031717170029878616,-0.05664566531777382,0.835951566696167,0.0,0.0,0.0,0.0,0.0,0.0,0.0,0.0,0.0,0.0,0.0,0.0
1761396960432327584,19554,1761396960431380400,,joint1,joint2,joint3,joint4,joint5,joint6,-0.00031403140746988356,-0.5378037691116333,-0.6396039724349976,0.031717170029878616,-0.05664566531777382,0.835951566696167,0.0,0.0,0.0,0.0,0.0,0.0,0.0,0.0,0.0,0.0,0.0,0.0
1761396960451884664,19555,1761396960451381052,,joint1,joint2,joint3,joint4,joint5,joint6,-0.00031403140746988356,-0.5378037691116333,-0.6396039724349976,0.031717170029878616,-0.05664566531777382,0.835951566696167,0.0,0.0,0.0,0.0,0.0,0.0,0.0,0.0,0.0,0.0,0.0,0.0
1761396960472224509,19556,1761396960471321265,,joint1,joint2,joint3,joint4,joint5,joint6,-0.00031403140746988356,-0.5378037691116333,-0.6396039724349976,0.031717170029878616,-0.05664566531777382,0.835951566696167,0.0,0.0,0.0,0.0,0.0,0.0,0.0,0.0,0.0,0.0,0.0,0.0
1761396960491936584,19557,1761396960491382210,,joint1,joint2,joint3,joint4,joint5,joint6,-0.00031403140746988356,-0.5378037691116333,-0.6396039724349976,0.031717170029878616,-0.05664566531777382,0.835951566696167,0.0,0.0,0.0,0.0,0.0,0.0,0.0,0.0,0.0,0.0,0.0,0.0
1761396960511949185,19558,1761396960511380835,,joint1,joint2,joint3,joint4,joint5,joint6,-0.00031403140746988356,-0.5378037691116333,-0.6396039724349976,0.031717170029878616,-0.05664566531777382,0.835951566696167,0.0,0.0,0.0,0.0,0.0,0.0,0.0,0.0,0.0,0.0,0.0,0.0
1761396960532140106,19559,1761396960531380688,,joint1,joint2,joint3,joint4,joint5,joint6,-0.00031403140746988356,-0.5378037691116333,-0.6396039724349976,0.031717170029878616,-0.05664566531777382,0.835951566696167,0.0,0.0,0.0,0.0,0.0,0.0,0.0,0.0,0.0,0.0,0.0,0.0
1761396960552064649,19560,1761396960551327504,,joint1,joint2,joint3,joint4,joint5,joint6,-0.00031403140746988356,-0.5378037691116333,-0.6396039724349976,0.031717170029878616,-0.05664566531777382,0.835951566696167,0.0,0.0,0.0,0.0,0.0,0.0,0.0,0.0,0.0,0.0,0.0,0.0
1761396960572045638,19561,1761396960571338675,,joint1,joint2,joint3,joint4,joint5,joint6,-0.00031403140746988356,-0.5378037691116333,-0.6396039724349976,0.031717170029878616,-0.05664566531777382,0.835951566696167,0.0,0.0,0.0,0.0,0.0,0.0,0.0,0.0,0.0,0.0,0.0,0.0
1761396960592355697,19562,1761396960591384489,,joint1,joint2,joint3,joint4,joint5,joint6,-0.00031403140746988356,-0.5378037691116333,-0.6396039724349976,0.031717170029878616,-0.05664566531777382,0.835951566696167,0.0,0.0,0.0,0.0,0.0,0.0,0.0,0.0,0.0,0.0,0.0,0.0
1761396960612217683,19563,1761396960611334226,,joint1,joint2,joint3,joint4,joint5,joint6,-0.00031403140746988356,-0.5378037691116333,-0.6396039724349976,0.031717170029878616,-0.05664566531777382,0.835951566696167,0.0,0.0,0.0,0.0,0.0,0.0,0.0,0.0,0.0,0.0,0.0,0.0
1761396960631973911,19564,1761396960631378225,,joint1,joint2,joint3,joint4,joint5,joint6,-0.00031403140746988356,-0.5378037691116333,-0.6396039724349976,0.031717170029878616,-0.05664566531777382,0.835951566696167,0.0,0.0,0.0,0.0,0.0,0.0,0.0,0.0,0.0,0.0,0.0,0.0
1761396960652055159,19565,1761396960651326458,,joint1,joint2,joint3,joint4,joint5,joint6,-0.00031403140746988356,-0.5378037691116333,-0.6396039724349976,0.031717170029878616,-0.05664566531777382,0.835951566696167,0.0,0.0,0.0,0.0,0.0,0.0,0.0,0.0,0.0,0.0,0.0,0.0
1761396960672234451,19566,1761396960671332344,,joint1,joint2,joint3,joint4,joint5,joint6,-0.00031403140746988356,-0.5378037691116333,-0.6396039724349976,0.031717170029878616,-0.05664566531777382,0.835951566696167,0.0,0.0,0.0,0.0,0.0,0.0,0.0,0.0,0.0,0.0,0.0,0.0
1761396960692143688,19567,1761396960691383741,,joint1,joint2,joint3,joint4,joint5,joint6,-0.00031403140746988356,-0.5378037691116333,-0.6396039724349976,0.031717170029878616,-0.05664566531777382,0.835951566696167,0.0,0.0,0.0,0.0,0.0,0.0,0.0,0.0,0.0,0.0,0.0,0.0
1761396960712181801,19568,1761396960711330340,,joint1,joint2,joint3,joint4,joint5,joint6,-0.00031403140746988356,-0.5378037691116333,-0.6396039724349976,0.031717170029878616,-0.05664566531777382,0.835951566696167,0.0,0.0,0.0,0.0,0.0,0.0,0.0,0.0,0.0,0.0,0.0,0.0
1761396960732957801,19569,1761396960731381021,,joint1,joint2,joint3,joint4,joint5,joint6,-0.00031403140746988356,-0.5378037691116333,-0.6396039724349976,0.031717170029878616,-0.05664566531777382,0.835951566696167,0.0,0.0,0.0,0.0,0.0,0.0,0.0,0.0,0.0,0.0,0.0,0.0
1761396960751872275,19570,1761396960751378147,,joint1,joint2,joint3,joint4,joint5,joint6,-0.00031403140746988356,-0.5378037691116333,-0.6396039724349976,0.031717170029878616,-0.05664566531777382,0.835951566696167,0.0,0.0,0.0,0.0,0.0,0.0,0.0,0.0,0.0,0.0,0.0,0.0
1761396960772295002,19571,1761396960771326302,,joint1,joint2,joint3,joint4,joint5,joint6,-0.00031403140746988356,-0.5378037691116333,-0.6396039724349976,0.031717170029878616,-0.05664566531777382,0.835951566696167,0.0,0.0,0.0,0.0,0.0,0.0,0.0,0.0,0.0,0.0,0.0,0.0
1761396960792253517,19572,1761396960791385610,,joint1,joint2,joint3,joint4,joint5,joint6,-0.00031403140746988356,-0.5378037691116333,-0.6396039724349976,0.031717170029878616,-0.05664566531777382,0.835951566696167,0.0,0.0,0.0,0.0,0.0,0.0,0.0,0.0,0.0,0.0,0.0,0.0
1761396960812273292,19573,1761396960811373394,,joint1,joint2,joint3,joint4,joint5,joint6,-0.00031403140746988356,-0.5378037691116333,-0.6396039724349976,0.031717170029878616,-0.05664566531777382,0.835951566696167,0.0,0.0,0.0,0.0,0.0,0.0,0.0,0.0,0.0,0.0,0.0,0.0
1761396960832203703,19574,1761396960831379730,,joint1,joint2,joint3,joint4,joint5,joint6,-0.00031403140746988356,-0.5378037691116333,-0.6396039724349976,0.031717170029878616,-0.05664566531777382,0.835951566696167,0.0,0.0,0.0,0.0,0.0,0.0,0.0,0.0,0.0,0.0,0.0,0.0
1761396960851862332,19575,1761396960851380495,,joint1,joint2,joint3,joint4,joint5,joint6,-0.00031403140746988356,-0.5378037691116333,-0.6396039724349976,0.031717170029878616,-0.05664566531777382,0.835951566696167,0.0,0.0,0.0,0.0,0.0,0.0,0.0,0.0,0.0,0.0,0.0,0.0
1761396960872129439,19576,1761396960871331863,,joint1,joint2,joint3,joint4,joint5,joint6,-0.00031403140746988356,-0.5378037691116333,-0.6396039724349976,0.031717170029878616,-0.05664566531777382,0.835951566696167,0.0,0.0,0.0,0.0,0.0,0.0,0.0,0.0,0.0,0.0,0.0,0.0
1761396960891904144,19577,1761396960891379594,,joint1,joint2,joint3,joint4,joint5,joint6,-0.00031403140746988356,-0.5378037691116333,-0.6396039724349976,0.031717170029878616,-0.05664566531777382,0.835951566696167,0.0,0.0,0.0,0.0,0.0,0.0,0.0,0.0,0.0,0.0,0.0,0.0
1761396960912007256,19578,1761396960911417688,,joint1,joint2,joint3,joint4,joint5,joint6,-0.00031403140746988356,-0.5378037691116333,-0.6396039724349976,0.031717170029878616,-0.05664566531777382,0.835951566696167,0.0,0.0,0.0,0.0,0.0,0.0,0.0,0.0,0.0,0.0,0.0,0.0
1761396960932447940,19579,1761396960931374471,,joint1,joint2,joint3,joint4,joint5,joint6,-0.00031403140746988356,-0.5378037691116333,-0.6396039724349976,0.031717170029878616,-0.05664566531777382,0.835951566696167,0.0,0.0,0.0,0.0,0.0,0.0,0.0,0.0,0.0,0.0,0.0,0.0
1761396960952463568,19580,1761396960951394638,,joint1,joint2,joint3,joint4,joint5,joint6,-0.00031403140746988356,-0.5378037691116333,-0.6396039724349976,0.031717170029878616,-0.05664566531777382,0.835951566696167,0.0,0.0,0.0,0.0,0.0,0.0,0.0,0.0,0.0,0.0,0.0,0.0
1761396960972256961,19581,1761396960971330790,,joint1,joint2,joint3,joint4,joint5,joint6,-0.00031403140746988356,-0.5378037691116333,-0.6396039724349976,0.031717170029878616,-0.05664566531777382,0.835951566696167,0.0,0.0,0.0,0.0,0.0,0.0,0.0,0.0,0.0,0.0,0.0,0.0
1761396960991867385,19582,1761396960991378518,,joint1,joint2,joint3,joint4,joint5,joint6,-0.00031403140746988356,-0.5378037691116333,-0.6396039724349976,0.031717170029878616,-0.05664566531777382,0.835951566696167,0.0,0.0,0.0,0.0,0.0,0.0,0.0,0.0,0.0,0.0,0.0,0.0
1761396961012232612,19583,1761396961011318031,,joint1,joint2,joint3,joint4,joint5,joint6,-0.00031403140746988356,-0.5378037691116333,-0.6396039724349976,0.031717170029878616,-0.05664566531777382,0.835951566696167,0.0,0.0,0.0,0.0,0.0,0.0,0.0,0.0,0.0,0.0,0.0,0.0
1761396961032374173,19584,1761396961031370677,,joint1,joint2,joint3,joint4,joint5,joint6,-0.00031403140746988356,-0.5378037691116333,-0.6396039724349976,0.031717170029878616,-0.05664566531777382,0.835951566696167,0.0,0.0,0.0,0.0,0.0,0.0,0.0,0.0,0.0,0.0,0.0,0.0
1761396961052049956,19585,1761396961051395300,,joint1,joint2,joint3,joint4,joint5,joint6,-0.00031403140746988356,-0.5378037691116333,-0.6396039724349976,0.031717170029878616,-0.05664566531777382,0.835951566696167,0.0,0.0,0.0,0.0,0.0,0.0,0.0,0.0,0.0,0.0,0.0,0.0
1761396961071904202,19586,1761396961071377989,,joint1,joint2,joint3,joint4,joint5,joint6,-0.00031403140746988356,-0.5378037691116333,-0.6396039724349976,0.031717170029878616,-0.05664566531777382,0.835951566696167,0.0,0.0,0.0,0.0,0.0,0.0,0.0,0.0,0.0,0.0,0.0,0.0
1761396961092280851,19587,1761396961091387611,,joint1,joint2,joint3,joint4,joint5,joint6,-0.00031403140746988356,-0.5378037691116333,-0.6396039724349976,0.031717170029878616,-0.05664566531777382,0.835951566696167,0.0,0.0,0.0,0.0,0.0,0.0,0.0,0.0,0.0,0.0,0.0,0.0
1761396961112318514,19588,1761396961111379335,,joint1,joint2,joint3,joint4,joint5,joint6,-0.00031403140746988356,-0.5378037691116333,-0.6396039724349976,0.031717170029878616,-0.05664566531777382,0.835951566696167,0.0,0.0,0.0,0.0,0.0,0.0,0.0,0.0,0.0,0.0,0.0,0.0
1761396961132112777,19589,1761396961131378230,,joint1,joint2,joint3,joint4,joint5,joint6,-0.00031403140746988356,-0.5378037691116333,-0.6396039724349976,0.031717170029878616,-0.05664566531777382,0.835951566696167,0.0,0.0,0.0,0.0,0.0,0.0,0.0,0.0,0.0,0.0,0.0,0.0
1761396961151871850,19590,1761396961151379632,,joint1,joint2,joint3,joint4,joint5,joint6,-0.00031403140746988356,-0.5378037691116333,-0.6396039724349976,0.031717170029878616,-0.05664566531777382,0.835951566696167,0.0,0.0,0.0,0.0,0.0,0.0,0.0,0.0,0.0,0.0,0.0,0.0
1761396961172163024,19591,1761396961171378733,,joint1,joint2,joint3,joint4,joint5,joint6,-0.00031403140746988356,-0.5378037691116333,-0.6396039724349976,0.031717170029878616,-0.05664566531777382,0.835951566696167,0.0,0.0,0.0,0.0,0.0,0.0,0.0,0.0,0.0,0.0,0.0,0.0
1761396961191952720,19592,1761396961191378122,,joint1,joint2,joint3,joint4,joint5,joint6,-0.00031403140746988356,-0.5378037691116333,-0.6396039724349976,0.031717170029878616,-0.05664566531777382,0.835951566696167,0.0,0.0,0.0,0.0,0.0,0.0,0.0,0.0,0.0,0.0,0.0,0.0
1761396961212302520,19593,1761396961211370762,,joint1,joint2,joint3,joint4,joint5,joint6,-0.00031403140746988356,-0.5378037691116333,-0.6396039724349976,0.031717170029878616,-0.05664566531777382,0.835951566696167,0.0,0.0,0.0,0.0,0.0,0.0,0.0,0.0,0.0,0.0,0.0,0.0
1761396961231902363,19594,1761396961231374414,,joint1,joint2,joint3,joint4,joint5,joint6,-0.00031403140746988356,-0.5378037691116333,-0.6396039724349976,0.031717170029878616,-0.05664566531777382,0.835951566696167,0.0,0.0,0.0,0.0,0.0,0.0,0.0,0.0,0.0,0.0,0.0,0.0
1761396961251913299,19595,1761396961251380229,,joint1,joint2,joint3,joint4,joint5,joint6,-0.00031403140746988356,-0.5378037691116333,-0.6396039724349976,0.031717170029878616,-0.05664566531777382,0.835951566696167,0.0,0.0,0.0,0.0,0.0,0.0,0.0,0.0,0.0,0.0,0.0,0.0
1761396961272000479,19596,1761396961271372357,,joint1,joint2,joint3,joint4,joint5,joint6,-0.00031403140746988356,-0.5378037691116333,-0.6396039724349976,0.031717170029878616,-0.05664566531777382,0.835951566696167,0.0,0.0,0.0,0.0,0.0,0.0,0.0,0.0,0.0,0.0,0.0,0.0
1761396961292222136,19597,1761396961291383026,,joint1,joint2,joint3,joint4,joint5,joint6,-0.00031403140746988356,-0.5378037691116333,-0.6396039724349976,0.031717170029878616,-0.05664566531777382,0.835951566696167,0.0,0.0,0.0,0.0,0.0,0.0,0.0,0.0,0.0,0.0,0.0,0.0
1761396961312075430,19598,1761396961311380997,,joint1,joint2,joint3,joint4,joint5,joint6,-0.00031403140746988356,-0.5378037691116333,-0.6396039724349976,0.031717170029878616,-0.05664566531777382,0.835951566696167,0.0,0.0,0.0,0.0,0.0,0.0,0.0,0.0,0.0,0.0,0.0,0.0
1761396961332130285,19599,1761396961331380622,,joint1,joint2,joint3,joint4,joint5,joint6,-0.00031403140746988356,-0.5378037691116333,-0.6396039724349976,0.031717170029878616,-0.05664566531777382,0.835951566696167,0.0,0.0,0.0,0.0,0.0,0.0,0.0,0.0,0.0,0.0,0.0,0.0
1761396961351896997,19600,1761396961351382147,,joint1,joint2,joint3,joint4,joint5,joint6,-0.00031403140746988356,-0.5378037691116333,-0.6396039724349976,0.031717170029878616,-0.05664566531777382,0.835951566696167,0.0,0.0,0.0,0.0,0.0,0.0,0.0,0.0,0.0,0.0,0.0,0.0
1761396961372146053,19601,1761396961371325833,,joint1,joint2,joint3,joint4,joint5,joint6,-0.00031403140746988356,-0.5378037691116333,-0.6396039724349976,0.031717170029878616,-0.05664566531777382,0.835951566696167,0.0,0.0,0.0,0.0,0.0,0.0,0.0,0.0,0.0,0.0,0.0,0.0
1761396961392179394,19602,1761396961391375340,,joint1,joint2,joint3,joint4,joint5,joint6,-0.00031403140746988356,-0.5378037691116333,-0.6396039724349976,0.031717170029878616,-0.05664566531777382,0.835951566696167,0.0,0.0,0.0,0.0,0.0,0.0,0.0,0.0,0.0,0.0,0.0,0.0
1761396961412013974,19603,1761396961411373681,,joint1,joint2,joint3,joint4,joint5,joint6,-0.00031403140746988356,-0.5378037691116333,-0.6396039724349976,0.031717170029878616,-0.05664566531777382,0.835951566696167,0.0,0.0,0.0,0.0,0.0,0.0,0.0,0.0,0.0,0.0,0.0,0.0
1761396961431821656,19604,1761396961431320714,,joint1,joint2,joint3,joint4,joint5,joint6,-0.00031403140746988356,-0.5378037691116333,-0.6396039724349976,0.031717170029878616,-0.05664566531777382,0.835951566696167,0.0,0.0,0.0,0.0,0.0,0.0,0.0,0.0,0.0,0.0,0.0,0.0
1761396961451840150,19605,1761396961451381512,,joint1,joint2,joint3,joint4,joint5,joint6,-0.00031403140746988356,-0.5378037691116333,-0.6396039724349976,0.031717170029878616,-0.05664566531777382,0.835951566696167,0.0,0.0,0.0,0.0,0.0,0.0,0.0,0.0,0.0,0.0,0.0,0.0
1761396961472195994,19606,1761396961471378124,,joint1,joint2,joint3,joint4,joint5,joint6,-0.00031403140746988356,-0.5378037691116333,-0.6396039724349976,0.031717170029878616,-0.05664566531777382,0.835951566696167,0.0,0.0,0.0,0.0,0.0,0.0,0.0,0.0,0.0,0.0,0.0,0.0
1761396961491883750,19607,1761396961491357416,,joint1,joint2,joint3,joint4,joint5,joint6,-0.00031403140746988356,-0.5378037691116333,-0.6396039724349976,0.031717170029878616,-0.05664566531777382,0.835951566696167,0.0,0.0,0.0,0.0,0.0,0.0,0.0,0.0,0.0,0.0,0.0,0.0
1761396961511901214,19608,1761396961511334145,,joint1,joint2,joint3,joint4,joint5,joint6,-0.00031403140746988356,-0.5378037691116333,-0.6396039724349976,0.031717170029878616,-0.05664566531777382,0.835951566696167,0.0,0.0,0.0,0.0,0.0,0.0,0.0,0.0,0.0,0.0,0.0,0.0
1761396961532316336,19609,1761396961531329567,,joint1,joint2,joint3,joint4,joint5,joint6,-0.00031403140746988356,-0.5378037691116333,-0.6396039724349976,0.031717170029878616,-0.05664566531777382,0.835951566696167,0.0,0.0,0.0,0.0,0.0,0.0,0.0,0.0,0.0,0.0,0.0,0.0
1761396961552380978,19610,1761396961551327659,,joint1,joint2,joint3,joint4,joint5,joint6,-0.00031403140746988356,-0.5378037691116333,-0.6396039724349976,0.031717170029878616,-0.05664566531777382,0.835951566696167,0.0,0.0,0.0,0.0,0.0,0.0,0.0,0.0,0.0,0.0,0.0,0.0
1761396961572298552,19611,1761396961571372941,,joint1,joint2,joint3,joint4,joint5,joint6,-0.00031403140746988356,-0.5378037691116333,-0.6396039724349976,0.031717170029878616,-0.05664566531777382,0.835951566696167,0.0,0.0,0.0,0.0,0.0,0.0,0.0,0.0,0.0,0.0,0.0,0.0
1761396961592055132,19612,1761396961591371693,,joint1,joint2,joint3,joint4,joint5,joint6,-0.00031403140746988356,-0.5378037691116333,-0.6396039724349976,0.031717170029878616,-0.05664566531777382,0.835951566696167,0.0,0.0,0.0,0.0,0.0,0.0,0.0,0.0,0.0,0.0,0.0,0.0
1761396961612341698,19613,1761396961611381665,,joint1,joint2,joint3,joint4,joint5,joint6,-0.00031403140746988356,-0.5378037691116333,-0.6396039724349976,0.031717170029878616,-0.05664566531777382,0.835951566696167,0.0,0.0,0.0,0.0,0.0,0.0,0.0,0.0,0.0,0.0,0.0,0.0
1761396961631970818,19614,1761396961631378958,,joint1,joint2,joint3,joint4,joint5,joint6,-0.00031403140746988356,-0.5378037691116333,-0.6396039724349976,0.031717170029878616,-0.05664566531777382,0.8384638428688049,0.0,0.0,0.0,0.0,0.0,0.0,0.0,0.0,0.0,0.0,0.0,0.0
1761396961652417000,19615,1761396961651395768,,joint1,joint2,joint3,joint4,joint5,joint6,-0.00031403140746988356,-0.5378037691116333,-0.6396039724349976,0.031717170029878616,-0.05664566531777382,0.8384638428688049,0.0,0.0,0.0,0.0,0.0,0.0,0.0,0.0,0.0,0.0,0.0,0.0
1761396961671942976,19616,1761396961671378621,,joint1,joint2,joint3,joint4,joint5,joint6,-0.00031403140746988356,-0.5378037691116333,-0.6396039724349976,0.031717170029878616,-0.05664566531777382,0.8422322273254395,0.0,0.0,0.0,0.0,0.0,0.0,0.0,0.0,0.0,0.0,0.0,0.0
1761396961692057586,19617,1761396961691382219,,joint1,joint2,joint3,joint4,joint5,joint6,-0.00031403140746988356,-0.5378037691116333,-0.6396039724349976,0.031717170029878616,-0.05664566531777382,0.8422322273254395,0.0,0.0,0.0,0.0,0.0,0.0,0.0,0.0,0.0,0.0,0.0,0.0
1761396961712413527,19618,1761396961711389148,,joint1,joint2,joint3,joint4,joint5,joint6,-0.00031403140746988356,-0.5378037691116333,-0.6396039724349976,0.031717170029878616,-0.05664566531777382,0.8472567200660706,0.0,0.0,0.0,0.0,0.0,0.0,0.0,0.0,0.0,0.0,0.0,0.0
1761396961731973102,19619,1761396961731379759,,joint1,joint2,joint3,joint4,joint5,joint6,-0.00031403140746988356,-0.5378037691116333,-0.6396039724349976,0.031717170029878616,-0.05664566531777382,0.8472567200660706,0.0,0.0,0.0,0.0,0.0,0.0,0.0,0.0,0.0,0.0,0.0,0.0
1761396961752279346,19620,1761396961751380960,,joint1,joint2,joint3,joint4,joint5,joint6,-0.00031403140746988356,-0.5378037691116333,-0.6396039724349976,0.031717170029878616,-0.05664566531777382,0.8510251045227051,0.0,0.0,0.0,0.0,0.0,0.0,0.0,0.0,0.0,0.0,0.0,0.0
1761396961772091544,19621,1761396961771327975,,joint1,joint2,joint3,joint4,joint5,joint6,-0.00031403140746988356,-0.5378037691116333,-0.6396039724349976,0.031717170029878616,-0.05664566531777382,0.8510251045227051,0.0,0.0,0.0,0.0,0.0,0.0,0.0,0.0,0.0,0.0,0.0,0.0
1761396961791980445,19622,1761396961791377660,,joint1,joint2,joint3,joint4,joint5,joint6,-0.00031403140746988356,-0.5378037691116333,-0.6396039724349976,0.031717170029878616,-0.05664566531777382,0.8585618734359741,0.0,0.0,0.0,0.0,0.0,0.0,0.0,0.0,0.0,0.0,0.0,0.0
1761396961811982137,19623,1761396961811371208,,joint1,joint2,joint3,joint4,joint5,joint6,-0.00031403140746988356,-0.5378037691116333,-0.6396039724349976,0.031717170029878616,-0.05664566531777382,0.8698669672012329,0.0,0.0,0.0,0.0,0.0,0.0,0.0,0.0,0.0,0.0,0.0,0.0
1761396961831873763,19624,1761396961831380628,,joint1,joint2,joint3,joint4,joint5,joint6,-0.00031403140746988356,-0.5378037691116333,-0.6396039724349976,0.031717170029878616,-0.05664566531777382,0.8698669672012329,0.0,0.0,0.0,0.0,0.0,0.0,0.0,0.0,0.0,0.0,0.0,0.0
1761396961851908845,19625,1761396961851370711,,joint1,joint2,joint3,joint4,joint5,joint6,-0.00031403140746988356,-0.5378037691116333,-0.6396039724349976,0.031717170029878616,-0.05664566531777382,0.8824282288551331,0.0,0.0,0.0,0.0,0.0,0.0,0.0,0.0,0.0,0.0,0.0,0.0
1761396961872333992,19626,1761396961871339288,,joint1,joint2,joint3,joint4,joint5,joint6,-0.00031403140746988356,-0.5378037691116333,-0.6396039724349976,0.031717170029878616,-0.05664566531777382,0.8824282288551331,0.0,0.0,0.0,0.0,0.0,0.0,0.0,0.0,0.0,0.0,0.0,0.0
1761396961892119828,19627,1761396961891379084,,joint1,joint2,joint3,joint4,joint5,joint6,-0.00031403140746988356,-0.5378037691116333,-0.6396039724349976,0.031717170029878616,-0.05664566531777382,0.8899649977684021,0.0,0.0,0.0,0.0,0.0,0.0,0.0,0.0,0.0,0.0,0.0,0.0
1761396961911846237,19628,1761396961911384790,,joint1,joint2,joint3,joint4,joint5,joint6,-0.00031403140746988356,-0.5378037691116333,-0.6396039724349976,0.031717170029878616,-0.05664566531777382,0.8899649977684021,0.0,0.0,0.0,0.0,0.0,0.0,0.0,0.0,0.0,0.0,0.0,0.0
1761396961932044364,19629,1761396961931325939,,joint1,joint2,joint3,joint4,joint5,joint6,-0.00031403140746988356,-0.5378037691116333,-0.6396039724349976,0.031717170029878616,-0.05664566531777382,0.9050384759902954,0.0,0.0,0.0,0.0,0.0,0.0,0.0,0.0,0.0,0.0,0.0,0.0
1761396961951844657,19630,1761396961951372000,,joint1,joint2,joint3,joint4,joint5,joint6,-0.00031403140746988356,-0.5378037691116333,-0.6396039724349976,0.031717170029878616,-0.05664566531777382,0.9050384759902954,0.0,0.0,0.0,0.0,0.0,0.0,0.0,0.0,0.0,0.0,0.0,0.0
1761396961972392234,19631,1761396961971382602,,joint1,joint2,joint3,joint4,joint5,joint6,-0.00031403140746988356,-0.5378037691116333,-0.6396039724349976,0.031717170029878616,-0.05664566531777382,0.9213681221008301,0.0,0.0,0.0,0.0,0.0,0.0,0.0,0.0,0.0,0.0,0.0,0.0
1761396961991880464,19632,1761396961991391420,,joint1,joint2,joint3,joint4,joint5,joint6,-0.00031403140746988356,-0.5378037691116333,-0.6396039724349976,0.031717170029878616,-0.05664566531777382,0.9414661526679993,0.0,0.0,0.0,0.0,0.0,0.0,0.0,0.0,0.0,0.0,0.0,0.0
1761396962012124369,19633,1761396962011384369,,joint1,joint2,joint3,joint4,joint5,joint6,-0.00031403140746988356,-0.5378037691116333,-0.6396039724349976,0.031717170029878616,-0.05664566531777382,0.9414661526679993,0.0,0.0,0.0,0.0,0.0,0.0,0.0,0.0,0.0,0.0,0.0,0.0
1761396962033075107,19634,1761396962031337675,,joint1,joint2,joint3,joint4,joint5,joint6,-0.00031403140746988356,-0.5378037691116333,-0.6396039724349976,0.031717170029878616,-0.05664566531777382,0.9615641832351685,0.0,0.0,0.0,0.0,0.0,0.0,0.0,0.0,0.0,0.0,0.0,0.0
1761396962052263335,19635,1761396962051383058,,joint1,joint2,joint3,joint4,joint5,joint6,-0.00031403140746988356,-0.5378037691116333,-0.6396039724349976,0.031717170029878616,-0.05664566531777382,0.9615641832351685,0.0,0.0,0.0,0.0,0.0,0.0,0.0,0.0,0.0,0.0,0.0,0.0
1761396962072473458,19636,1761396962071380094,,joint1,joint2,joint3,joint4,joint5,joint6,-0.00031403140746988356,-0.5378037691116333,-0.6396039724349976,0.031717170029878616,-0.05664566531777382,0.9703570604324341,0.0,0.0,0.0,0.0,0.0,0.0,0.0,0.0,0.0,0.0,0.0,0.0
1761396962092012185,19637,1761396962091400894,,joint1,joint2,joint3,joint4,joint5,joint6,-0.00031403140746988356,-0.5378037691116333,-0.6396039724349976,0.031717170029878616,-0.05664566531777382,0.9703570604324341,0.0,0.0,0.0,0.0,0.0,0.0,0.0,0.0,0.0,0.0,0.0,0.0
1761396962112206488,19638,1761396962111381426,,joint1,joint2,joint3,joint4,joint5,joint6,-0.00031403140746988356,-0.5378037691116333,-0.6396039724349976,0.031717170029878616,-0.05664566531777382,0.994223415851593,0.0,0.0,0.0,0.0,0.0,0.0,0.0,0.0,0.0,0.0,0.0,0.0
1761396962131841676,19639,1761396962131333439,,joint1,joint2,joint3,joint4,joint5,joint6,-0.00031403140746988356,-0.5378037691116333,-0.6396039724349976,0.031717170029878616,-0.05664566531777382,0.994223415851593,0.0,0.0,0.0,0.0,0.0,0.0,0.0,0.0,0.0,0.0,0.0,0.0
1761396962152122029,19640,1761396962151377714,,joint1,joint2,joint3,joint4,joint5,joint6,-0.00031403140746988356,-0.5378037691116333,-0.6396039724349976,0.031717170029878616,-0.05664566531777382,1.0193458795547485,0.0,0.0,0.0,0.0,0.0,0.0,0.0,0.0,0.0,0.0,0.0,0.0
1761396962172010436,19641,1761396962171330764,,joint1,joint2,joint3,joint4,joint5,joint6,-0.00031403140746988356,-0.5378037691116333,-0.6396039724349976,0.031717170029878616,-0.05664566531777382,1.0482368469238281,0.0,0.0,0.0,0.0,0.0,0.0,0.0,0.0,0.0,0.0,0.0,0.0
1761396962191944494,19642,1761396962191378462,,joint1,joint2,joint3,joint4,joint5,joint6,-0.00031403140746988356,-0.5378037691116333,-0.6396039724349976,0.031717170029878616,-0.05664566531777382,1.0482368469238281,0.0,0.0,0.0,0.0,0.0,0.0,0.0,0.0,0.0,0.0,0.0,0.0
1761396962212104136,19643,1761396962211331012,,joint1,joint2,joint3,joint4,joint5,joint6,-0.00031403140746988356,-0.5378037691116333,-0.6396039724349976,0.031717170029878616,-0.05664566531777382,1.06205415725708,0.0,0.0,0.0,0.0,0.0,0.0,0.0,0.0,0.0,0.0,0.0,0.0
1761396962231836549,19644,1761396962231326087,,joint1,joint2,joint3,joint4,joint5,joint6,-0.00031403140746988356,-0.5378037691116333,-0.6396039724349976,0.031717170029878616,-0.05664566531777382,1.06205415725708,0.0,0.0,0.0,0.0,0.0,0.0,0.0,0.0,0.0,0.0,0.0,0.0
1761396962252391632,19645,1761396962251384337,,joint1,joint2,joint3,joint4,joint5,joint6,-0.00031403140746988356,-0.5378037691116333,-0.6396039724349976,0.031717170029878616,-0.05664566531777382,1.0909451246261597,0.0,0.0,0.0,0.0,0.0,0.0,0.0,0.0,0.0,0.0,0.0,0.0
1761396962271812606,19646,1761396962271351277,,joint1,joint2,joint3,joint4,joint5,joint6,-0.00031403140746988356,-0.5378037691116333,-0.6396039724349976,0.031717170029878616,-0.05664566531777382,1.0909451246261597,0.0,0.0,0.0,0.0,0.0,0.0,0.0,0.0,0.0,0.0,0.0,0.0
1761396962292074730,19647,1761396962291379482,,joint1,joint2,joint3,joint4,joint5,joint6,-0.00031403140746988356,-0.5378037691116333,-0.6396039724349976,0.031717170029878616,-0.05664566531777382,1.1223481893539429,0.0,0.0,0.0,0.0,0.0,0.0,0.0,0.0,0.0,0.0,0.0,0.0
1761396962312302139,19648,1761396962311372064,,joint1,joint2,joint3,joint4,joint5,joint6,-0.00031403140746988356,-0.5378037691116333,-0.6396039724349976,0.031717170029878616,-0.05664566531777382,1.1223481893539429,0.0,0.0,0.0,0.0,0.0,0.0,0.0,0.0,0.0,0.0,0.0,0.0
1761396962331883873,19649,1761396962331392248,,joint1,joint2,joint3,joint4,joint5,joint6,-0.00031403140746988356,-0.5378037691116333,-0.6396039724349976,0.031717170029878616,-0.05664566531777382,1.1550074815750122,0.0,0.0,0.0,0.0,0.0,0.0,0.0,0.0,0.0,0.0,0.0,0.0
1761396962352165208,19650,1761396962351372496,,joint1,joint2,joint3,joint4,joint5,joint6,-0.00031403140746988356,-0.5378037691116333,-0.6396039724349976,0.031717170029878616,-0.05664566531777382,1.17384934425354,0.0,0.0,0.0,0.0,0.0,0.0,0.0,0.0,0.0,0.0,0.0,0.0
1761396962372108493,19651,1761396962371384572,,joint1,joint2,joint3,joint4,joint5,joint6,-0.00031403140746988356,-0.5378037691116333,-0.6396039724349976,0.031717170029878616,-0.05664566531777382,1.17384934425354,0.0,0.0,0.0,0.0,0.0,0.0,0.0,0.0,0.0,0.0,0.0,0.0
1761396962392405907,19652,1761396962391402639,,joint1,joint2,joint3,joint4,joint5,joint6,-0.00031403140746988356,-0.5378037691116333,-0.6396039724349976,0.031717170029878616,-0.05664566531777382,1.2090208530426025,0.0,0.0,0.0,0.0,0.0,0.0,0.0,0.0,0.0,0.0,0.0,0.0
1761396962412206304,19653,1761396962411388123,,joint1,joint2,joint3,joint4,joint5,joint6,-0.00031403140746988356,-0.5378037691116333,-0.6396039724349976,0.031717170029878616,-0.05664566531777382,1.2090208530426025,0.0,0.0,0.0,0.0,0.0,0.0,0.0,0.0,0.0,0.0,0.0,0.0
1761396962431889277,19654,1761396962431382761,,joint1,joint2,joint3,joint4,joint5,joint6,-0.00031403140746988356,-0.5378037691116333,-0.6396039724349976,0.031717170029878616,-0.05664566531777382,1.2467046976089478,0.0,0.0,0.0,0.0,0.0,0.0,0.0,0.0,0.0,0.0,0.0,0.0
1761396962452303352,19655,1761396962451378901,,joint1,joint2,joint3,joint4,joint5,joint6,-0.00031403140746988356,-0.5378037691116333,-0.6396039724349976,0.031717170029878616,-0.05664566531777382,1.2467046976089478,0.0,0.0,0.0,0.0,0.0,0.0,0.0,0.0,0.0,0.0,0.0,0.0
1761396962471943072,19656,1761396962471381110,,joint1,joint2,joint3,joint4,joint5,joint6,-0.00031403140746988356,-0.5378037691116333,-0.6396039724349976,0.031717170029878616,-0.05664566531777382,1.2894129753112793,0.0,0.0,0.0,0.0,0.0,0.0,0.0,0.0,0.0,0.0,0.0,0.0
1761396962491930682,19657,1761396962491340051,,joint1,joint2,joint3,joint4,joint5,joint6,-0.00031403140746988356,-0.5378037691116333,-0.6396039724349976,0.031717170029878616,-0.05664566531777382,1.2894129753112793,0.0,0.0,0.0,0.0,0.0,0.0,0.0,0.0,0.0,0.0,0.0,0.0
1761396962512154111,19658,1761396962511382897,,joint1,joint2,joint3,joint4,joint5,joint6,-0.00031403140746988356,-0.5378037691116333,-0.6396039724349976,0.031717170029878616,-0.05664566531777382,1.3321212530136108,0.0,0.0,0.0,0.0,0.0,0.0,0.0,0.0,0.0,0.0,0.0,0.0
1761396962531907801,19659,1761396962531372329,,joint1,joint2,joint3,joint4,joint5,joint6,-0.00031403140746988356,-0.5378037691116333,-0.6396039724349976,0.031717170029878616,-0.05664566531777382,1.3547314405441284,0.0,0.0,0.0,0.0,0.0,0.0,0.0,0.0,0.0,0.0,0.0,0.0
1761396962552319769,19660,1761396962551381931,,joint1,joint2,joint3,joint4,joint5,joint6,-0.00031403140746988356,-0.5378037691116333,-0.6396039724349976,0.031717170029878616,-0.05664566531777382,1.3547314405441284,0.0,0.0,0.0,0.0,0.0,0.0,0.0,0.0,0.0,0.0,0.0,0.0
1761396962572162223,19661,1761396962571329262,,joint1,joint2,joint3,joint4,joint5,joint6,-0.00031403140746988356,-0.5378037691116333,-0.6396039724349976,0.031717170029878616,-0.05664566531777382,1.4012081623077393,0.0,0.0,0.0,0.0,0.0,0.0,0.0,0.0,0.0,0.0,0.0,0.0
1761396962592316392,19662,1761396962591326416,,joint1,joint2,joint3,joint4,joint5,joint6,-0.00031403140746988356,-0.5378037691116333,-0.6396039724349976,0.031717170029878616,-0.05664566531777382,1.4012081623077393,0.0,0.0,0.0,0.0,0.0,0.0,0.0,0.0,0.0,0.0,0.0,0.0
1761396962611755639,19663,1761396962611316015,,joint1,joint2,joint3,joint4,joint5,joint6,-0.00031403140746988356,-0.5378037691116333,-0.6396039724349976,0.031717170029878616,-0.05664566531777382,1.4489408731460571,0.0,0.0,0.0,0.0,0.0,0.0,0.0,0.0,0.0,0.0,0.0,0.0
1761396962631861956,19664,1761396962631383669,,joint1,joint2,joint3,joint4,joint5,joint6,-0.00031403140746988356,-0.5378037691116333,-0.6396039724349976,0.031717170029878616,-0.05664566531777382,1.4489408731460571,0.0,0.0,0.0,0.0,0.0,0.0,0.0,0.0,0.0,0.0,0.0,0.0
1761396962651904645,19665,1761396962651378534,,joint1,joint2,joint3,joint4,joint5,joint6,-0.00031403140746988356,-0.5378037691116333,-0.6396039724349976,0.031717170029878616,-0.05664566531777382,1.4979298114776611,0.0,0.0,0.0,0.0,0.0,0.0,0.0,0.0,0.0,0.0,0.0,0.0
1761396962672001105,19666,1761396962671352987,,joint1,joint2,joint3,joint4,joint5,joint6,-0.00031403140746988356,-0.5378037691116333,-0.6396039724349976,0.031717170029878616,-0.05664566531777382,1.4979298114776611,0.0,0.0,0.0,0.0,0.0,0.0,0.0,0.0,0.0,0.0,0.0,0.0
1761396962692349686,19667,1761396962691382568,,joint1,joint2,joint3,joint4,joint5,joint6,-0.00031403140746988356,-0.5378037691116333,-0.6396039724349976,0.031717170029878616,-0.05664566531777382,1.524308443069458,0.0,0.0,0.0,0.0,0.0,0.0,0.0,0.0,0.0,0.0,0.0,0.0
1761396962711988707,19668,1761396962711378718,,joint1,joint2,joint3,joint4,joint5,joint6,-0.00031403140746988356,-0.5378037691116333,-0.6396039724349976,0.031717170029878616,-0.05664566531777382,1.5783218145370483,0.0,0.0,0.0,0.0,0.0,0.0,0.0,0.0,0.0,0.0,0.0,0.0
1761396962732415241,19669,1761396962731375905,,joint1,joint2,joint3,joint4,joint5,joint6,-0.00031403140746988356,-0.5378037691116333,-0.6396039724349976,0.031717170029878616,-0.05664566531777382,1.5783218145370483,0.0,0.0,0.0,0.0,0.0,0.0,0.0,0.0,0.0,0.0,0.0,0.0
1761396962751862810,19670,1761396962751371544,,joint1,joint2,joint3,joint4,joint5,joint6,-0.00031403140746988356,-0.5378037691116333,-0.6396039724349976,0.031717170029878616,-0.05664566531777382,1.6323351860046387,0.0,0.0,0.0,0.0,0.0,0.0,0.0,0.0,0.0,0.0,0.0,0.0
1761396962771936457,19671,1761396962771375855,,joint1,joint2,joint3,joint4,joint5,joint6,-0.00031403140746988356,-0.5378037691116333,-0.6396039724349976,0.031717170029878616,-0.05664566531777382,1.6323351860046387,0.0,0.0,0.0,0.0,0.0,0.0,0.0,0.0,0.0,0.0,0.0,0.0
1761396962792315038,19672,1761396962791393683,,joint1,joint2,joint3,joint4,joint5,joint6,-0.00031403140746988356,-0.5378037691116333,-0.6396039724349976,0.031717170029878616,-0.05664566531777382,1.6876047849655151,0.0,0.0,0.0,0.0,0.0,0.0,0.0,0.0,0.0,0.0,0.0,0.0
1761396962812066525,19673,1761396962811377526,,joint1,joint2,joint3,joint4,joint5,joint6,-0.00031403140746988356,-0.5378037691116333,-0.6396039724349976,0.031717170029878616,-0.05664566531777382,1.6876047849655151,0.0,0.0,0.0,0.0,0.0,0.0,0.0,0.0,0.0,0.0,0.0,0.0
1761396962831885312,19674,1761396962831377611,,joint1,joint2,joint3,joint4,joint5,joint6,-0.00031403140746988356,-0.5378037691116333,-0.6396039724349976,0.031717170029878616,-0.05664566531777382,1.7164956331253052,0.0,0.0,0.0,0.0,0.0,0.0,0.0,0.0,0.0,0.0,0.0,0.0
1761396962852360739,19675,1761396962851335243,,joint1,joint2,joint3,joint4,joint5,joint6,-0.00031403140746988356,-0.5378037691116333,-0.6396039724349976,0.031717170029878616,-0.05664566531777382,1.7164956331253052,0.0,0.0,0.0,0.0,0.0,0.0,0.0,0.0,0.0,0.0,0.0,0.0
1761396962871975867,19676,1761396962871372696,,joint1,joint2,joint3,joint4,joint5,joint6,-0.00031403140746988356,-0.5378037691116333,-0.6396039724349976,0.031717170029878616,-0.05664566531777382,1.7755335569381714,0.0,0.0,0.0,0.0,0.0,0.0,0.0,0.0,0.0,0.0,0.0,0.0
1761396962892211509,19677,1761396962891326393,,joint1,joint2,joint3,joint4,joint5,joint6,-0.00031403140746988356,-0.5378037691116333,-0.6396039724349976,0.031717170029878616,-0.05664566531777382,1.833315372467041,0.0,0.0,0.0,0.0,0.0,0.0,0.0,0.0,0.0,0.0,0.0,0.0
1761396962912156736,19678,1761396962911322893,,joint1,joint2,joint3,joint4,joint5,joint6,-0.00031403140746988356,-0.5378037691116333,-0.6396039724349976,0.031717170029878616,-0.05664566531777382,1.833315372467041,0.0,0.0,0.0,0.0,0.0,0.0,0.0,0.0,0.0,0.0,0.0,0.0
1761396962932135599,19679,1761396962931383755,,joint1,joint2,joint3,joint4,joint5,joint6,-0.00031403140746988356,-0.5378037691116333,-0.6396039724349976,0.031717170029878616,-0.05664566531777382,1.8986338376998901,0.0,0.0,0.0,0.0,0.0,0.0,0.0,0.0,0.0,0.0,0.0,0.0
1761396962952449721,19680,1761396962951359482,,joint1,joint2,joint3,joint4,joint5,joint6,-0.00031403140746988356,-0.5378037691116333,-0.6396039724349976,0.031717170029878616,-0.05664566531777382,1.8986338376998901,0.0,0.0,0.0,0.0,0.0,0.0,0.0,0.0,0.0,0.0,0.0,0.0
1761396962972363264,19681,1761396962971336830,,joint1,joint2,joint3,joint4,joint5,joint6,-0.00031403140746988356,-0.5378037691116333,-0.6396039724349976,0.031717170029878616,-0.05664566531777382,1.9601839780807495,0.0,0.0,0.0,0.0,0.0,0.0,0.0,0.0,0.0,0.0,0.0,0.0
1761396962991912529,19682,1761396962991377646,,joint1,joint2,joint3,joint4,joint5,joint6,-0.00031403140746988356,-0.5378037691116333,-0.6396039724349976,0.031717170029878616,-0.05664566531777382,1.9601839780807495,0.0,0.0,0.0,0.0,0.0,0.0,0.0,0.0,0.0,0.0,0.0,0.0
1761396963012025933,19683,1761396963011361522,,joint1,joint2,joint3,joint4,joint5,joint6,-0.00031403140746988356,-0.5378037691116333,-0.6396039724349976,0.031717170029878616,-0.05664566531777382,1.9940993785858154,0.0,0.0,0.0,0.0,0.0,0.0,0.0,0.0,0.0,0.0,0.0,0.0
1761396963031851560,19684,1761396963031333537,,joint1,joint2,joint3,joint4,joint5,joint6,-0.00031403140746988356,-0.5378037691116333,-0.6396039724349976,0.031717170029878616,-0.05664566531777382,1.9940993785858154,0.0,0.0,0.0,0.0,0.0,0.0,0.0,0.0,0.0,0.0,0.0,0.0
1761396963051910853,19685,1761396963051377880,,joint1,joint2,joint3,joint4,joint5,joint6,-0.00031403140746988356,-0.5378037691116333,-0.6396039724349976,0.031717170029878616,-0.05664566531777382,2.059417963027954,0.0,0.0,0.0,0.0,0.0,0.0,0.0,0.0,0.0,0.0,0.0,0.0
1761396963072328014,19686,1761396963071332380,,joint1,joint2,joint3,joint4,joint5,joint6,-0.00031403140746988356,-0.5378037691116333,-0.6396039724349976,0.031717170029878616,-0.05664566531777382,2.1310172080993652,0.0,0.0,0.0,0.0,0.0,0.0,0.0,0.0,0.0,0.0,0.0,0.0
1761396963092456956,19687,1761396963091384148,,joint1,joint2,joint3,joint4,joint5,joint6,-0.00031403140746988356,-0.5378037691116333,-0.6396039724349976,0.031717170029878616,-0.05664566531777382,2.1310172080993652,0.0,0.0,0.0,0.0,0.0,0.0,0.0,0.0,0.0,0.0,0.0,0.0
1761396963111883768,19688,1761396963111382714,,joint1,joint2,joint3,joint4,joint5,joint6,-0.00031403140746988356,-0.5378037691116333,-0.6396039724349976,0.031717170029878616,-0.05664566531777382,2.2051284313201904,0.0,0.0,0.0,0.0,0.0,0.0,0.0,0.0,0.0,0.0,0.0,0.0
1761396963132279978,19689,1761396963131321373,,joint1,joint2,joint3,joint4,joint5,joint6,-0.00031403140746988356,-0.5378037691116333,-0.6396039724349976,0.031717170029878616,-0.05664566531777382,2.2051284313201904,0.0,0.0,0.0,0.0,0.0,0.0,0.0,0.0,0.0,0.0,0.0,0.0
1761396963152284140,19690,1761396963151329713,,joint1,joint2,joint3,joint4,joint5,joint6,-0.00031403140746988356,-0.5378037691116333,-0.6396039724349976,0.031717170029878616,-0.05664566531777382,2.240299940109253,0.0,0.0,0.0,0.0,0.0,0.0,0.0,0.0,0.0,0.0,0.0,0.0
1761396963172339494,19691,1761396963171315703,,joint1,joint2,joint3,joint4,joint5,joint6,-0.00031403140746988356,-0.5378037691116333,-0.6396039724349976,0.031717170029878616,-0.05664566531777382,2.240299940109253,0.0,0.0,0.0,0.0,0.0,0.0,0.0,0.0,0.0,0.0,0.0,0.0
1761396963192401693,19692,1761396963191326692,,joint1,joint2,joint3,joint4,joint5,joint6,-0.00031403140746988356,-0.5378037691116333,-0.6396039724349976,0.031717170029878616,-0.05664566531777382,2.3144114017486572,0.0,0.0,0.0,0.0,0.0,0.0,0.0,0.0,0.0,0.0,0.0,0.0
1761396963211996784,19693,1761396963211375028,,joint1,joint2,joint3,joint4,joint5,joint6,-0.00031403140746988356,-0.5378037691116333,-0.6396039724349976,0.031717170029878616,-0.05664566531777382,2.3144114017486572,0.0,0.0,0.0,0.0,0.0,0.0,0.0,0.0,0.0,0.0,0.0,0.0
1761396963232227690,19694,1761396963231378390,,joint1,joint2,joint3,joint4,joint5,joint6,-0.00031403140746988356,-0.5378037691116333,-0.6396039724349976,0.031717170029878616,-0.05664566531777382,2.392291307449341,0.0,0.0,0.0,0.0,0.0,0.0,0.0,0.0,0.0,0.0,0.0,0.0
1761396963252231668,19695,1761396963251373252,,joint1,joint2,joint3,joint4,joint5,joint6,-0.00031403140746988356,-0.5378037691116333,-0.6396039724349976,0.031717170029878616,-0.05664566531777382,2.392291307449341,0.0,0.0,0.0,0.0,0.0,0.0,0.0,0.0,0.0,0.0,0.0,0.0
1761396963272113500,19696,1761396963271328570,,joint1,joint2,joint3,joint4,joint5,joint6,-0.00031403140746988356,-0.5378037691116333,-0.6396039724349976,0.031717170029878616,-0.05664566531777382,2.392291307449341,0.0,0.0,0.0,0.0,0.0,0.0,0.0,0.0,0.0,0.0,0.0,0.0
1761396963292193735,19697,1761396963291381366,,joint1,joint2,joint3,joint4,joint5,joint6,-0.00031403140746988356,-0.5378037691116333,-0.6396039724349976,0.031717170029878616,-0.05664566531777382,2.392291307449341,0.0,0.0,0.0,0.0,0.0,0.0,0.0,0.0,0.0,0.0,0.0,0.0
1761396963312415333,19698,1761396963311392481,,joint1,joint2,joint3,joint4,joint5,joint6,-0.00031403140746988356,-0.5378037691116333,-0.6396039724349976,0.031717170029878616,-0.05664566531777382,2.392291307449341,0.0,0.0,0.0,0.0,0.0,0.0,0.0,0.0,0.0,0.0,0.0,0.0
1761396963331928618,19699,1761396963331380143,,joint1,joint2,joint3,joint4,joint5,joint6,-0.00031403140746988356,-0.5378037691116333,-0.6396039724349976,0.031717170029878616,-0.05664566531777382,2.392291307449341,0.0,0.0,0.0,0.0,0.0,0.0,0.0,0.0,0.0,0.0,0.0,0.0
1761396963351947762,19700,1761396963351387038,,joint1,joint2,joint3,joint4,joint5,joint6,-0.00031403140746988356,-0.5378037691116333,-0.6396039724349976,0.031717170029878616,-0.05664566531777382,2.392291307449341,0.0,0.0,0.0,0.0,0.0,0.0,0.0,0.0,0.0,0.0,0.0,0.0
1761396963372293271,19701,1761396963371381166,,joint1,joint2,joint3,joint4,joint5,joint6,-0.00031403140746988356,-0.5378037691116333,-0.6396039724349976,0.031717170029878616,-0.05664566531777382,2.392291307449341,0.0,0.0,0.0,0.0,0.0,0.0,0.0,0.0,0.0,0.0,0.0,0.0
1761396963391869677,19702,1761396963391371070,,joint1,joint2,joint3,joint4,joint5,joint6,-0.00031403140746988356,-0.5378037691116333,-0.6396039724349976,0.031717170029878616,-0.05664566531777382,2.392291307449341,0.0,0.0,0.0,0.0,0.0,0.0,0.0,0.0,0.0,0.0,0.0,0.0
1761396963411998428,19703,1761396963411389656,,joint1,joint2,joint3,joint4,joint5,joint6,-0.00031403140746988356,-0.5378037691116333,-0.6396039724349976,0.031717170029878616,-0.05664566531777382,2.3897790908813477,0.0,0.0,0.0,0.0,0.0,0.0,0.0,0.0,0.0,0.0,0.0,0.0
1761396963431861639,19704,1761396963431378138,,joint1,joint2,joint3,joint4,joint5,joint6,-0.00031403140746988356,-0.5378037691116333,-0.6396039724349976,0.031717170029878616,-0.05664566531777382,2.383498430252075,0.0,0.0,0.0,0.0,0.0,0.0,0.0,0.0,0.0,0.0,0.0,0.0
1761396963451916498,19705,1761396963451382139,,joint1,joint2,joint3,joint4,joint5,joint6,-0.00031403140746988356,-0.5378037691116333,-0.6396039724349976,0.031717170029878616,-0.05664566531777382,2.383498430252075,0.0,0.0,0.0,0.0,0.0,0.0,0.0,0.0,0.0,0.0,0.0,0.0
1761396963471873296,19706,1761396963471321566,,joint1,joint2,joint3,joint4,joint5,joint6,-0.00031403140746988356,-0.5378037691116333,-0.6396039724349976,0.031717170029878616,-0.05664566531777382,2.380986213684082,0.0,0.0,0.0,0.0,0.0,0.0,0.0,0.0,0.0,0.0,0.0,0.0
1761396963492060709,19707,1761396963491351273,,joint1,joint2,joint3,joint4,joint5,joint6,-0.00031403140746988356,-0.5378037691116333,-0.6396039724349976,0.031717170029878616,-0.05664566531777382,2.380986213684082,0.0,0.0,0.0,0.0,0.0,0.0,0.0,0.0,0.0,0.0,0.0,0.0
1761396963512196506,19708,1761396963511322077,,joint1,joint2,joint3,joint4,joint5,joint6,-0.00031403140746988356,-0.5378037691116333,-0.6396039724349976,0.031717170029878616,-0.05664566531777382,2.3721933364868164,0.0,0.0,0.0,0.0,0.0,0.0,0.0,0.0,0.0,0.0,0.0,0.0
1761396963532394005,19709,1761396963531361300,,joint1,joint2,joint3,joint4,joint5,joint6,-0.00031403140746988356,-0.5378037691116333,-0.6396039724349976,0.031717170029878616,-0.05664566531777382,2.3721933364868164,0.0,0.0,0.0,0.0,0.0,0.0,0.0,0.0,0.0,0.0,0.0,0.0
1761396963552196904,19710,1761396963551342024,,joint1,joint2,joint3,joint4,joint5,joint6,-0.00031403140746988356,-0.5378037691116333,-0.6396039724349976,0.031717170029878616,-0.05664566531777382,2.3608880043029785,0.0,0.0,0.0,0.0,0.0,0.0,0.0,0.0,0.0,0.0,0.0,0.0
1761396963572107098,19711,1761396963571374092,,joint1,joint2,joint3,joint4,joint5,joint6,-0.00031403140746988356,-0.5378037691116333,-0.6396039724349976,0.031717170029878616,-0.05664566531777382,2.3608880043029785,0.0,0.0,0.0,0.0,0.0,0.0,0.0,0.0,0.0,0.0,0.0,0.0
1761396963591910830,19712,1761396963591382958,,joint1,joint2,joint3,joint4,joint5,joint6,-0.00031403140746988356,-0.5378037691116333,-0.6396039724349976,0.031717170029878616,-0.05664566531777382,2.3495829105377197,0.0,0.0,0.0,0.0,0.0,0.0,0.0,0.0,0.0,0.0,0.0,0.0
1761396963611906816,19713,1761396963611370297,,joint1,joint2,joint3,joint4,joint5,joint6,-0.00031403140746988356,-0.5378037691116333,-0.6396039724349976,0.031717170029878616,-0.05664566531777382,2.340790033340454,0.0,0.0,0.0,0.0,0.0,0.0,0.0,0.0,0.0,0.0,0.0,0.0
1761396963631622995,19714,1761396963631351379,,joint1,joint2,joint3,joint4,joint5,joint6,-0.00031403140746988356,-0.5378037691116333,-0.6396039724349976,0.031717170029878616,-0.05664566531777382,2.340790033340454,0.0,0.0,0.0,0.0,0.0,0.0,0.0,0.0,0.0,0.0,0.0,0.0
1761396963651789118,19715,1761396963651342692,,joint1,joint2,joint3,joint4,joint5,joint6,-0.00031403140746988356,-0.5378037691116333,-0.6396039724349976,0.031717170029878616,-0.05664566531777382,2.326972723007202,0.0,0.0,0.0,0.0,0.0,0.0,0.0,0.0,0.0,0.0,0.0,0.0
1761396963671619635,19716,1761396963671338898,,joint1,joint2,joint3,joint4,joint5,joint6,-0.00031403140746988356,-0.5378037691116333,-0.6396039724349976,0.031717170029878616,-0.05664566531777382,2.326972723007202,0.0,0.0,0.0,0.0,0.0,0.0,0.0,0.0,0.0,0.0,0.0,0.0
1761396963691819187,19717,1761396963691374974,,joint1,joint2,joint3,joint4,joint5,joint6,-0.00031403140746988356,-0.5378037691116333,-0.6396039724349976,0.031717170029878616,-0.05664566531777382,2.309386968612671,0.0,0.0,0.0,0.0,0.0,0.0,0.0,0.0,0.0,0.0,0.0,0.0
1761396963711761914,19718,1761396963711374048,,joint1,joint2,joint3,joint4,joint5,joint6,-0.00031403140746988356,-0.5378037691116333,-0.6396039724349976,0.031717170029878616,-0.05664566531777382,2.309386968612671,0.0,0.0,0.0,0.0,0.0,0.0,0.0,0.0,0.0,0.0,0.0,0.0
1761396963732025719,19719,1761396963731322884,,joint1,joint2,joint3,joint4,joint5,joint6,-0.00031403140746988356,-0.5378037691116333,-0.6396039724349976,0.031717170029878616,-0.05664566531777382,2.2892889976501465,0.0,0.0,0.0,0.0,0.0,0.0,0.0,0.0,0.0,0.0,0.0,0.0
1761396963751910167,19720,1761396963751340365,,joint1,joint2,joint3,joint4,joint5,joint6,-0.00031403140746988356,-0.5378037691116333,-0.6396039724349976,0.031717170029878616,-0.05664566531777382,2.2892889976501465,0.0,0.0,0.0,0.0,0.0,0.0,0.0,0.0,0.0,0.0,0.0,0.0
1761396963772159358,19721,1761396963771385001,,joint1,joint2,joint3,joint4,joint5,joint6,-0.00031403140746988356,-0.5378037691116333,-0.6396039724349976,0.031717170029878616,-0.05664566531777382,2.280496120452881,0.0,0.0,0.0,0.0,0.0,0.0,0.0,0.0,0.0,0.0,0.0,0.0
1761396963792508177,19722,1761396963791382289,,joint1,joint2,joint3,joint4,joint5,joint6,-0.00031403140746988356,-0.5378037691116333,-0.6396039724349976,0.031717170029878616,-0.05664566531777382,2.257885694503784,0.0,0.0,0.0,0.0,0.0,0.0,0.0,0.0,0.0,0.0,0.0,0.0
1761396963812240124,19723,1761396963811380257,,joint1,joint2,joint3,joint4,joint5,joint6,-0.00031403140746988356,-0.5378037691116333,-0.6396039724349976,0.031717170029878616,-0.05664566531777382,2.257885694503784,0.0,0.0,0.0,0.0,0.0,0.0,0.0,0.0,0.0,0.0,0.0,0.0
1761396963831931178,19724,1761396963831376376,,joint1,joint2,joint3,joint4,joint5,joint6,-0.00031403140746988356,-0.5378037691116333,-0.6396039724349976,0.031717170029878616,-0.05664566531777382,2.2352755069732666,0.0,0.0,0.0,0.0,0.0,0.0,0.0,0.0,0.0,0.0,0.0,0.0
1761396963852025515,19725,1761396963851382808,,joint1,joint2,joint3,joint4,joint5,joint6,-0.00031403140746988356,-0.5378037691116333,-0.6396039724349976,0.031717170029878616,-0.05664566531777382,2.2352755069732666,0.0,0.0,0.0,0.0,0.0,0.0,0.0,0.0,0.0,0.0,0.0,0.0
1761396963871877007,19726,1761396963871382791,,joint1,joint2,joint3,joint4,joint5,joint6,-0.00031403140746988356,-0.5378037691116333,-0.6396039724349976,0.031717170029878616,-0.05664566531777382,2.2088968753814697,0.0,0.0,0.0,0.0,0.0,0.0,0.0,0.0,0.0,0.0,0.0,0.0
1761396963892305510,19727,1761396963891325400,,joint1,joint2,joint3,joint4,joint5,joint6,-0.00031403140746988356,-0.5378037691116333,-0.6396039724349976,0.031717170029878616,-0.05664566531777382,2.2088968753814697,0.0,0.0,0.0,0.0,0.0,0.0,0.0,0.0,0.0,0.0,0.0,0.0
1761396963912421322,19728,1761396963911399551,,joint1,joint2,joint3,joint4,joint5,joint6,-0.00031403140746988356,-0.5378037691116333,-0.6396039724349976,0.031717170029878616,-0.05664566531777382,2.182518243789673,0.0,0.0,0.0,0.0,0.0,0.0,0.0,0.0,0.0,0.0,0.0,0.0
1761396963932200258,19729,1761396963931324979,,joint1,joint2,joint3,joint4,joint5,joint6,-0.00031403140746988356,-0.5378037691116333,-0.6396039724349976,0.031717170029878616,-0.05664566531777382,2.1661887168884277,0.0,0.0,0.0,0.0,0.0,0.0,0.0,0.0,0.0,0.0,0.0,0.0
1761396963952408434,19730,1761396963951337105,,joint1,joint2,joint3,joint4,joint5,joint6,-0.00031403140746988356,-0.5378037691116333,-0.6396039724349976,0.031717170029878616,-0.05664566531777382,2.1661887168884277,0.0,0.0,0.0,0.0,0.0,0.0,0.0,0.0,0.0,0.0,0.0,0.0
1761396963972287201,19731,1761396963971331014,,joint1,joint2,joint3,joint4,joint5,joint6,-0.00031403140746988356,-0.5378037691116333,-0.6396039724349976,0.031717170029878616,-0.05664566531777382,2.1372976303100586,0.0,0.0,0.0,0.0,0.0,0.0,0.0,0.0,0.0,0.0,0.0,0.0
1761396963992469951,19732,1761396963991388062,,joint1,joint2,joint3,joint4,joint5,joint6,-0.00031403140746988356,-0.5378037691116333,-0.6396039724349976,0.031717170029878616,-0.05664566531777382,2.1372976303100586,0.0,0.0,0.0,0.0,0.0,0.0,0.0,0.0,0.0,0.0,0.0,0.0
1761396964012291193,19733,1761396964011378668,,joint1,joint2,joint3,joint4,joint5,joint6,-0.00031403140746988356,-0.5378037691116333,-0.6396039724349976,0.031717170029878616,-0.05664566531777382,2.1033823490142822,0.0,0.0,0.0,0.0,0.0,0.0,0.0,0.0,0.0,0.0,0.0,0.0
1761396964031920776,19734,1761396964031378798,,joint1,joint2,joint3,joint4,joint5,joint6,-0.00031403140746988356,-0.5378037691116333,-0.6396039724349976,0.031717170029878616,-0.05664566531777382,2.1033823490142822,0.0,0.0,0.0,0.0,0.0,0.0,0.0,0.0,0.0,0.0,0.0,0.0
1761396964051900190,19735,1761396964051334111,,joint1,joint2,joint3,joint4,joint5,joint6,-0.00031403140746988356,-0.5378037691116333,-0.6396039724349976,0.031717170029878616,-0.05664566531777382,2.0682108402252197,0.0,0.0,0.0,0.0,0.0,0.0,0.0,0.0,0.0,0.0,0.0,0.0
1761396964072150216,19736,1761396964071382408,,joint1,joint2,joint3,joint4,joint5,joint6,-0.00031403140746988356,-0.5378037691116333,-0.6396039724349976,0.031717170029878616,-0.05664566531777382,2.0682108402252197,0.0,0.0,0.0,0.0,0.0,0.0,0.0,0.0,0.0,0.0,0.0,0.0
1761396964091863204,19737,1761396964091376807,,joint1,joint2,joint3,joint4,joint5,joint6,-0.00031403140746988356,-0.5378037691116333,-0.6396039724349976,0.031717170029878616,-0.05664566531777382,2.0506250858306885,0.0,0.0,0.0,0.0,0.0,0.0,0.0,0.0,0.0,0.0,0.0,0.0
1761396964112062529,19738,1761396964111387249,,joint1,joint2,joint3,joint4,joint5,joint6,-0.00031403140746988356,-0.5378037691116333,-0.6396039724349976,0.031717170029878616,-0.05664566531777382,2.0116851329803467,0.0,0.0,0.0,0.0,0.0,0.0,0.0,0.0,0.0,0.0,0.0,0.0
1761396964132385971,19739,1761396964131332728,,joint1,joint2,joint3,joint4,joint5,joint6,-0.00031403140746988356,-0.5378037691116333,-0.6396039724349976,0.031717170029878616,-0.05664566531777382,2.0116851329803467,0.0,0.0,0.0,0.0,0.0,0.0,0.0,0.0,0.0,0.0,0.0,0.0
1761396964152348552,19740,1761396964151370439,,joint1,joint2,joint3,joint4,joint5,joint6,-0.00031403140746988356,-0.5378037691116333,-0.6396039724349976,0.031717170029878616,-0.05664566531777382,1.9714891910552979,0.0,0.0,0.0,0.0,0.0,0.0,0.0,0.0,0.0,0.0,0.0,0.0
1761396964172126464,19741,1761396964171377785,,joint1,joint2,joint3,joint4,joint5,joint6,-0.00031403140746988356,-0.5378037691116333,-0.6396039724349976,0.031717170029878616,-0.05664566531777382,1.9714891910552979,0.0,0.0,0.0,0.0,0.0,0.0,0.0,0.0,0.0,0.0,0.0,0.0
1761396964192155744,19742,1761396964191379046,,joint1,joint2,joint3,joint4,joint5,joint6,-0.00031403140746988356,-0.5378037691116333,-0.6396039724349976,0.031717170029878616,-0.05664566531777382,1.930037021636963,0.0,0.0,0.0,0.0,0.0,0.0,0.0,0.0,0.0,0.0,0.0,0.0
1761396964211937161,19743,1761396964211377748,,joint1,joint2,joint3,joint4,joint5,joint6,-0.00031403140746988356,-0.5378037691116333,-0.6396039724349976,0.031717170029878616,-0.05664566531777382,1.930037021636963,0.0,0.0,0.0,0.0,0.0,0.0,0.0,0.0,0.0,0.0,0.0,0.0
1761396964232177491,19744,1761396964231325451,,joint1,joint2,joint3,joint4,joint5,joint6,-0.00031403140746988356,-0.5378037691116333,-0.6396039724349976,0.031717170029878616,-0.05664566531777382,1.9099390506744385,0.0,0.0,0.0,0.0,0.0,0.0,0.0,0.0,0.0,0.0,0.0,0.0
1761396964252345344,19745,1761396964251371564,,joint1,joint2,joint3,joint4,joint5,joint6,-0.00031403140746988356,-0.5378037691116333,-0.6396039724349976,0.031717170029878616,-0.05664566531777382,1.9099390506744385,0.0,0.0,0.0,0.0,0.0,0.0,0.0,0.0,0.0,0.0,0.0,0.0
1761396964271951349,19746,1761396964271385138,,joint1,joint2,joint3,joint4,joint5,joint6,-0.00031403140746988356,-0.5378037691116333,-0.6396039724349976,0.031717170029878616,-0.05664566531777382,1.862206220626831,0.0,0.0,0.0,0.0,0.0,0.0,0.0,0.0,0.0,0.0,0.0,0.0
1761396964292365014,19747,1761396964291322052,,joint1,joint2,joint3,joint4,joint5,joint6,-0.00031403140746988356,-0.5378037691116333,-0.6396039724349976,0.031717170029878616,-0.05664566531777382,1.818241834640503,0.0,0.0,0.0,0.0,0.0,0.0,0.0,0.0,0.0,0.0,0.0,0.0
1761396964311901309,19748,1761396964311381082,,joint1,joint2,joint3,joint4,joint5,joint6,-0.00031403140746988356,-0.5378037691116333,-0.6396039724349976,0.031717170029878616,-0.05664566531777382,1.818241834640503,0.0,0.0,0.0,0.0,0.0,0.0,0.0,0.0,0.0,0.0,0.0,0.0
1761396964332163357,19749,1761396964331323026,,joint1,joint2,joint3,joint4,joint5,joint6,-0.00031403140746988356,-0.5378037691116333,-0.6396039724349976,0.031717170029878616,-0.05664566531777382,1.7679967880249023,0.0,0.0,0.0,0.0,0.0,0.0,0.0,0.0,0.0,0.0,0.0,0.0
1761396964352360975,19750,1761396964351372090,,joint1,joint2,joint3,joint4,joint5,joint6,-0.00031403140746988356,-0.5378037691116333,-0.6396039724349976,0.031717170029878616,-0.05664566531777382,1.7679967880249023,0.0,0.0,0.0,0.0,0.0,0.0,0.0,0.0,0.0,0.0,0.0,0.0
1761396964372099084,19751,1761396964371381977,,joint1,joint2,joint3,joint4,joint5,joint6,-0.00031403140746988356,-0.5378037691116333,-0.6396039724349976,0.031717170029878616,-0.05664566531777382,1.7164956331253052,0.0,0.0,0.0,0.0,0.0,0.0,0.0,0.0,0.0,0.0,0.0,0.0
1761396964391854105,19752,1761396964391382998,,joint1,joint2,joint3,joint4,joint5,joint6,-0.00031403140746988356,-0.5378037691116333,-0.6396039724349976,0.031717170029878616,-0.05664566531777382,1.7164956331253052,0.0,0.0,0.0,0.0,0.0,0.0,0.0,0.0,0.0,0.0,0.0,0.0
1761396964412273145,19753,1761396964411394198,,joint1,joint2,joint3,joint4,joint5,joint6,-0.00031403140746988356,-0.5378037691116333,-0.6396039724349976,0.031717170029878616,-0.05664566531777382,1.6926292181015015,0.0,0.0,0.0,0.0,0.0,0.0,0.0,0.0,0.0,0.0,0.0,0.0
1761396964431915160,19754,1761396964431338908,,joint1,joint2,joint3,joint4,joint5,joint6,-0.00031403140746988356,-0.5378037691116333,-0.6396039724349976,0.031717170029878616,-0.05664566531777382,1.6926292181015015,0.0,0.0,0.0,0.0,0.0,0.0,0.0,0.0,0.0,0.0,0.0,0.0
1761396964452304946,19755,1761396964451350030,,joint1,joint2,joint3,joint4,joint5,joint6,-0.00031403140746988356,-0.5378037691116333,-0.6396039724349976,0.031717170029878616,-0.05664566531777382,1.6411280632019043,0.0,0.0,0.0,0.0,0.0,0.0,0.0,0.0,0.0,0.0,0.0,0.0
1761396964471851731,19756,1761396964471317475,,joint1,joint2,joint3,joint4,joint5,joint6,-0.00031403140746988356,-0.5378037691116333,-0.6396039724349976,0.031717170029878616,-0.05664566531777382,1.5846024751663208,0.0,0.0,0.0,0.0,0.0,0.0,0.0,0.0,0.0,0.0,0.0,0.0
1761396964492294767,19757,1761396964491384133,,joint1,joint2,joint3,joint4,joint5,joint6,-0.00031403140746988356,-0.5378037691116333,-0.6396039724349976,0.031717170029878616,-0.05664566531777382,1.5846024751663208,0.0,0.0,0.0,0.0,0.0,0.0,0.0,0.0,0.0,0.0,0.0,0.0
1761396964512283480,19758,1761396964511381013,,joint1,joint2,joint3,joint4,joint5,joint6,-0.00031403140746988356,-0.5378037691116333,-0.6396039724349976,0.031717170029878616,-0.05664566531777382,1.5293328762054443,0.0,0.0,0.0,0.0,0.0,0.0,0.0,0.0,0.0,0.0,0.0,0.0
1761396964531967820,19759,1761396964531378298,,joint1,joint2,joint3,joint4,joint5,joint6,-0.00031403140746988356,-0.5378037691116333,-0.6396039724349976,0.031717170029878616,-0.05664566531777382,1.5293328762054443,0.0,0.0,0.0,0.0,0.0,0.0,0.0,0.0,0.0,0.0,0.0,0.0
1761396964552248031,19760,1761396964551321315,,joint1,joint2,joint3,joint4,joint5,joint6,-0.00031403140746988356,-0.5378037691116333,-0.6396039724349976,0.031717170029878616,-0.05664566531777382,1.5016981363296509,0.0,0.0,0.0,0.0,0.0,0.0,0.0,0.0,0.0,0.0,0.0,0.0
1761396964571965106,19761,1761396964571379066,,joint1,joint2,joint3,joint4,joint5,joint6,-0.00031403140746988356,-0.5378037691116333,-0.6396039724349976,0.031717170029878616,-0.05664566531777382,1.5016981363296509,0.0,0.0,0.0,0.0,0.0,0.0,0.0,0.0,0.0,0.0,0.0,0.0
1761396964592223217,19762,1761396964591379874,,joint1,joint2,joint3,joint4,joint5,joint6,-0.00031403140746988356,-0.5378037691116333,-0.6396039724349976,0.031717170029878616,-0.05664566531777382,1.441404104232788,0.0,0.0,0.0,0.0,0.0,0.0,0.0,0.0,0.0,0.0,0.0,0.0
1761396964612101013,19763,1761396964611339189,,joint1,joint2,joint3,joint4,joint5,joint6,-0.00031403140746988356,-0.5378037691116333,-0.6396039724349976,0.031717170029878616,-0.05664566531777382,1.441404104232788,0.0,0.0,0.0,0.0,0.0,0.0,0.0,0.0,0.0,0.0,0.0,0.0
1761396964632381425,19764,1761396964631372893,,joint1,joint2,joint3,joint4,joint5,joint6,-0.00031403140746988356,-0.5378037691116333,-0.6396039724349976,0.031717170029878616,-0.05664566531777382,1.3811100721359253,0.0,0.0,0.0,0.0,0.0,0.0,0.0,0.0,0.0,0.0,0.0,0.0
1761396964652191466,19765,1761396964651336698,,joint1,joint2,joint3,joint4,joint5,joint6,-0.00031403140746988356,-0.5378037691116333,-0.6396039724349976,0.031717170029878616,-0.05664566531777382,1.3183038234710693,0.0,0.0,0.0,0.0,0.0,0.0,0.0,0.0,0.0,0.0,0.0,0.0
1761396964671952122,19766,1761396964671392159,,joint1,joint2,joint3,joint4,joint5,joint6,-0.00031403140746988356,-0.5378037691116333,-0.6396039724349976,0.031717170029878616,-0.05664566531777382,1.3183038234710693,0.0,0.0,0.0,0.0,0.0,0.0,0.0,0.0,0.0,0.0,0.0,0.0
1761396964691859210,19767,1761396964691405978,,joint1,joint2,joint3,joint4,joint5,joint6,-0.00031403140746988356,-0.5378037691116333,-0.6396039724349976,0.031717170029878616,-0.05664566531777382,1.28564453125,0.0,0.0,0.0,0.0,0.0,0.0,0.0,0.0,0.0,0.0,0.0,0.0
1761396964711839943,19768,1761396964711377681,,joint1,joint2,joint3,joint4,joint5,joint6,-0.00031403140746988356,-0.5378037691116333,-0.6396039724349976,0.031717170029878616,-0.05664566531777382,1.28564453125,0.0,0.0,0.0,0.0,0.0,0.0,0.0,0.0,0.0,0.0,0.0,0.0
1761396964732331194,19769,1761396964731378133,,joint1,joint2,joint3,joint4,joint5,joint6,-0.00031403140746988356,-0.5378037691116333,-0.6396039724349976,0.031717170029878616,-0.05664566531777382,1.2203260660171509,0.0,0.0,0.0,0.0,0.0,0.0,0.0,0.0,0.0,0.0,0.0,0.0
1761396964751933078,19770,1761396964751402328,,joint1,joint2,joint3,joint4,joint5,joint6,-0.00031403140746988356,-0.5378037691116333,-0.6396039724349976,0.031717170029878616,-0.05664566531777382,1.2203260660171509,0.0,0.0,0.0,0.0,0.0,0.0,0.0,0.0,0.0,0.0,0.0,0.0
1761396964771868127,19771,1761396964771370486,,joint1,joint2,joint3,joint4,joint5,joint6,-0.00031403140746988356,-0.5378037691116333,-0.6396039724349976,0.031717170029878616,-0.05664566531777382,1.1512391567230225,0.0,0.0,0.0,0.0,0.0,0.0,0.0,0.0,0.0,0.0,0.0,0.0
1761396964791936914,19772,1761396964791372796,,joint1,joint2,joint3,joint4,joint5,joint6,-0.00031403140746988356,-0.5378037691116333,-0.6396039724349976,0.031717170029878616,-0.05664566531777382,1.1512391567230225,0.0,0.0,0.0,0.0,0.0,0.0,0.0,0.0,0.0,0.0,0.0,0.0
1761396964811885166,19773,1761396964811378128,,joint1,joint2,joint3,joint4,joint5,joint6,-0.00031403140746988356,-0.5378037691116333,-0.6396039724349976,0.031717170029878616,-0.05664566531777382,1.0796399116516113,0.0,0.0,0.0,0.0,0.0,0.0,0.0,0.0,0.0,0.0,0.0,0.0
1761396964832074873,19774,1761396964831381132,,joint1,joint2,joint3,joint4,joint5,joint6,-0.00031403140746988356,-0.5378037691116333,-0.6396039724349976,0.031717170029878616,-0.05664566531777382,1.0432122945785522,0.0,0.0,0.0,0.0,0.0,0.0,0.0,0.0,0.0,0.0,0.0,0.0
1761396964852233922,19775,1761396964851324566,,joint1,joint2,joint3,joint4,joint5,joint6,-0.00031403140746988356,-0.5378037691116333,-0.6396039724349976,0.031717170029878616,-0.05664566531777382,1.0432122945785522,0.0,0.0,0.0,0.0,0.0,0.0,0.0,0.0,0.0,0.0,0.0,0.0
1761396964871954022,19776,1761396964871380594,,joint1,joint2,joint3,joint4,joint5,joint6,-0.00031403140746988356,-0.5378037691116333,-0.6396039724349976,0.031717170029878616,-0.05664566531777382,0.9703570604324341,0.0,0.0,0.0,0.0,0.0,0.0,0.0,0.0,0.0,0.0,0.0,0.0
1761396964892338366,19777,1761396964891378571,,joint1,joint2,joint3,joint4,joint5,joint6,-0.00031403140746988356,-0.5378037691116333,-0.6396039724349976,0.031717170029878616,-0.05664566531777382,0.9703570604324341,0.0,0.0,0.0,0.0,0.0,0.0,0.0,0.0,0.0,0.0,0.0,0.0
1761396964912086795,19778,1761396964911377240,,joint1,joint2,joint3,joint4,joint5,joint6,-0.00031403140746988356,-0.5378037691116333,-0.6396039724349976,0.031717170029878616,-0.05664566531777382,0.8962455987930298,0.0,0.0,0.0,0.0,0.0,0.0,0.0,0.0,0.0,0.0,0.0,0.0
1761396964931936307,19779,1761396964931377479,,joint1,joint2,joint3,joint4,joint5,joint6,-0.00031403140746988356,-0.5378037691116333,-0.6396039724349976,0.031717170029878616,-0.05664566531777382,0.8962455987930298,0.0,0.0,0.0,0.0,0.0,0.0,0.0,0.0,0.0,0.0,0.0,0.0
1761396964951986313,19780,1761396964951349188,,joint1,joint2,joint3,joint4,joint5,joint6,-0.00031403140746988356,-0.5378037691116333,-0.6396039724349976,0.031717170029878616,-0.05664566531777382,0.8196219801902771,0.0,0.0,0.0,0.0,0.0,0.0,0.0,0.0,0.0,0.0,0.0,0.0
1761396964972139452,19781,1761396964971348664,,joint1,joint2,joint3,joint4,joint5,joint6,-0.00031403140746988356,-0.5378037691116333,-0.6396039724349976,0.031717170029878616,-0.05664566531777382,0.8196219801902771,0.0,0.0,0.0,0.0,0.0,0.0,0.0,0.0,0.0,0.0,0.0,0.0
1761396964992368775,19782,1761396964991319637,,joint1,joint2,joint3,joint4,joint5,joint6,-0.00031403140746988356,-0.5378037691116333,-0.6396039724349976,0.031717170029878616,-0.05664566531777382,0.7417421936988831,0.0,0.0,0.0,0.0,0.0,0.0,0.0,0.0,0.0,0.0,0.0,0.0
1761396965012388607,19783,1761396965011389889,,joint1,joint2,joint3,joint4,joint5,joint6,-0.00031403140746988356,-0.5378037691116333,-0.6396039724349976,0.031717170029878616,-0.05664566531777382,0.7040584087371826,0.0,0.0,0.0,0.0,0.0,0.0,0.0,0.0,0.0,0.0,0.0,0.0
1761396965032111597,19784,1761396965031325647,,joint1,joint2,joint3,joint4,joint5,joint6,-0.00031403140746988356,-0.5378037691116333,-0.6396039724349976,0.031717170029878616,-0.05664566531777382,0.7040584087371826,0.0,0.0,0.0,0.0,0.0,0.0,0.0,0.0,0.0,0.0,0.0,0.0
1761396965052126183,19785,1761396965051371020,,joint1,joint2,joint3,joint4,joint5,joint6,-0.00031403140746988356,-0.5378037691116333,-0.6396039724349976,0.031717170029878616,-0.05664566531777382,0.6211541295051575,0.0,0.0,0.0,0.0,0.0,0.0,0.0,0.0,0.0,0.0,0.0,0.0
1761396965071807652,19786,1761396965071326819,,joint1,joint2,joint3,joint4,joint5,joint6,-0.00031403140746988356,-0.5378037691116333,-0.6396039724349976,0.031717170029878616,-0.05664566531777382,0.6211541295051575,0.0,0.0,0.0,0.0,0.0,0.0,0.0,0.0,0.0,0.0,0.0,0.0
1761396965092312438,19787,1761396965091317696,,joint1,joint2,joint3,joint4,joint5,joint6,-0.00031403140746988356,-0.5378037691116333,-0.6396039724349976,0.031717170029878616,-0.05664566531777382,0.5382498502731323,0.0,0.0,0.0,0.0,0.0,0.0,0.0,0.0,0.0,0.0,0.0,0.0
1761396965112035564,19788,1761396965111416087,,joint1,joint2,joint3,joint4,joint5,joint6,-0.00031403140746988356,-0.5378037691116333,-0.6396039724349976,0.031717170029878616,-0.05664566531777382,0.5382498502731323,0.0,0.0,0.0,0.0,0.0,0.0,0.0,0.0,0.0,0.0,0.0,0.0
1761396965132714149,19789,1761396965131365798,,joint1,joint2,joint3,joint4,joint5,joint6,-0.00031403140746988356,-0.5378037691116333,-0.6396039724349976,0.031717170029878616,-0.05664566531777382,0.45283329486846924,0.0,0.0,0.0,0.0,0.0,0.0,0.0,0.0,0.0,0.0,0.0,0.0
1761396965152090239,19790,1761396965151370369,,joint1,joint2,joint3,joint4,joint5,joint6,-0.00031403140746988356,-0.5378037691116333,-0.6396039724349976,0.031717170029878616,-0.05664566531777382,0.45283329486846924,0.0,0.0,0.0,0.0,0.0,0.0,0.0,0.0,0.0,0.0,0.0,0.0
1761396965171879578,19791,1761396965171379331,,joint1,joint2,joint3,joint4,joint5,joint6,-0.00031403140746988356,-0.5378037691116333,-0.6396039724349976,0.031717170029878616,-0.05664566531777382,0.4113811254501343,0.0,0.0,0.0,0.0,0.0,0.0,0.0,0.0,0.0,0.0,0.0,0.0
1761396965191835706,19792,1761396965191318434,,joint1,joint2,joint3,joint4,joint5,joint6,-0.00031403140746988356,-0.5378037691116333,-0.6396039724349976,0.031717170029878616,-0.05664566531777382,0.3196839690208435,0.0,0.0,0.0,0.0,0.0,0.0,0.0,0.0,0.0,0.0,0.0,0.0
1761396965212207714,19793,1761396965211381673,,joint1,joint2,joint3,joint4,joint5,joint6,-0.00031403140746988356,-0.5378037691116333,-0.6396039724349976,0.031717170029878616,-0.05664566531777382,0.3196839690208435,0.0,0.0,0.0,0.0,0.0,0.0,0.0,0.0,0.0,0.0,0.0,0.0
1761396965231864347,19794,1761396965231380703,,joint1,joint2,joint3,joint4,joint5,joint6,-0.00031403140746988356,-0.5378037691116333,-0.6396039724349976,0.031717170029878616,-0.05664566531777382,0.23175518214702606,0.0,0.0,0.0,0.0,0.0,0.0,0.0,0.0,0.0,0.0,0.0,0.0
1761396965252058533,19795,1761396965251337892,,joint1,joint2,joint3,joint4,joint5,joint6,-0.00031403140746988356,-0.5378037691116333,-0.6396039724349976,0.031717170029878616,-0.05664566531777382,0.23175518214702606,0.0,0.0,0.0,0.0,0.0,0.0,0.0,0.0,0.0,0.0,0.0,0.0
1761396965272300016,19796,1761396965271315938,,joint1,joint2,joint3,joint4,joint5,joint6,-0.00031403140746988356,-0.5378037691116333,-0.6396039724349976,0.031717170029878616,-0.05664566531777382,0.13754574954509735,0.0,0.0,0.0,0.0,0.0,0.0,0.0,0.0,0.0,0.0,0.0,0.0
1761396965291909795,19797,1761396965291370485,,joint1,joint2,joint3,joint4,joint5,joint6,-0.00031403140746988356,-0.5378037691116333,-0.6396039724349976,0.031717170029878616,-0.05664566531777382,0.13754574954509735,0.0,0.0,0.0,0.0,0.0,0.0,0.0,0.0,0.0,0.0,0.0,0.0
1761396965312042517,19798,1761396965311328677,,joint1,joint2,joint3,joint4,joint5,joint6,-0.00031403140746988356,-0.5378037691116333,-0.6396039724349976,0.031717170029878616,-0.05664566531777382,0.09106910973787308,0.0,0.0,0.0,0.0,0.0,0.0,0.0,0.0,0.0,0.0,0.0,0.0
1761396965332218450,19799,1761396965331322574,,joint1,joint2,joint3,joint4,joint5,joint6,-0.00031403140746988356,-0.5378037691116333,-0.6396039724349976,0.031717170029878616,-0.05664566531777382,0.09106910973787308,0.0,0.0,0.0,0.0,0.0,0.0,0.0,0.0,0.0,0.0,0.0,0.0
1761396965351989880,19800,1761396965351340000,,joint1,joint2,joint3,joint4,joint5,joint6,-0.00031403140746988356,-0.5378037691116333,-0.6396039724349976,0.031717170029878616,-0.05664566531777382,-0.0006280628149397671,0.0,0.0,0.0,0.0,0.0,0.0,0.0,0.0,0.0,0.0,0.0,0.0
1761396965372392321,19801,1761396965371329484,,joint1,joint2,joint3,joint4,joint5,joint6,-0.00031403140746988356,-0.5378037691116333,-0.6396039724349976,0.031717170029878616,-0.05664566531777382,-0.09734973311424255,0.0,0.0,0.0,0.0,0.0,0.0,0.0,0.0,0.0,0.0,0.0,0.0
1761396965391929670,19802,1761396965391378146,,joint1,joint2,joint3,joint4,joint5,joint6,-0.00031403140746988356,-0.5378037691116333,-0.6396039724349976,0.031717170029878616,-0.05664566531777382,-0.09734973311424255,0.0,0.0,0.0,0.0,0.0,0.0,0.0,0.0,0.0,0.0,0.0,0.0
1761396965412008664,19803,1761396965411391623,,joint1,joint2,joint3,joint4,joint5,joint6,-0.00031403140746988356,-0.5378037691116333,-0.6396039724349976,0.031717170029878616,-0.05664566531777382,-0.1953275352716446,0.0,0.0,0.0,0.0,0.0,0.0,0.0,0.0,0.0,0.0,0.0,0.0
1761396965432624169,19804,1761396965431352360,,joint1,joint2,joint3,joint4,joint5,joint6,-0.00031403140746988356,-0.5378037691116333,-0.6396039724349976,0.031717170029878616,-0.05664566531777382,-0.1953275352716446,0.0,0.0,0.0,0.0,0.0,0.0,0.0,0.0,0.0,0.0,0.0,0.0
1761396965452008639,19805,1761396965451319876,,joint1,joint2,joint3,joint4,joint5,joint6,-0.00031403140746988356,-0.5378037691116333,-0.6396039724349976,0.031717170029878616,-0.05664566531777382,-0.29330533742904663,0.0,0.0,0.0,0.0,0.0,0.0,0.0,0.0,0.0,0.0,0.0,0.0
1761396965472319683,19806,1761396965471374523,,joint1,joint2,joint3,joint4,joint5,joint6,-0.00031403140746988356,-0.5378037691116333,-0.6396039724349976,0.031717170029878616,-0.05664566531777382,-0.29330533742904663,0.0,0.0,0.0,0.0,0.0,0.0,0.0,0.0,0.0,0.0,0.0,0.0
1761396965491865959,19807,1761396965491379024,,joint1,joint2,joint3,joint4,joint5,joint6,-0.00031403140746988356,-0.5378037691116333,-0.6396039724349976,0.031717170029878616,-0.05664566531777382,-0.3448064923286438,0.0,0.0,0.0,0.0,0.0,0.0,0.0,0.0,0.0,0.0,0.0,0.0
1761396965512280542,19808,1761396965511322864,,joint1,joint2,joint3,joint4,joint5,joint6,-0.00031403140746988356,-0.5378037691116333,-0.6396039724349976,0.031717170029878616,-0.05664566531777382,-0.3448064923286438,0.0,0.0,0.0,0.0,0.0,0.0,0.0,0.0,0.0,0.0,0.0,0.0
1761396965532734886,19809,1761396965531378510,,joint1,joint2,joint3,joint4,joint5,joint6,-0.00031403140746988356,-0.5378037691116333,-0.6396039724349976,0.031717170029878616,-0.05664566531777382,-0.4503210186958313,0.0,0.0,0.0,0.0,0.0,0.0,0.0,0.0,0.0,0.0,0.0,0.0
1761396965552122020,19810,1761396965551340756,,joint1,joint2,joint3,joint4,joint5,joint6,-0.00031403140746988356,-0.5378037691116333,-0.6396039724349976,0.031717170029878616,-0.05664566531777382,-0.5558356046676636,0.0,0.0,0.0,0.0,0.0,0.0,0.0,0.0,0.0,0.0,0.0,0.0
1761396965572084292,19811,1761396965571378131,,joint1,joint2,joint3,joint4,joint5,joint6,-0.00031403140746988356,-0.5378037691116333,-0.6396039724349976,0.031717170029878616,-0.05664566531777382,-0.5558356046676636,0.0,0.0,0.0,0.0,0.0,0.0,0.0,0.0,0.0,0.0,0.0,0.0
1761396965592171366,19812,1761396965591379507,,joint1,joint2,joint3,joint4,joint5,joint6,-0.00031403140746988356,-0.5378037691116333,-0.6396039724349976,0.031717170029878616,-0.05664566531777382,-0.6626062393188477,0.0,0.0,0.0,0.0,0.0,0.0,0.0,0.0,0.0,0.0,0.0,0.0
1761396965611917440,19813,1761396965611377385,,joint1,joint2,joint3,joint4,joint5,joint6,-0.00031403140746988356,-0.5378037691116333,-0.6396039724349976,0.031717170029878616,-0.05664566531777382,-0.6626062393188477,0.0,0.0,0.0,0.0,0.0,0.0,0.0,0.0,0.0,0.0,0.0,0.0
1761396965631863309,19814,1761396965631371308,,joint1,joint2,joint3,joint4,joint5,joint6,-0.00031403140746988356,-0.5378037691116333,-0.6396039724349976,0.031717170029878616,-0.05664566531777382,-0.7166196703910828,0.0,0.0,0.0,0.0,0.0,0.0,0.0,0.0,0.0,0.0,0.0,0.0
1761396965652197890,19815,1761396965651376698,,joint1,joint2,joint3,joint4,joint5,joint6,-0.00031403140746988356,-0.5378037691116333,-0.6396039724349976,0.031717170029878616,-0.05664566531777382,-0.7166196703910828,0.0,0.0,0.0,0.0,0.0,0.0,0.0,0.0,0.0,0.0,0.0,0.0
1761396965672240748,19816,1761396965671379754,,joint1,joint2,joint3,joint4,joint5,joint6,-0.00031403140746988356,-0.5378037691116333,-0.6396039724349976,0.031717170029878616,-0.05664566531777382,-0.8233903646469116,0.0,0.0,0.0,0.0,0.0,0.0,0.0,0.0,0.0,0.0,0.0,0.0
1761396965692267000,19817,1761396965691329834,,joint1,joint2,joint3,joint4,joint5,joint6,-0.00031403140746988356,-0.5378037691116333,-0.6396039724349976,0.031717170029878616,-0.05664566531777382,-0.8233903646469116,0.0,0.0,0.0,0.0,0.0,0.0,0.0,0.0,0.0,0.0,0.0,0.0
1761396965712291897,19818,1761396965711380429,,joint1,joint2,joint3,joint4,joint5,joint6,-0.00031403140746988356,-0.5378037691116333,-0.6396039724349976,0.031717170029878616,-0.05664566531777382,-0.9351854920387268,0.0,0.0,0.0,0.0,0.0,0.0,0.0,0.0,0.0,0.0,0.0,0.0
1761396965732187408,19819,1761396965731338030,,joint1,joint2,joint3,joint4,joint5,joint6,-0.00031403140746988356,-0.5378037691116333,-0.6396039724349976,0.031717170029878616,-0.05664566531777382,-1.0469807386398315,0.0,0.0,0.0,0.0,0.0,0.0,0.0,0.0,0.0,0.0,0.0,0.0
1761396965752352767,19820,1761396965751316807,,joint1,joint2,joint3,joint4,joint5,joint6,-0.00031403140746988356,-0.5378037691116333,-0.6396039724349976,0.031717170029878616,-0.05664566531777382,-1.0469807386398315,0.0,0.0,0.0,0.0,0.0,0.0,0.0,0.0,0.0,0.0,0.0,0.0
1761396965771966281,19821,1761396965771377672,,joint1,joint2,joint3,joint4,joint5,joint6,-0.00031403140746988356,-0.5378037691116333,-0.6396039724349976,0.031717170029878616,-0.05664566531777382,-1.0469807386398315,0.0,0.0,0.0,0.0,0.0,0.0,0.0,0.0,0.0,0.0,0.0,0.0
1761396965792219700,19822,1761396965791377930,,joint1,joint2,joint3,joint4,joint5,joint6,-0.00031403140746988356,-0.5378037691116333,-0.6396039724349976,0.031717170029878616,-0.05664566531777382,-1.0469807386398315,0.0,0.0,0.0,0.0,0.0,0.0,0.0,0.0,0.0,0.0,0.0,0.0
1761396965812125579,19823,1761396965811323706,,joint1,joint2,joint3,joint4,joint5,joint6,-0.00031403140746988356,-0.5378037691116333,-0.6396039724349976,0.031717170029878616,-0.05664566531777382,-1.0469807386398315,0.0,0.0,0.0,0.0,0.0,0.0,0.0,0.0,0.0,0.0,0.0,0.0
1761396965832536391,19824,1761396965831388268,,joint1,joint2,joint3,joint4,joint5,joint6,-0.00031403140746988356,-0.5378037691116333,-0.6396039724349976,0.031717170029878616,-0.05664566531777382,-1.0469807386398315,0.0,0.0,0.0,0.0,0.0,0.0,0.0,0.0,0.0,0.0,0.0,0.0
1761396965852369052,19825,1761396965851319071,,joint1,joint2,joint3,joint4,joint5,joint6,-0.00031403140746988356,-0.5378037691116333,-0.6396039724349976,0.031717170029878616,-0.05664566531777382,-1.0469807386398315,0.0,0.0,0.0,0.0,0.0,0.0,0.0,0.0,0.0,0.0,0.0,0.0
1761396965872144799,19826,1761396965871337955,,joint1,joint2,joint3,joint4,joint5,joint6,-0.00031403140746988356,-0.5378037691116333,-0.6396039724349976,0.031717170029878616,-0.05664566531777382,-1.0469807386398315,0.0,0.0,0.0,0.0,0.0,0.0,0.0,0.0,0.0,0.0,0.0,0.0
1761396965892059259,19827,1761396965891379495,,joint1,joint2,joint3,joint4,joint5,joint6,-0.00031403140746988356,-0.5378037691116333,-0.6396039724349976,0.031717170029878616,-0.05664566531777382,-1.0469807386398315,0.0,0.0,0.0,0.0,0.0,0.0,0.0,0.0,0.0,0.0,0.0,0.0
1761396965912144535,19828,1761396965911323259,,joint1,joint2,joint3,joint4,joint5,joint6,-0.00031403140746988356,-0.5378037691116333,-0.6396039724349976,0.031717170029878616,-0.05664566531777382,-1.0469807386398315,0.0,0.0,0.0,0.0,0.0,0.0,0.0,0.0,0.0,0.0,0.0,0.0
1761396965932205583,19829,1761396965931325065,,joint1,joint2,joint3,joint4,joint5,joint6,-0.00031403140746988356,-0.5378037691116333,-0.6396039724349976,0.031717170029878616,-0.05664566531777382,-1.0469807386398315,0.0,0.0,0.0,0.0,0.0,0.0,0.0,0.0,0.0,0.0,0.0,0.0
1761396965952013723,19830,1761396965951382262,,joint1,joint2,joint3,joint4,joint5,joint6,-0.00031403140746988356,-0.5378037691116333,-0.6396039724349976,0.031717170029878616,-0.05664566531777382,-1.0469807386398315,0.0,0.0,0.0,0.0,0.0,0.0,0.0,0.0,0.0,0.0,0.0,0.0
1761396965972200449,19831,1761396965971325409,,joint1,joint2,joint3,joint4,joint5,joint6,-0.00031403140746988356,-0.5378037691116333,-0.6396039724349976,0.031717170029878616,-0.05664566531777382,-1.0469807386398315,0.0,0.0,0.0,0.0,0.0,0.0,0.0,0.0,0.0,0.0,0.0,0.0
1761396965992138739,19832,1761396965991381490,,joint1,joint2,joint3,joint4,joint5,joint6,-0.00031403140746988356,-0.5378037691116333,-0.6396039724349976,0.031717170029878616,-0.05664566531777382,-1.0469807386398315,0.0,0.0,0.0,0.0,0.0,0.0,0.0,0.0,0.0,0.0,0.0,0.0
1761396966011962080,19833,1761396966011381382,,joint1,joint2,joint3,joint4,joint5,joint6,-0.00031403140746988356,-0.5378037691116333,-0.6396039724349976,0.031717170029878616,-0.05664566531777382,-1.0469807386398315,0.0,0.0,0.0,0.0,0.0,0.0,0.0,0.0,0.0,0.0,0.0,0.0
1761396966032202007,19834,1761396966031326218,,joint1,joint2,joint3,joint4,joint5,joint6,-0.00031403140746988356,-0.5378037691116333,-0.6396039724349976,0.031717170029878616,-0.05664566531777382,-1.0469807386398315,0.0,0.0,0.0,0.0,0.0,0.0,0.0,0.0,0.0,0.0,0.0,0.0
1761396966051846989,19835,1761396966051330393,,joint1,joint2,joint3,joint4,joint5,joint6,-0.00031403140746988356,-0.5378037691116333,-0.6396039724349976,0.031717170029878616,-0.05664566531777382,-1.0469807386398315,0.0,0.0,0.0,0.0,0.0,0.0,0.0,0.0,0.0,0.0,0.0,0.0
1761396966072015713,19836,1761396966071387583,,joint1,joint2,joint3,joint4,joint5,joint6,-0.00031403140746988356,-0.5378037691116333,-0.6396039724349976,0.031717170029878616,-0.05664566531777382,-1.0469807386398315,0.0,0.0,0.0,0.0,0.0,0.0,0.0,0.0,0.0,0.0,0.0,0.0
1761396966092271095,19837,1761396966091317784,,joint1,joint2,joint3,joint4,joint5,joint6,-0.00031403140746988356,-0.5378037691116333,-0.6396039724349976,0.031717170029878616,-0.05664566531777382,-1.0469807386398315,0.0,0.0,0.0,0.0,0.0,0.0,0.0,0.0,0.0,0.0,0.0,0.0
1761396966111962359,19838,1761396966111381379,,joint1,joint2,joint3,joint4,joint5,joint6,-0.00031403140746988356,-0.5378037691116333,-0.6396039724349976,0.031717170029878616,-0.05664566531777382,-1.0469807386398315,0.0,0.0,0.0,0.0,0.0,0.0,0.0,0.0,0.0,0.0,0.0,0.0
1761396966131990487,19839,1761396966131355703,,joint1,joint2,joint3,joint4,joint5,joint6,-0.00031403140746988356,-0.5378037691116333,-0.6396039724349976,0.031717170029878616,-0.05664566531777382,-1.0469807386398315,0.0,0.0,0.0,0.0,0.0,0.0,0.0,0.0,0.0,0.0,0.0,0.0
1761396966152036818,19840,1761396966151381883,,joint1,joint2,joint3,joint4,joint5,joint6,-0.00031403140746988356,-0.5378037691116333,-0.6396039724349976,0.031717170029878616,-0.05664566531777382,-1.0469807386398315,0.0,0.0,0.0,0.0,0.0,0.0,0.0,0.0,0.0,0.0,0.0,0.0
1761396966171894502,19841,1761396966171391861,,joint1,joint2,joint3,joint4,joint5,joint6,-0.00031403140746988356,-0.5378037691116333,-0.6396039724349976,0.031717170029878616,-0.05664566531777382,-1.0469807386398315,0.0,0.0,0.0,0.0,0.0,0.0,0.0,0.0,0.0,0.0,0.0,0.0
1761396966192143758,19842,1761396966191343074,,joint1,joint2,joint3,joint4,joint5,joint6,-0.00031403140746988356,-0.5378037691116333,-0.6396039724349976,0.031717170029878616,-0.05664566531777382,-1.0469807386398315,0.0,0.0,0.0,0.0,0.0,0.0,0.0,0.0,0.0,0.0,0.0,0.0
1761396966212016713,19843,1761396966211373940,,joint1,joint2,joint3,joint4,joint5,joint6,-0.00031403140746988356,-0.5378037691116333,-0.6396039724349976,0.031717170029878616,-0.05664566531777382,-1.0469807386398315,0.0,0.0,0.0,0.0,0.0,0.0,0.0,0.0,0.0,0.0,0.0,0.0
1761396966232106211,19844,1761396966231327941,,joint1,joint2,joint3,joint4,joint5,joint6,-0.00031403140746988356,-0.5378037691116333,-0.6396039724349976,0.031717170029878616,-0.05664566531777382,-1.0469807386398315,0.0,0.0,0.0,0.0,0.0,0.0,0.0,0.0,0.0,0.0,0.0,0.0
1761396966252202129,19845,1761396966251381672,,joint1,joint2,joint3,joint4,joint5,joint6,-0.00031403140746988356,-0.5378037691116333,-0.6396039724349976,0.031717170029878616,-0.05664566531777382,-1.0469807386398315,0.0,0.0,0.0,0.0,0.0,0.0,0.0,0.0,0.0,0.0,0.0,0.0
1761396966272276689,19846,1761396966271351404,,joint1,joint2,joint3,joint4,joint5,joint6,-0.00031403140746988356,-0.5378037691116333,-0.6396039724349976,0.031717170029878616,-0.05664566531777382,-1.0469807386398315,0.0,0.0,0.0,0.0,0.0,0.0,0.0,0.0,0.0,0.0,0.0,0.0
1761396966291861791,19847,1761396966291385608,,joint1,joint2,joint3,joint4,joint5,joint6,-0.00031403140746988356,-0.5378037691116333,-0.6396039724349976,0.031717170029878616,-0.05664566531777382,-1.0469807386398315,0.0,0.0,0.0,0.0,0.0,0.0,0.0,0.0,0.0,0.0,0.0,0.0
1761396966312092739,19848,1761396966311329454,,joint1,joint2,joint3,joint4,joint5,joint6,-0.00031403140746988356,-0.5378037691116333,-0.6396039724349976,0.031717170029878616,-0.05664566531777382,-1.0469807386398315,0.0,0.0,0.0,0.0,0.0,0.0,0.0,0.0,0.0,0.0,0.0,0.0
1761396966332148940,19849,1761396966331330888,,joint1,joint2,joint3,joint4,joint5,joint6,-0.00031403140746988356,-0.5378037691116333,-0.6396039724349976,0.031717170029878616,-0.05664566531777382,-1.0469807386398315,0.0,0.0,0.0,0.0,0.0,0.0,0.0,0.0,0.0,0.0,0.0,0.0
1761396966352258909,19850,1761396966351380023,,joint1,joint2,joint3,joint4,joint5,joint6,-0.00031403140746988356,-0.5378037691116333,-0.6396039724349976,0.031717170029878616,-0.05664566531777382,-1.0469807386398315,0.0,0.0,0.0,0.0,0.0,0.0,0.0,0.0,0.0,0.0,0.0,0.0
1761396966372333552,19851,1761396966371348781,,joint1,joint2,joint3,joint4,joint5,joint6,-0.00031403140746988356,-0.5378037691116333,-0.6396039724349976,0.031717170029878616,-0.05664566531777382,-1.0469807386398315,0.0,0.0,0.0,0.0,0.0,0.0,0.0,0.0,0.0,0.0,0.0,0.0
1761396966392075919,19852,1761396966391322466,,joint1,joint2,joint3,joint4,joint5,joint6,-0.00031403140746988356,-0.5378037691116333,-0.6396039724349976,0.031717170029878616,-0.05664566531777382,-1.0469807386398315,0.0,0.0,0.0,0.0,0.0,0.0,0.0,0.0,0.0,0.0,0.0,0.0
1761396966412031574,19853,1761396966411327441,,joint1,joint2,joint3,joint4,joint5,joint6,-0.00031403140746988356,-0.5378037691116333,-0.6396039724349976,0.031717170029878616,-0.05664566531777382,-1.0469807386398315,0.0,0.0,0.0,0.0,0.0,0.0,0.0,0.0,0.0,0.0,0.0,0.0
1761396966432153716,19854,1761396966431319512,,joint1,joint2,joint3,joint4,joint5,joint6,-0.00031403140746988356,-0.5378037691116333,-0.6396039724349976,0.031717170029878616,-0.05664566531777382,-1.0432122945785522,0.0,0.0,0.0,0.0,0.0,0.0,0.0,0.0,0.0,0.0,0.0,0.0
1761396966451917259,19855,1761396966451322406,,joint1,joint2,joint3,joint4,joint5,joint6,-0.00031403140746988356,-0.5378037691116333,-0.6396039724349976,0.031717170029878616,-0.05664566531777382,-1.038187861442566,0.0,0.0,0.0,0.0,0.0,0.0,0.0,0.0,0.0,0.0,0.0,0.0
1761396966471982425,19856,1761396966471363790,,joint1,joint2,joint3,joint4,joint5,joint6,-0.00031403140746988356,-0.5378037691116333,-0.6396039724349976,0.031717170029878616,-0.05664566531777382,-1.038187861442566,0.0,0.0,0.0,0.0,0.0,0.0,0.0,0.0,0.0,0.0,0.0,0.0
1761396966492171084,19857,1761396966491337434,,joint1,joint2,joint3,joint4,joint5,joint6,-0.00031403140746988356,-0.5378037691116333,-0.6396039724349976,0.031717170029878616,-0.05664566531777382,-1.0293949842453003,0.0,0.0,0.0,0.0,0.0,0.0,0.0,0.0,0.0,0.0,0.0,0.0
1761396966512097977,19858,1761396966511357693,,joint1,joint2,joint3,joint4,joint5,joint6,-0.00031403140746988356,-0.5378037691116333,-0.6396039724349976,0.031717170029878616,-0.05664566531777382,-1.0293949842453003,0.0,0.0,0.0,0.0,0.0,0.0,0.0,0.0,0.0,0.0,0.0,0.0
1761396966531952641,19859,1761396966531320625,,joint1,joint2,joint3,joint4,joint5,joint6,-0.00031403140746988356,-0.5378037691116333,-0.6396039724349976,0.031717170029878616,-0.05664566531777382,-1.018089771270752,0.0,0.0,0.0,0.0,0.0,0.0,0.0,0.0,0.0,0.0,0.0,0.0
1761396966552311198,19860,1761396966551327689,,joint1,joint2,joint3,joint4,joint5,joint6,-0.00031403140746988356,-0.5378037691116333,-0.6396039724349976,0.031717170029878616,-0.05664566531777382,-1.018089771270752,0.0,0.0,0.0,0.0,0.0,0.0,0.0,0.0,0.0,0.0,0.0,0.0
1761396966572056276,19861,1761396966571371232,,joint1,joint2,joint3,joint4,joint5,joint6,-0.00031403140746988356,-0.5378037691116333,-0.6396039724349976,0.031717170029878616,-0.05664566531777382,-1.0143214464187622,0.0,0.0,0.0,0.0,0.0,0.0,0.0,0.0,0.0,0.0,0.0,0.0
1761396966591937590,19862,1761396966591351372,,joint1,joint2,joint3,joint4,joint5,joint6,-0.00031403140746988356,-0.5378037691116333,-0.6396039724349976,0.031717170029878616,-0.05664566531777382,-1.0143214464187622,0.0,0.0,0.0,0.0,0.0,0.0,0.0,0.0,0.0,0.0,0.0,0.0
1761396966612415561,19863,1761396966611390615,,joint1,joint2,joint3,joint4,joint5,joint6,-0.00031403140746988356,-0.5378037691116333,-0.6396039724349976,0.031717170029878616,-0.05664566531777382,-1.0005040168762207,0.0,0.0,0.0,0.0,0.0,0.0,0.0,0.0,0.0,0.0,0.0,0.0
1761396966632301182,19864,1761396966631371412,,joint1,joint2,joint3,joint4,joint5,joint6,-0.00031403140746988356,-0.5378037691116333,-0.6396039724349976,0.031717170029878616,-0.05664566531777382,-0.986686646938324,0.0,0.0,0.0,0.0,0.0,0.0,0.0,0.0,0.0,0.0,0.0,0.0
1761396966652067594,19865,1761396966651330118,,joint1,joint2,joint3,joint4,joint5,joint6,-0.00031403140746988356,-0.5378037691116333,-0.6396039724349976,0.031717170029878616,-0.05664566531777382,-0.986686646938324,0.0,0.0,0.0,0.0,0.0,0.0,0.0,0.0,0.0,0.0,0.0,0.0
1761396966672016893,19866,1761396966671382192,,joint1,joint2,joint3,joint4,joint5,joint6,-0.00031403140746988356,-0.5378037691116333,-0.6396039724349976,0.031717170029878616,-0.05664566531777382,-0.9691008925437927,0.0,0.0,0.0,0.0,0.0,0.0,0.0,0.0,0.0,0.0,0.0,0.0
1761396966692155455,19867,1761396966691374784,,joint1,joint2,joint3,joint4,joint5,joint6,-0.00031403140746988356,-0.5378037691116333,-0.6396039724349976,0.031717170029878616,-0.05664566531777382,-0.9691008925437927,0.0,0.0,0.0,0.0,0.0,0.0,0.0,0.0,0.0,0.0,0.0,0.0
1761396966712365898,19868,1761396966711331505,,joint1,joint2,joint3,joint4,joint5,joint6,-0.00031403140746988356,-0.5378037691116333,-0.6396039724349976,0.031717170029878616,-0.05664566531777382,-0.9603080153465271,0.0,0.0,0.0,0.0,0.0,0.0,0.0,0.0,0.0,0.0,0.0,0.0
1761396966732014732,19869,1761396966731339042,,joint1,joint2,joint3,joint4,joint5,joint6,-0.00031403140746988356,-0.5378037691116333,-0.6396039724349976,0.031717170029878616,-0.05664566531777382,-0.9603080153465271,0.0,0.0,0.0,0.0,0.0,0.0,0.0,0.0,0.0,0.0,0.0,0.0
1761396966751874748,19870,1761396966751340865,,joint1,joint2,joint3,joint4,joint5,joint6,-0.00031403140746988356,-0.5378037691116333,-0.6396039724349976,0.031717170029878616,-0.05664566531777382,-0.9402100443840027,0.0,0.0,0.0,0.0,0.0,0.0,0.0,0.0,0.0,0.0,0.0,0.0
1761396966771999861,19871,1761396966771333891,,joint1,joint2,joint3,joint4,joint5,joint6,-0.00031403140746988356,-0.5378037691116333,-0.6396039724349976,0.031717170029878616,-0.05664566531777382,-0.9402100443840027,0.0,0.0,0.0,0.0,0.0,0.0,0.0,0.0,0.0,0.0,0.0,0.0
1761396966791883392,19872,1761396966791341538,,joint1,joint2,joint3,joint4,joint5,joint6,-0.00031403140746988356,-0.5378037691116333,-0.6396039724349976,0.031717170029878616,-0.05664566531777382,-0.9201120138168335,0.0,0.0,0.0,0.0,0.0,0.0,0.0,0.0,0.0,0.0,0.0,0.0
1761396966812119959,19873,1761396966811356533,,joint1,joint2,joint3,joint4,joint5,joint6,-0.00031403140746988356,-0.5378037691116333,-0.6396039724349976,0.031717170029878616,-0.05664566531777382,-0.8949894905090332,0.0,0.0,0.0,0.0,0.0,0.0,0.0,0.0,0.0,0.0,0.0,0.0
1761396966831818972,19874,1761396966831320975,,joint1,joint2,joint3,joint4,joint5,joint6,-0.00031403140746988356,-0.5378037691116333,-0.6396039724349976,0.031717170029878616,-0.05664566531777382,-0.8949894905090332,0.0,0.0,0.0,0.0,0.0,0.0,0.0,0.0,0.0,0.0,0.0,0.0
1761396966851818935,19875,1761396966851316369,,joint1,joint2,joint3,joint4,joint5,joint6,-0.00031403140746988356,-0.5378037691116333,-0.6396039724349976,0.031717170029878616,-0.05664566531777382,-0.8723792433738708,0.0,0.0,0.0,0.0,0.0,0.0,0.0,0.0,0.0,0.0,0.0,0.0
1761396966871963279,19876,1761396966871380792,,joint1,joint2,joint3,joint4,joint5,joint6,-0.00031403140746988356,-0.5378037691116333,-0.6396039724349976,0.031717170029878616,-0.05664566531777382,-0.8723792433738708,0.0,0.0,0.0,0.0,0.0,0.0,0.0,0.0,0.0,0.0,0.0,0.0
1761396966892287173,19877,1761396966891325997,,joint1,joint2,joint3,joint4,joint5,joint6,-0.00031403140746988356,-0.5378037691116333,-0.6396039724349976,0.031717170029878616,-0.05664566531777382,-0.8598179817199707,0.0,0.0,0.0,0.0,0.0,0.0,0.0,0.0,0.0,0.0,0.0,0.0
1761396966911838650,19878,1761396966911328623,,joint1,joint2,joint3,joint4,joint5,joint6,-0.00031403140746988356,-0.5378037691116333,-0.6396039724349976,0.031717170029878616,-0.05664566531777382,-0.8598179817199707,0.0,0.0,0.0,0.0,0.0,0.0,0.0,0.0,0.0,0.0,0.0,0.0
1761396966931914963,19879,1761396966931381658,,joint1,joint2,joint3,joint4,joint5,joint6,-0.00031403140746988356,-0.5378037691116333,-0.6396039724349976,0.031717170029878616,-0.05664566531777382,-0.8309270739555359,0.0,0.0,0.0,0.0,0.0,0.0,0.0,0.0,0.0,0.0,0.0,0.0
1761396966951950086,19880,1761396966951337229,,joint1,joint2,joint3,joint4,joint5,joint6,-0.00031403140746988356,-0.5378037691116333,-0.6396039724349976,0.031717170029878616,-0.05664566531777382,-0.8309270739555359,0.0,0.0,0.0,0.0,0.0,0.0,0.0,0.0,0.0,0.0,0.0,0.0
1761396966971965195,19881,1761396966971377765,,joint1,joint2,joint3,joint4,joint5,joint6,-0.00031403140746988356,-0.5378037691116333,-0.6396039724349976,0.031717170029878616,-0.05664566531777382,-0.8007800579071045,0.0,0.0,0.0,0.0,0.0,0.0,0.0,0.0,0.0,0.0,0.0,0.0
1761396966992221595,19882,1761396966991379321,,joint1,joint2,joint3,joint4,joint5,joint6,-0.00031403140746988356,-0.5378037691116333,-0.6396039724349976,0.031717170029878616,-0.05664566531777382,-0.7693769335746765,0.0,0.0,0.0,0.0,0.0,0.0,0.0,0.0,0.0,0.0,0.0,0.0
1761396967012363389,19883,1761396967011332374,,joint1,joint2,joint3,joint4,joint5,joint6,-0.00031403140746988356,-0.5378037691116333,-0.6396039724349976,0.031717170029878616,-0.05664566531777382,-0.7693769335746765,0.0,0.0,0.0,0.0,0.0,0.0,0.0,0.0,0.0,0.0,0.0,0.0
1761396967031898120,19884,1761396967031376956,,joint1,joint2,joint3,joint4,joint5,joint6,-0.00031403140746988356,-0.5378037691116333,-0.6396039724349976,0.031717170029878616,-0.05664566531777382,-0.7543034553527832,0.0,0.0,0.0,0.0,0.0,0.0,0.0,0.0,0.0,0.0,0.0,0.0
1761396967052084236,19885,1761396967051343330,,joint1,joint2,joint3,joint4,joint5,joint6,-0.00031403140746988356,-0.5378037691116333,-0.6396039724349976,0.031717170029878616,-0.05664566531777382,-0.7543034553527832,0.0,0.0,0.0,0.0,0.0,0.0,0.0,0.0,0.0,0.0,0.0,0.0
1761396967072108860,19886,1761396967071340572,,joint1,joint2,joint3,joint4,joint5,joint6,-0.00031403140746988356,-0.5378037691116333,-0.6396039724349976,0.031717170029878616,-0.05664566531777382,-0.7191318869590759,0.0,0.0,0.0,0.0,0.0,0.0,0.0,0.0,0.0,0.0,0.0,0.0
1761396967092284139,19887,1761396967091352912,,joint1,joint2,joint3,joint4,joint5,joint6,-0.00031403140746988356,-0.5378037691116333,-0.6396039724349976,0.031717170029878616,-0.05664566531777382,-0.7191318869590759,0.0,0.0,0.0,0.0,0.0,0.0,0.0,0.0,0.0,0.0,0.0,0.0
1761396967111927123,19888,1761396967111380964,,joint1,joint2,joint3,joint4,joint5,joint6,-0.00031403140746988356,-0.5378037691116333,-0.6396039724349976,0.031717170029878616,-0.05664566531777382,-0.6827042698860168,0.0,0.0,0.0,0.0,0.0,0.0,0.0,0.0,0.0,0.0,0.0,0.0
1761396967132132072,19889,1761396967131328090,,joint1,joint2,joint3,joint4,joint5,joint6,-0.00031403140746988356,-0.5378037691116333,-0.6396039724349976,0.031717170029878616,-0.05664566531777382,-0.6827042698860168,0.0,0.0,0.0,0.0,0.0,0.0,0.0,0.0,0.0,0.0,0.0,0.0
1761396967152360768,19890,1761396967151371900,,joint1,joint2,joint3,joint4,joint5,joint6,-0.00031403140746988356,-0.5378037691116333,-0.6396039724349976,0.031717170029878616,-0.05664566531777382,-0.6450204849243164,0.0,0.0,0.0,0.0,0.0,0.0,0.0,0.0,0.0,0.0,0.0,0.0
1761396967172200699,19891,1761396967171378411,,joint1,joint2,joint3,joint4,joint5,joint6,-0.00031403140746988356,-0.5378037691116333,-0.6396039724349976,0.031717170029878616,-0.05664566531777382,-0.6274347305297852,0.0,0.0,0.0,0.0,0.0,0.0,0.0,0.0,0.0,0.0,0.0,0.0
1761396967192055496,19892,1761396967191320628,,joint1,joint2,joint3,joint4,joint5,joint6,-0.00031403140746988356,-0.5378037691116333,-0.6396039724349976,0.031717170029878616,-0.05664566531777382,-0.6274347305297852,0.0,0.0,0.0,0.0,0.0,0.0,0.0,0.0,0.0,0.0,0.0,0.0
1761396967212088063,19893,1761396967211380381,,joint1,joint2,joint3,joint4,joint5,joint6,-0.00031403140746988356,-0.5378037691116333,-0.6396039724349976,0.031717170029878616,-0.05664566531777382,-0.585982620716095,0.0,0.0,0.0,0.0,0.0,0.0,0.0,0.0,0.0,0.0,0.0,0.0
1761396967232460369,19894,1761396967231400029,,joint1,joint2,joint3,joint4,joint5,joint6,-0.00031403140746988356,-0.5378037691116333,-0.6396039724349976,0.031717170029878616,-0.05664566531777382,-0.585982620716095,0.0,0.0,0.0,0.0,0.0,0.0,0.0,0.0,0.0,0.0,0.0,0.0
1761396967251925098,19895,1761396967251371216,,joint1,joint2,joint3,joint4,joint5,joint6,-0.00031403140746988356,-0.5378037691116333,-0.6396039724349976,0.031717170029878616,-0.05664566531777382,-0.54453045129776,0.0,0.0,0.0,0.0,0.0,0.0,0.0,0.0,0.0,0.0,0.0,0.0
1761396967272053836,19896,1761396967271381217,,joint1,joint2,joint3,joint4,joint5,joint6,-0.00031403140746988356,-0.5378037691116333,-0.6396039724349976,0.031717170029878616,-0.05664566531777382,-0.54453045129776,0.0,0.0,0.0,0.0,0.0,0.0,0.0,0.0,0.0,0.0,0.0,0.0
1761396967291947708,19897,1761396967291384835,,joint1,joint2,joint3,joint4,joint5,joint6,-0.00031403140746988356,-0.5378037691116333,-0.6396039724349976,0.031717170029878616,-0.05664566531777382,-0.4993099272251129,0.0,0.0,0.0,0.0,0.0,0.0,0.0,0.0,0.0,0.0,0.0,0.0
1761396967312390054,19898,1761396967311377961,,joint1,joint2,joint3,joint4,joint5,joint6,-0.00031403140746988356,-0.5378037691116333,-0.6396039724349976,0.031717170029878616,-0.05664566531777382,-0.4993099272251129,0.0,0.0,0.0,0.0,0.0,0.0,0.0,0.0,0.0,0.0,0.0,0.0
1761396967331914504,19899,1761396967331385020,,joint1,joint2,joint3,joint4,joint5,joint6,-0.00031403140746988356,-0.5378037691116333,-0.6396039724349976,0.031717170029878616,-0.05664566531777382,-0.4540894031524658,0.0,0.0,0.0,0.0,0.0,0.0,0.0,0.0,0.0,0.0,0.0,0.0
1761396967352069582,19900,1761396967351331308,,joint1,joint2,joint3,joint4,joint5,joint6,-0.00031403140746988356,-0.5378037691116333,-0.6396039724349976,0.031717170029878616,-0.05664566531777382,-0.4302230179309845,0.0,0.0,0.0,0.0,0.0,0.0,0.0,0.0,0.0,0.0,0.0,0.0
1761396967371890795,19901,1761396967371382073,,joint1,joint2,joint3,joint4,joint5,joint6,-0.00031403140746988356,-0.5378037691116333,-0.6396039724349976,0.031717170029878616,-0.05664566531777382,-0.4302230179309845,0.0,0.0,0.0,0.0,0.0,0.0,0.0,0.0,0.0,0.0,0.0,0.0
1761396967392045413,19902,1761396967391332355,,joint1,joint2,joint3,joint4,joint5,joint6,-0.00031403140746988356,-0.5378037691116333,-0.6396039724349976,0.031717170029878616,-0.05664566531777382,-0.3812341094017029,0.0,0.0,0.0,0.0,0.0,0.0,0.0,0.0,0.0,0.0,0.0,0.0
1761396967411898341,19903,1761396967411383349,,joint1,joint2,joint3,joint4,joint5,joint6,-0.00031403140746988356,-0.5378037691116333,-0.6396039724349976,0.031717170029878616,-0.05664566531777382,-0.3812341094017029,0.0,0.0,0.0,0.0,0.0,0.0,0.0,0.0,0.0,0.0,0.0,0.0
1761396967432645021,19904,1761396967431379705,,joint1,joint2,joint3,joint4,joint5,joint6,-0.00031403140746988356,-0.5378037691116333,-0.6396039724349976,0.031717170029878616,-0.05664566531777382,-0.3297329843044281,0.0,0.0,0.0,0.0,0.0,0.0,0.0,0.0,0.0,0.0,0.0,0.0
1761396967451923731,19905,1761396967451358025,,joint1,joint2,joint3,joint4,joint5,joint6,-0.00031403140746988356,-0.5378037691116333,-0.6396039724349976,0.031717170029878616,-0.05664566531777382,-0.3297329843044281,0.0,0.0,0.0,0.0,0.0,0.0,0.0,0.0,0.0,0.0,0.0,0.0
1761396967472176289,19906,1761396967471378336,,joint1,joint2,joint3,joint4,joint5,joint6,-0.00031403140746988356,-0.5378037691116333,-0.6396039724349976,0.031717170029878616,-0.05664566531777382,-0.27823182940483093,0.0,0.0,0.0,0.0,0.0,0.0,0.0,0.0,0.0,0.0,0.0,0.0
1761396967491932656,19907,1761396967491384009,,joint1,joint2,joint3,joint4,joint5,joint6,-0.00031403140746988356,-0.5378037691116333,-0.6396039724349976,0.031717170029878616,-0.05664566531777382,-0.2493409365415573,0.0,0.0,0.0,0.0,0.0,0.0,0.0,0.0,0.0,0.0,0.0,0.0
1761396967512253417,19908,1761396967511379448,,joint1,joint2,joint3,joint4,joint5,joint6,-0.00031403140746988356,-0.5378037691116333,-0.6396039724349976,0.031717170029878616,-0.05664566531777382,-0.2493409365415573,0.0,0.0,0.0,0.0,0.0,0.0,0.0,0.0,0.0,0.0,0.0,0.0
1761396967532714668,19909,1761396967532060544,,joint1,joint2,joint3,joint4,joint5,joint6,-0.00031403140746988356,-0.5378037691116333,-0.6396039724349976,0.031717170029878616,-0.05664566531777382,-0.19281528890132904,0.0,0.0,0.0,0.0,0.0,0.0,0.0,0.0,0.0,0.0,0.0,0.0
1761396967552139599,19910,1761396967551339510,,joint1,joint2,joint3,joint4,joint5,joint6,-0.00031403140746988356,-0.5378037691116333,-0.6396039724349976,0.031717170029878616,-0.05664566531777382,-0.19281528890132904,0.0,0.0,0.0,0.0,0.0,0.0,0.0,0.0,0.0,0.0,0.0,0.0
1761396967572109312,19911,1761396967571377865,,joint1,joint2,joint3,joint4,joint5,joint6,-0.00031403140746988356,-0.5378037691116333,-0.6396039724349976,0.031717170029878616,-0.05664566531777382,-0.1350335031747818,0.0,0.0,0.0,0.0,0.0,0.0,0.0,0.0,0.0,0.0,0.0,0.0
1761396967591902667,19912,1761396967591380766,,joint1,joint2,joint3,joint4,joint5,joint6,-0.00031403140746988356,-0.5378037691116333,-0.6396039724349976,0.031717170029878616,-0.05664566531777382,-0.1350335031747818,0.0,0.0,0.0,0.0,0.0,0.0,0.0,0.0,0.0,0.0,0.0,0.0
1761396967612209871,19913,1761396967611380371,,joint1,joint2,joint3,joint4,joint5,joint6,-0.00031403140746988356,-0.5378037691116333,-0.6396039724349976,0.031717170029878616,-0.05664566531777382,-0.074739471077919,0.0,0.0,0.0,0.0,0.0,0.0,0.0,0.0,0.0,0.0,0.0,0.0
1761396967632156410,19914,1761396967631333369,,joint1,joint2,joint3,joint4,joint5,joint6,-0.00031403140746988356,-0.5378037691116333,-0.6396039724349976,0.031717170029878616,-0.05664566531777382,-0.074739471077919,0.0,0.0,0.0,0.0,0.0,0.0,0.0,0.0,0.0,0.0,0.0,0.0
1761396967652013453,19915,1761396967651322668,,joint1,joint2,joint3,joint4,joint5,joint6,-0.00031403140746988356,-0.5378037691116333,-0.6396039724349976,0.031717170029878616,-0.05664566531777382,-0.043336331844329834,0.0,0.0,0.0,0.0,0.0,0.0,0.0,0.0,0.0,0.0,0.0,0.0
1761396967672089850,19916,1761396967671390669,,joint1,joint2,joint3,joint4,joint5,joint6,-0.00031403140746988356,-0.5378037691116333,-0.6396039724349976,0.031717170029878616,-0.05664566531777382,0.01946994662284851,0.0,0.0,0.0,0.0,0.0,0.0,0.0,0.0,0.0,0.0,0.0,0.0
1761396967692130592,19917,1761396967691371421,,joint1,joint2,joint3,joint4,joint5,joint6,-0.00031403140746988356,-0.5378037691116333,-0.6396039724349976,0.031717170029878616,-0.05664566531777382,0.01946994662284851,0.0,0.0,0.0,0.0,0.0,0.0,0.0,0.0,0.0,0.0,0.0,0.0
